ISO-10303-21;
HEADER;
/* Generated by software containing ST-Developer
 * from STEP Tools, Inc. (www.steptools.com) 
 */

FILE_DESCRIPTION(
/* description */ ('STEP AP214'),
/* implementation_level */ '2;1');

FILE_NAME(
/* name */ 'headcore.step',
/* time_stamp */ '2025-06-03T14:30:22+02:00',
/* author */ (''),
/* organization */ (''),
/* preprocessor_version */ 'ST-DEVELOPER v20.1',
/* originating_system */ 'Autodesk Translation Framework v14.10.0.0',
/* authorisation */ '');

FILE_SCHEMA (('AUTOMOTIVE_DESIGN { 1 0 10303 214 3 1 1 }'));
ENDSEC;

DATA;
#10=MECHANICAL_DESIGN_GEOMETRIC_PRESENTATION_REPRESENTATION('',(#13),#2135);
#11=SHAPE_REPRESENTATION_RELATIONSHIP('SRR','None',#2142,#12);
#12=ADVANCED_BREP_SHAPE_REPRESENTATION('',(#14),#2134);
#13=STYLED_ITEM('',(#2152),#14);
#14=MANIFOLD_SOLID_BREP('Body1',#1259);
#15=FACE_BOUND('',#176,.T.);
#16=FACE_BOUND('',#177,.T.);
#17=FACE_BOUND('',#178,.T.);
#18=FACE_BOUND('',#204,.T.);
#19=FACE_BOUND('',#207,.T.);
#20=FACE_BOUND('',#209,.T.);
#21=FACE_BOUND('',#220,.T.);
#22=FACE_BOUND('',#222,.T.);
#23=FACE_BOUND('',#225,.T.);
#24=FACE_BOUND('',#227,.T.);
#25=FACE_BOUND('',#234,.T.);
#26=FACE_BOUND('',#237,.T.);
#27=ELLIPSE('',#1315,10.0631062563759,9.99999999999955);
#28=ELLIPSE('',#1316,10.0199923938395,10.0000000000014);
#29=ELLIPSE('',#1317,10.0199923938392,10.0000000000013);
#30=ELLIPSE('',#1318,10.0631062563773,10.0000000000009);
#31=ELLIPSE('',#1320,24.6710630403764,24.277758108053);
#32=ELLIPSE('',#1330,24.6710630403739,24.277758108052);
#33=PLANE('',#1302);
#34=PLANE('',#1303);
#35=PLANE('',#1304);
#36=PLANE('',#1308);
#37=PLANE('',#1312);
#38=PLANE('',#1313);
#39=PLANE('',#1314);
#40=PLANE('',#1319);
#41=PLANE('',#1321);
#42=PLANE('',#1322);
#43=PLANE('',#1327);
#44=PLANE('',#1328);
#45=PLANE('',#1329);
#46=PLANE('',#1331);
#47=PLANE('',#1332);
#48=PLANE('',#1340);
#49=PLANE('',#1345);
#50=PLANE('',#1350);
#51=PLANE('',#1353);
#52=PLANE('',#1354);
#53=PLANE('',#1355);
#54=PLANE('',#1356);
#55=PLANE('',#1357);
#56=PLANE('',#1358);
#57=PLANE('',#1359);
#58=PLANE('',#1360);
#59=PLANE('',#1361);
#60=PLANE('',#1362);
#61=PLANE('',#1363);
#62=PLANE('',#1364);
#63=PLANE('',#1365);
#64=PLANE('',#1366);
#65=PLANE('',#1367);
#66=PLANE('',#1368);
#67=PLANE('',#1369);
#68=PLANE('',#1370);
#69=PLANE('',#1371);
#70=PLANE('',#1372);
#71=PLANE('',#1373);
#72=PLANE('',#1374);
#73=PLANE('',#1375);
#74=PLANE('',#1376);
#75=PLANE('',#1377);
#76=PLANE('',#1378);
#77=PLANE('',#1379);
#78=PLANE('',#1380);
#79=CONICAL_SURFACE('',#1289,9.99999999999998,0.139626340159546);
#80=CONICAL_SURFACE('',#1295,9.99999999999998,0.139626340159546);
#81=CONICAL_SURFACE('',#1337,10.,0.139626340159546);
#82=CONICAL_SURFACE('',#1348,10.,0.139626340159546);
#83=(
BOUNDED_SURFACE()
B_SPLINE_SURFACE(2,2,((#1756,#1757,#1758,#1759,#1760),(#1761,#1762,#1763,
#1764,#1765),(#1766,#1767,#1768,#1769,#1770)),.UNSPECIFIED.,.F.,.F.,.F.)
B_SPLINE_SURFACE_WITH_KNOTS((3,3),(3,2,3),(-1.5707963267949,-0.139626340159547),
(-0.897448301375486,1.11022302462516E-16,0.897448301375486),
 .UNSPECIFIED.)
GEOMETRIC_REPRESENTATION_ITEM()
RATIONAL_B_SPLINE_SURFACE(((1.,0.901001319809715,1.,0.901001319809715,1.),
(0.754709580222779,0.67999432785376,0.754709580222779,0.67999432785376,
0.754709580222779),(1.,0.901001319809715,1.,0.901001319809715,1.)))
REPRESENTATION_ITEM('')
SURFACE()
);
#84=(
BOUNDED_SURFACE()
B_SPLINE_SURFACE(2,2,((#1785,#1786,#1787,#1788,#1789),(#1790,#1791,#1792,
#1793,#1794),(#1795,#1796,#1797,#1798,#1799)),.UNSPECIFIED.,.F.,.F.,.F.)
B_SPLINE_SURFACE_WITH_KNOTS((3,3),(3,2,3),(-1.5707963267949,-0.139626340159546),
(-0.897448301375486,0.,0.897448301375486),.UNSPECIFIED.)
GEOMETRIC_REPRESENTATION_ITEM()
RATIONAL_B_SPLINE_SURFACE(((1.,0.901001319809715,1.,0.901001319809715,1.),
(0.754709580222772,0.679994327853754,0.754709580222772,0.679994327853754,
0.754709580222772),(1.,0.901001319809715,1.,0.901001319809715,1.)))
REPRESENTATION_ITEM('')
SURFACE()
);
#85=(
BOUNDED_SURFACE()
B_SPLINE_SURFACE(2,2,((#2013,#2014,#2015),(#2016,#2017,#2018),(#2019,#2020,
#2021)),.UNSPECIFIED.,.F.,.F.,.F.)
B_SPLINE_SURFACE_WITH_KNOTS((3,3),(3,3),(-1.5707963267949,-0.139626340159547),
(0.112050137978028,1.40987696976103),.UNSPECIFIED.)
GEOMETRIC_REPRESENTATION_ITEM()
RATIONAL_B_SPLINE_SURFACE(((1.,0.796740914396708,1.),(0.754709580222775,
0.601308001050649,0.754709580222775),(1.,0.796740914396708,1.)))
REPRESENTATION_ITEM('')
SURFACE()
);
#86=(
BOUNDED_SURFACE()
B_SPLINE_SURFACE(2,2,((#2040,#2041,#2042),(#2043,#2044,#2045),(#2046,#2047,
#2048)),.UNSPECIFIED.,.F.,.F.,.F.)
B_SPLINE_SURFACE_WITH_KNOTS((3,3),(3,3),(-1.5707963267949,-0.139626340159546),
(-1.40987696976103,-0.112050137978028),.UNSPECIFIED.)
GEOMETRIC_REPRESENTATION_ITEM()
RATIONAL_B_SPLINE_SURFACE(((1.,0.796740914396709,1.),(0.75470958022277,
0.601308001050646,0.75470958022277),(1.,0.796740914396709,1.)))
REPRESENTATION_ITEM('')
SURFACE()
);
#87=FACE_OUTER_BOUND('',#157,.T.);
#88=FACE_OUTER_BOUND('',#158,.T.);
#89=FACE_OUTER_BOUND('',#159,.T.);
#90=FACE_OUTER_BOUND('',#160,.T.);
#91=FACE_OUTER_BOUND('',#161,.T.);
#92=FACE_OUTER_BOUND('',#162,.T.);
#93=FACE_OUTER_BOUND('',#163,.T.);
#94=FACE_OUTER_BOUND('',#164,.T.);
#95=FACE_OUTER_BOUND('',#165,.T.);
#96=FACE_OUTER_BOUND('',#166,.T.);
#97=FACE_OUTER_BOUND('',#167,.T.);
#98=FACE_OUTER_BOUND('',#168,.T.);
#99=FACE_OUTER_BOUND('',#169,.T.);
#100=FACE_OUTER_BOUND('',#170,.T.);
#101=FACE_OUTER_BOUND('',#171,.T.);
#102=FACE_OUTER_BOUND('',#172,.T.);
#103=FACE_OUTER_BOUND('',#173,.T.);
#104=FACE_OUTER_BOUND('',#174,.T.);
#105=FACE_OUTER_BOUND('',#175,.T.);
#106=FACE_OUTER_BOUND('',#179,.T.);
#107=FACE_OUTER_BOUND('',#180,.T.);
#108=FACE_OUTER_BOUND('',#181,.T.);
#109=FACE_OUTER_BOUND('',#182,.T.);
#110=FACE_OUTER_BOUND('',#183,.T.);
#111=FACE_OUTER_BOUND('',#184,.T.);
#112=FACE_OUTER_BOUND('',#185,.T.);
#113=FACE_OUTER_BOUND('',#186,.T.);
#114=FACE_OUTER_BOUND('',#187,.T.);
#115=FACE_OUTER_BOUND('',#188,.T.);
#116=FACE_OUTER_BOUND('',#189,.T.);
#117=FACE_OUTER_BOUND('',#190,.T.);
#118=FACE_OUTER_BOUND('',#191,.T.);
#119=FACE_OUTER_BOUND('',#192,.T.);
#120=FACE_OUTER_BOUND('',#193,.T.);
#121=FACE_OUTER_BOUND('',#194,.T.);
#122=FACE_OUTER_BOUND('',#195,.T.);
#123=FACE_OUTER_BOUND('',#196,.T.);
#124=FACE_OUTER_BOUND('',#197,.T.);
#125=FACE_OUTER_BOUND('',#198,.T.);
#126=FACE_OUTER_BOUND('',#199,.T.);
#127=FACE_OUTER_BOUND('',#200,.T.);
#128=FACE_OUTER_BOUND('',#201,.T.);
#129=FACE_OUTER_BOUND('',#202,.T.);
#130=FACE_OUTER_BOUND('',#203,.T.);
#131=FACE_OUTER_BOUND('',#205,.T.);
#132=FACE_OUTER_BOUND('',#206,.T.);
#133=FACE_OUTER_BOUND('',#208,.T.);
#134=FACE_OUTER_BOUND('',#210,.T.);
#135=FACE_OUTER_BOUND('',#211,.T.);
#136=FACE_OUTER_BOUND('',#212,.T.);
#137=FACE_OUTER_BOUND('',#213,.T.);
#138=FACE_OUTER_BOUND('',#214,.T.);
#139=FACE_OUTER_BOUND('',#215,.T.);
#140=FACE_OUTER_BOUND('',#216,.T.);
#141=FACE_OUTER_BOUND('',#217,.T.);
#142=FACE_OUTER_BOUND('',#218,.T.);
#143=FACE_OUTER_BOUND('',#219,.T.);
#144=FACE_OUTER_BOUND('',#221,.T.);
#145=FACE_OUTER_BOUND('',#223,.T.);
#146=FACE_OUTER_BOUND('',#224,.T.);
#147=FACE_OUTER_BOUND('',#226,.T.);
#148=FACE_OUTER_BOUND('',#228,.T.);
#149=FACE_OUTER_BOUND('',#229,.T.);
#150=FACE_OUTER_BOUND('',#230,.T.);
#151=FACE_OUTER_BOUND('',#231,.T.);
#152=FACE_OUTER_BOUND('',#232,.T.);
#153=FACE_OUTER_BOUND('',#233,.T.);
#154=FACE_OUTER_BOUND('',#235,.T.);
#155=FACE_OUTER_BOUND('',#236,.T.);
#156=FACE_OUTER_BOUND('',#238,.T.);
#157=EDGE_LOOP('',(#825,#826,#827,#828));
#158=EDGE_LOOP('',(#829,#830,#831,#832));
#159=EDGE_LOOP('',(#833,#834,#835,#836));
#160=EDGE_LOOP('',(#837,#838,#839,#840));
#161=EDGE_LOOP('',(#841,#842,#843,#844));
#162=EDGE_LOOP('',(#845,#846,#847,#848));
#163=EDGE_LOOP('',(#849,#850,#851,#852));
#164=EDGE_LOOP('',(#853,#854,#855,#856));
#165=EDGE_LOOP('',(#857,#858,#859,#860));
#166=EDGE_LOOP('',(#861,#862,#863,#864));
#167=EDGE_LOOP('',(#865,#866,#867,#868));
#168=EDGE_LOOP('',(#869,#870,#871,#872,#873,#874));
#169=EDGE_LOOP('',(#875,#876,#877,#878,#879,#880));
#170=EDGE_LOOP('',(#881,#882,#883,#884));
#171=EDGE_LOOP('',(#885,#886,#887,#888,#889,#890));
#172=EDGE_LOOP('',(#891,#892,#893,#894));
#173=EDGE_LOOP('',(#895,#896,#897,#898,#899,#900));
#174=EDGE_LOOP('',(#901,#902,#903,#904));
#175=EDGE_LOOP('',(#905,#906,#907,#908,#909,#910,#911,#912,#913,#914,#915,
#916,#917,#918,#919,#920,#921,#922,#923,#924,#925));
#176=EDGE_LOOP('',(#926,#927,#928,#929));
#177=EDGE_LOOP('',(#930,#931,#932,#933));
#178=EDGE_LOOP('',(#934,#935,#936,#937));
#179=EDGE_LOOP('',(#938,#939,#940,#941,#942,#943,#944));
#180=EDGE_LOOP('',(#945,#946,#947,#948));
#181=EDGE_LOOP('',(#949,#950,#951,#952,#953,#954,#955,#956,#957,#958));
#182=EDGE_LOOP('',(#959,#960,#961,#962));
#183=EDGE_LOOP('',(#963,#964,#965,#966));
#184=EDGE_LOOP('',(#967,#968,#969,#970,#971,#972));
#185=EDGE_LOOP('',(#973,#974,#975,#976,#977,#978));
#186=EDGE_LOOP('',(#979,#980,#981,#982,#983,#984,#985));
#187=EDGE_LOOP('',(#986,#987,#988,#989));
#188=EDGE_LOOP('',(#990,#991,#992,#993,#994,#995,#996,#997,#998,#999));
#189=EDGE_LOOP('',(#1000,#1001,#1002,#1003));
#190=EDGE_LOOP('',(#1004,#1005,#1006,#1007));
#191=EDGE_LOOP('',(#1008,#1009,#1010,#1011));
#192=EDGE_LOOP('',(#1012,#1013,#1014,#1015));
#193=EDGE_LOOP('',(#1016,#1017,#1018,#1019));
#194=EDGE_LOOP('',(#1020,#1021,#1022,#1023));
#195=EDGE_LOOP('',(#1024,#1025,#1026,#1027));
#196=EDGE_LOOP('',(#1028,#1029,#1030,#1031,#1032));
#197=EDGE_LOOP('',(#1033,#1034,#1035,#1036));
#198=EDGE_LOOP('',(#1037,#1038,#1039,#1040));
#199=EDGE_LOOP('',(#1041,#1042,#1043,#1044));
#200=EDGE_LOOP('',(#1045,#1046,#1047,#1048));
#201=EDGE_LOOP('',(#1049,#1050,#1051,#1052));
#202=EDGE_LOOP('',(#1053,#1054,#1055,#1056));
#203=EDGE_LOOP('',(#1057,#1058,#1059,#1060,#1061,#1062));
#204=EDGE_LOOP('',(#1063));
#205=EDGE_LOOP('',(#1064,#1065,#1066,#1067));
#206=EDGE_LOOP('',(#1068,#1069,#1070,#1071,#1072));
#207=EDGE_LOOP('',(#1073));
#208=EDGE_LOOP('',(#1074,#1075,#1076,#1077,#1078));
#209=EDGE_LOOP('',(#1079));
#210=EDGE_LOOP('',(#1080,#1081,#1082,#1083));
#211=EDGE_LOOP('',(#1084,#1085,#1086,#1087));
#212=EDGE_LOOP('',(#1088,#1089,#1090,#1091));
#213=EDGE_LOOP('',(#1092,#1093,#1094,#1095));
#214=EDGE_LOOP('',(#1096));
#215=EDGE_LOOP('',(#1097,#1098,#1099,#1100));
#216=EDGE_LOOP('',(#1101,#1102,#1103,#1104));
#217=EDGE_LOOP('',(#1105,#1106,#1107,#1108));
#218=EDGE_LOOP('',(#1109,#1110,#1111,#1112));
#219=EDGE_LOOP('',(#1113,#1114,#1115,#1116,#1117));
#220=EDGE_LOOP('',(#1118));
#221=EDGE_LOOP('',(#1119,#1120,#1121,#1122,#1123));
#222=EDGE_LOOP('',(#1124));
#223=EDGE_LOOP('',(#1125));
#224=EDGE_LOOP('',(#1126,#1127,#1128,#1129,#1130));
#225=EDGE_LOOP('',(#1131));
#226=EDGE_LOOP('',(#1132,#1133,#1134,#1135,#1136));
#227=EDGE_LOOP('',(#1137));
#228=EDGE_LOOP('',(#1138,#1139,#1140,#1141));
#229=EDGE_LOOP('',(#1142,#1143,#1144,#1145));
#230=EDGE_LOOP('',(#1146,#1147,#1148,#1149));
#231=EDGE_LOOP('',(#1150,#1151,#1152,#1153));
#232=EDGE_LOOP('',(#1154));
#233=EDGE_LOOP('',(#1155,#1156,#1157,#1158));
#234=EDGE_LOOP('',(#1159));
#235=EDGE_LOOP('',(#1160,#1161,#1162,#1163));
#236=EDGE_LOOP('',(#1164,#1165,#1166,#1167));
#237=EDGE_LOOP('',(#1168));
#238=EDGE_LOOP('',(#1169,#1170,#1171,#1172));
#239=LINE('',#1736,#371);
#240=LINE('',#1742,#372);
#241=LINE('',#1748,#373);
#242=LINE('',#1754,#374);
#243=LINE('',#1781,#375);
#244=LINE('',#1784,#376);
#245=LINE('',#1809,#377);
#246=LINE('',#1810,#378);
#247=LINE('',#1815,#379);
#248=LINE('',#1821,#380);
#249=LINE('',#1826,#381);
#250=LINE('',#1828,#382);
#251=LINE('',#1830,#383);
#252=LINE('',#1831,#384);
#253=LINE('',#1834,#385);
#254=LINE('',#1836,#386);
#255=LINE('',#1838,#387);
#256=LINE('',#1840,#388);
#257=LINE('',#1841,#389);
#258=LINE('',#1844,#390);
#259=LINE('',#1846,#391);
#260=LINE('',#1848,#392);
#261=LINE('',#1850,#393);
#262=LINE('',#1851,#394);
#263=LINE('',#1858,#395);
#264=LINE('',#1860,#396);
#265=LINE('',#1862,#397);
#266=LINE('',#1864,#398);
#267=LINE('',#1866,#399);
#268=LINE('',#1867,#400);
#269=LINE('',#1871,#401);
#270=LINE('',#1877,#402);
#271=LINE('',#1878,#403);
#272=LINE('',#1880,#404);
#273=LINE('',#1882,#405);
#274=LINE('',#1883,#406);
#275=LINE('',#1885,#407);
#276=LINE('',#1886,#408);
#277=LINE('',#1890,#409);
#278=LINE('',#1892,#410);
#279=LINE('',#1894,#411);
#280=LINE('',#1897,#412);
#281=LINE('',#1899,#413);
#282=LINE('',#1903,#414);
#283=LINE('',#1905,#415);
#284=LINE('',#1908,#416);
#285=LINE('',#1910,#417);
#286=LINE('',#1914,#418);
#287=LINE('',#1915,#419);
#288=LINE('',#1918,#420);
#289=LINE('',#1920,#421);
#290=LINE('',#1922,#422);
#291=LINE('',#1923,#423);
#292=LINE('',#1926,#424);
#293=LINE('',#1928,#425);
#294=LINE('',#1930,#426);
#295=LINE('',#1931,#427);
#296=LINE('',#1934,#428);
#297=LINE('',#1936,#429);
#298=LINE('',#1938,#430);
#299=LINE('',#1939,#431);
#300=LINE('',#1942,#432);
#301=LINE('',#1944,#433);
#302=LINE('',#1946,#434);
#303=LINE('',#1948,#435);
#304=LINE('',#1950,#436);
#305=LINE('',#1953,#437);
#306=LINE('',#1954,#438);
#307=LINE('',#1956,#439);
#308=LINE('',#1958,#440);
#309=LINE('',#1961,#441);
#310=LINE('',#1967,#442);
#311=LINE('',#1969,#443);
#312=LINE('',#1971,#444);
#313=LINE('',#1972,#445);
#314=LINE('',#1976,#446);
#315=LINE('',#1978,#447);
#316=LINE('',#1980,#448);
#317=LINE('',#1981,#449);
#318=LINE('',#1982,#450);
#319=LINE('',#1985,#451);
#320=LINE('',#1988,#452);
#321=LINE('',#1989,#453);
#322=LINE('',#1991,#454);
#323=LINE('',#1994,#455);
#324=LINE('',#1997,#456);
#325=LINE('',#1998,#457);
#326=LINE('',#2006,#458);
#327=LINE('',#2009,#459);
#328=LINE('',#2010,#460);
#329=LINE('',#2024,#461);
#330=LINE('',#2028,#462);
#331=LINE('',#2029,#463);
#332=LINE('',#2034,#464);
#333=LINE('',#2037,#465);
#334=LINE('',#2050,#466);
#335=LINE('',#2051,#467);
#336=LINE('',#2056,#468);
#337=LINE('',#2058,#469);
#338=LINE('',#2060,#470);
#339=LINE('',#2061,#471);
#340=LINE('',#2064,#472);
#341=LINE('',#2066,#473);
#342=LINE('',#2068,#474);
#343=LINE('',#2069,#475);
#344=LINE('',#2071,#476);
#345=LINE('',#2073,#477);
#346=LINE('',#2075,#478);
#347=LINE('',#2080,#479);
#348=LINE('',#2082,#480);
#349=LINE('',#2083,#481);
#350=LINE('',#2086,#482);
#351=LINE('',#2088,#483);
#352=LINE('',#2089,#484);
#353=LINE('',#2092,#485);
#354=LINE('',#2094,#486);
#355=LINE('',#2095,#487);
#356=LINE('',#2097,#488);
#357=LINE('',#2098,#489);
#358=LINE('',#2104,#490);
#359=LINE('',#2106,#491);
#360=LINE('',#2108,#492);
#361=LINE('',#2109,#493);
#362=LINE('',#2112,#494);
#363=LINE('',#2114,#495);
#364=LINE('',#2116,#496);
#365=LINE('',#2117,#497);
#366=LINE('',#2119,#498);
#367=LINE('',#2120,#499);
#368=LINE('',#2122,#500);
#369=LINE('',#2127,#501);
#370=LINE('',#2130,#502);
#371=VECTOR('',#1387,2.05000000000001);
#372=VECTOR('',#1394,2.05000000000001);
#373=VECTOR('',#1401,2.05);
#374=VECTOR('',#1408,2.05);
#375=VECTOR('',#1421,1000.);
#376=VECTOR('',#1424,1000.);
#377=VECTOR('',#1435,1000.);
#378=VECTOR('',#1436,1000.);
#379=VECTOR('',#1441,2.05000000000001);
#380=VECTOR('',#1448,2.05000000000001);
#381=VECTOR('',#1453,1000.);
#382=VECTOR('',#1454,1000.);
#383=VECTOR('',#1455,1000.);
#384=VECTOR('',#1456,1000.);
#385=VECTOR('',#1459,1000.);
#386=VECTOR('',#1460,1000.);
#387=VECTOR('',#1461,1000.);
#388=VECTOR('',#1462,1000.);
#389=VECTOR('',#1463,1000.);
#390=VECTOR('',#1466,1000.);
#391=VECTOR('',#1467,1000.);
#392=VECTOR('',#1468,1000.);
#393=VECTOR('',#1469,1000.);
#394=VECTOR('',#1470,1000.);
#395=VECTOR('',#1479,1000.);
#396=VECTOR('',#1480,1000.);
#397=VECTOR('',#1481,1000.);
#398=VECTOR('',#1482,1000.);
#399=VECTOR('',#1483,1000.);
#400=VECTOR('',#1484,1000.);
#401=VECTOR('',#1487,1000.);
#402=VECTOR('',#1494,1000.);
#403=VECTOR('',#1495,1000.);
#404=VECTOR('',#1496,1000.);
#405=VECTOR('',#1497,1000.);
#406=VECTOR('',#1498,1000.);
#407=VECTOR('',#1501,1000.);
#408=VECTOR('',#1502,1000.);
#409=VECTOR('',#1505,1000.);
#410=VECTOR('',#1506,1000.);
#411=VECTOR('',#1507,1000.);
#412=VECTOR('',#1510,1000.);
#413=VECTOR('',#1511,1000.);
#414=VECTOR('',#1514,1000.);
#415=VECTOR('',#1515,1000.);
#416=VECTOR('',#1518,1000.);
#417=VECTOR('',#1519,1000.);
#418=VECTOR('',#1522,1000.);
#419=VECTOR('',#1523,1000.);
#420=VECTOR('',#1524,1000.);
#421=VECTOR('',#1525,1000.);
#422=VECTOR('',#1526,1000.);
#423=VECTOR('',#1527,1000.);
#424=VECTOR('',#1528,1000.);
#425=VECTOR('',#1529,1000.);
#426=VECTOR('',#1530,1000.);
#427=VECTOR('',#1531,1000.);
#428=VECTOR('',#1532,1000.);
#429=VECTOR('',#1533,1000.);
#430=VECTOR('',#1534,1000.);
#431=VECTOR('',#1535,1000.);
#432=VECTOR('',#1538,1000.);
#433=VECTOR('',#1539,1000.);
#434=VECTOR('',#1540,1000.);
#435=VECTOR('',#1541,1000.);
#436=VECTOR('',#1542,1000.);
#437=VECTOR('',#1547,1000.);
#438=VECTOR('',#1548,1000.);
#439=VECTOR('',#1551,1000.);
#440=VECTOR('',#1552,1000.);
#441=VECTOR('',#1555,1000.);
#442=VECTOR('',#1564,1000.);
#443=VECTOR('',#1565,1000.);
#444=VECTOR('',#1566,1000.);
#445=VECTOR('',#1567,1000.);
#446=VECTOR('',#1570,1000.);
#447=VECTOR('',#1571,1000.);
#448=VECTOR('',#1572,1000.);
#449=VECTOR('',#1573,1000.);
#450=VECTOR('',#1574,1000.);
#451=VECTOR('',#1577,1000.);
#452=VECTOR('',#1580,1000.);
#453=VECTOR('',#1581,1000.);
#454=VECTOR('',#1584,1000.);
#455=VECTOR('',#1587,1000.);
#456=VECTOR('',#1590,1000.);
#457=VECTOR('',#1591,1000.);
#458=VECTOR('',#1602,1000.);
#459=VECTOR('',#1607,1000.);
#460=VECTOR('',#1608,1000.);
#461=VECTOR('',#1615,1000.);
#462=VECTOR('',#1620,1000.);
#463=VECTOR('',#1621,1000.);
#464=VECTOR('',#1628,1000.);
#465=VECTOR('',#1633,1000.);
#466=VECTOR('',#1640,1000.);
#467=VECTOR('',#1641,1000.);
#468=VECTOR('',#1648,1000.);
#469=VECTOR('',#1649,1000.);
#470=VECTOR('',#1650,1000.);
#471=VECTOR('',#1651,1000.);
#472=VECTOR('',#1654,1000.);
#473=VECTOR('',#1655,1000.);
#474=VECTOR('',#1656,1000.);
#475=VECTOR('',#1657,1000.);
#476=VECTOR('',#1660,1000.);
#477=VECTOR('',#1663,1000.);
#478=VECTOR('',#1666,1000.);
#479=VECTOR('',#1673,1000.);
#480=VECTOR('',#1674,1000.);
#481=VECTOR('',#1675,1000.);
#482=VECTOR('',#1678,1000.);
#483=VECTOR('',#1679,1000.);
#484=VECTOR('',#1680,1000.);
#485=VECTOR('',#1683,1000.);
#486=VECTOR('',#1684,1000.);
#487=VECTOR('',#1685,1000.);
#488=VECTOR('',#1688,1000.);
#489=VECTOR('',#1689,1000.);
#490=VECTOR('',#1698,1000.);
#491=VECTOR('',#1699,1000.);
#492=VECTOR('',#1700,1000.);
#493=VECTOR('',#1701,1000.);
#494=VECTOR('',#1704,1000.);
#495=VECTOR('',#1705,1000.);
#496=VECTOR('',#1706,1000.);
#497=VECTOR('',#1707,1000.);
#498=VECTOR('',#1710,1000.);
#499=VECTOR('',#1711,1000.);
#500=VECTOR('',#1714,1000.);
#501=VECTOR('',#1723,1000.);
#502=VECTOR('',#1728,1000.);
#503=CIRCLE('',#1274,2.05000000000001);
#504=CIRCLE('',#1275,2.05000000000001);
#505=CIRCLE('',#1277,2.05000000000001);
#506=CIRCLE('',#1278,2.05000000000001);
#507=CIRCLE('',#1280,2.05);
#508=CIRCLE('',#1281,2.05);
#509=CIRCLE('',#1283,2.05);
#510=CIRCLE('',#1284,2.05);
#511=CIRCLE('',#1285,1.30713262183772);
#512=CIRCLE('',#1286,9.99999999999999);
#513=CIRCLE('',#1287,11.2098133092534);
#514=CIRCLE('',#1288,10.);
#515=CIRCLE('',#1290,22.1567822017568);
#516=CIRCLE('',#1291,1.30713262183772);
#517=CIRCLE('',#1292,10.);
#518=CIRCLE('',#1293,11.2098133092534);
#519=CIRCLE('',#1294,9.99999999999999);
#520=CIRCLE('',#1297,2.05000000000002);
#521=CIRCLE('',#1298,2.05000000000001);
#522=CIRCLE('',#1300,2.05000000000002);
#523=CIRCLE('',#1301,2.05000000000001);
#524=CIRCLE('',#1306,10.);
#525=CIRCLE('',#1307,10.);
#526=CIRCLE('',#1310,10.);
#527=CIRCLE('',#1311,10.);
#528=CIRCLE('',#1323,1.30713262183773);
#529=CIRCLE('',#1326,10.);
#530=CIRCLE('',#1333,1.30713262183773);
#531=CIRCLE('',#1336,10.);
#532=CIRCLE('',#1338,11.2098133092534);
#533=CIRCLE('',#1339,22.1567822017569);
#534=CIRCLE('',#1342,10.);
#535=CIRCLE('',#1344,24.2777581080523);
#536=CIRCLE('',#1347,24.2777581080523);
#537=CIRCLE('',#1349,11.2098133092534);
#538=CIRCLE('',#1352,10.);
#539=VERTEX_POINT('',#1733);
#540=VERTEX_POINT('',#1735);
#541=VERTEX_POINT('',#1739);
#542=VERTEX_POINT('',#1741);
#543=VERTEX_POINT('',#1745);
#544=VERTEX_POINT('',#1747);
#545=VERTEX_POINT('',#1751);
#546=VERTEX_POINT('',#1753);
#547=VERTEX_POINT('',#1771);
#548=VERTEX_POINT('',#1772);
#549=VERTEX_POINT('',#1774);
#550=VERTEX_POINT('',#1776);
#551=VERTEX_POINT('',#1780);
#552=VERTEX_POINT('',#1782);
#553=VERTEX_POINT('',#1800);
#554=VERTEX_POINT('',#1801);
#555=VERTEX_POINT('',#1803);
#556=VERTEX_POINT('',#1805);
#557=VERTEX_POINT('',#1812);
#558=VERTEX_POINT('',#1814);
#559=VERTEX_POINT('',#1818);
#560=VERTEX_POINT('',#1820);
#561=VERTEX_POINT('',#1824);
#562=VERTEX_POINT('',#1825);
#563=VERTEX_POINT('',#1827);
#564=VERTEX_POINT('',#1829);
#565=VERTEX_POINT('',#1833);
#566=VERTEX_POINT('',#1835);
#567=VERTEX_POINT('',#1837);
#568=VERTEX_POINT('',#1839);
#569=VERTEX_POINT('',#1843);
#570=VERTEX_POINT('',#1845);
#571=VERTEX_POINT('',#1847);
#572=VERTEX_POINT('',#1849);
#573=VERTEX_POINT('',#1856);
#574=VERTEX_POINT('',#1857);
#575=VERTEX_POINT('',#1859);
#576=VERTEX_POINT('',#1861);
#577=VERTEX_POINT('',#1863);
#578=VERTEX_POINT('',#1865);
#579=VERTEX_POINT('',#1869);
#580=VERTEX_POINT('',#1870);
#581=VERTEX_POINT('',#1875);
#582=VERTEX_POINT('',#1876);
#583=VERTEX_POINT('',#1879);
#584=VERTEX_POINT('',#1881);
#585=VERTEX_POINT('',#1888);
#586=VERTEX_POINT('',#1889);
#587=VERTEX_POINT('',#1891);
#588=VERTEX_POINT('',#1893);
#589=VERTEX_POINT('',#1895);
#590=VERTEX_POINT('',#1898);
#591=VERTEX_POINT('',#1900);
#592=VERTEX_POINT('',#1902);
#593=VERTEX_POINT('',#1904);
#594=VERTEX_POINT('',#1906);
#595=VERTEX_POINT('',#1909);
#596=VERTEX_POINT('',#1911);
#597=VERTEX_POINT('',#1913);
#598=VERTEX_POINT('',#1916);
#599=VERTEX_POINT('',#1917);
#600=VERTEX_POINT('',#1919);
#601=VERTEX_POINT('',#1921);
#602=VERTEX_POINT('',#1924);
#603=VERTEX_POINT('',#1925);
#604=VERTEX_POINT('',#1927);
#605=VERTEX_POINT('',#1929);
#606=VERTEX_POINT('',#1932);
#607=VERTEX_POINT('',#1933);
#608=VERTEX_POINT('',#1935);
#609=VERTEX_POINT('',#1937);
#610=VERTEX_POINT('',#1941);
#611=VERTEX_POINT('',#1943);
#612=VERTEX_POINT('',#1945);
#613=VERTEX_POINT('',#1947);
#614=VERTEX_POINT('',#1949);
#615=VERTEX_POINT('',#1957);
#616=VERTEX_POINT('',#1959);
#617=VERTEX_POINT('',#1966);
#618=VERTEX_POINT('',#1968);
#619=VERTEX_POINT('',#1970);
#620=VERTEX_POINT('',#1974);
#621=VERTEX_POINT('',#1975);
#622=VERTEX_POINT('',#1977);
#623=VERTEX_POINT('',#1979);
#624=VERTEX_POINT('',#1984);
#625=VERTEX_POINT('',#1986);
#626=VERTEX_POINT('',#1993);
#627=VERTEX_POINT('',#1995);
#628=VERTEX_POINT('',#2003);
#629=VERTEX_POINT('',#2005);
#630=VERTEX_POINT('',#2023);
#631=VERTEX_POINT('',#2027);
#632=VERTEX_POINT('',#2033);
#633=VERTEX_POINT('',#2055);
#634=VERTEX_POINT('',#2057);
#635=VERTEX_POINT('',#2059);
#636=VERTEX_POINT('',#2063);
#637=VERTEX_POINT('',#2065);
#638=VERTEX_POINT('',#2067);
#639=VERTEX_POINT('',#2079);
#640=VERTEX_POINT('',#2081);
#641=VERTEX_POINT('',#2085);
#642=VERTEX_POINT('',#2087);
#643=VERTEX_POINT('',#2091);
#644=VERTEX_POINT('',#2093);
#645=VERTEX_POINT('',#2103);
#646=VERTEX_POINT('',#2105);
#647=VERTEX_POINT('',#2107);
#648=VERTEX_POINT('',#2111);
#649=VERTEX_POINT('',#2113);
#650=VERTEX_POINT('',#2115);
#651=EDGE_CURVE('',#539,#539,#503,.T.);
#652=EDGE_CURVE('',#539,#540,#239,.T.);
#653=EDGE_CURVE('',#540,#540,#504,.T.);
#654=EDGE_CURVE('',#541,#541,#505,.T.);
#655=EDGE_CURVE('',#541,#542,#240,.T.);
#656=EDGE_CURVE('',#542,#542,#506,.T.);
#657=EDGE_CURVE('',#543,#543,#507,.T.);
#658=EDGE_CURVE('',#543,#544,#241,.T.);
#659=EDGE_CURVE('',#544,#544,#508,.T.);
#660=EDGE_CURVE('',#545,#545,#509,.T.);
#661=EDGE_CURVE('',#545,#546,#242,.T.);
#662=EDGE_CURVE('',#546,#546,#510,.T.);
#663=EDGE_CURVE('',#547,#548,#511,.T.);
#664=EDGE_CURVE('',#548,#549,#512,.T.);
#665=EDGE_CURVE('',#549,#550,#513,.T.);
#666=EDGE_CURVE('',#547,#550,#514,.T.);
#667=EDGE_CURVE('',#551,#549,#243,.T.);
#668=EDGE_CURVE('',#552,#551,#515,.T.);
#669=EDGE_CURVE('',#552,#550,#244,.T.);
#670=EDGE_CURVE('',#553,#554,#516,.T.);
#671=EDGE_CURVE('',#553,#555,#517,.T.);
#672=EDGE_CURVE('',#556,#555,#518,.T.);
#673=EDGE_CURVE('',#554,#556,#519,.T.);
#674=EDGE_CURVE('',#552,#555,#245,.T.);
#675=EDGE_CURVE('',#551,#556,#246,.T.);
#676=EDGE_CURVE('',#557,#557,#520,.T.);
#677=EDGE_CURVE('',#557,#558,#247,.T.);
#678=EDGE_CURVE('',#558,#558,#521,.T.);
#679=EDGE_CURVE('',#559,#559,#522,.T.);
#680=EDGE_CURVE('',#559,#560,#248,.T.);
#681=EDGE_CURVE('',#560,#560,#523,.T.);
#682=EDGE_CURVE('',#561,#562,#249,.T.);
#683=EDGE_CURVE('',#562,#563,#250,.T.);
#684=EDGE_CURVE('',#563,#564,#251,.T.);
#685=EDGE_CURVE('',#564,#561,#252,.T.);
#686=EDGE_CURVE('',#565,#563,#253,.T.);
#687=EDGE_CURVE('',#566,#565,#254,.T.);
#688=EDGE_CURVE('',#566,#567,#255,.T.);
#689=EDGE_CURVE('',#567,#568,#256,.T.);
#690=EDGE_CURVE('',#564,#568,#257,.T.);
#691=EDGE_CURVE('',#562,#569,#258,.T.);
#692=EDGE_CURVE('',#561,#570,#259,.T.);
#693=EDGE_CURVE('',#570,#571,#260,.T.);
#694=EDGE_CURVE('',#572,#571,#261,.T.);
#695=EDGE_CURVE('',#569,#572,#262,.T.);
#696=EDGE_CURVE('',#572,#566,#524,.T.);
#697=EDGE_CURVE('',#571,#567,#525,.T.);
#698=EDGE_CURVE('',#573,#574,#263,.T.);
#699=EDGE_CURVE('',#573,#575,#264,.T.);
#700=EDGE_CURVE('',#575,#576,#265,.T.);
#701=EDGE_CURVE('',#576,#577,#266,.T.);
#702=EDGE_CURVE('',#577,#578,#267,.T.);
#703=EDGE_CURVE('',#574,#578,#268,.T.);
#704=EDGE_CURVE('',#579,#580,#269,.T.);
#705=EDGE_CURVE('',#579,#573,#526,.T.);
#706=EDGE_CURVE('',#580,#574,#527,.T.);
#707=EDGE_CURVE('',#581,#582,#270,.T.);
#708=EDGE_CURVE('',#582,#579,#271,.T.);
#709=EDGE_CURVE('',#583,#580,#272,.T.);
#710=EDGE_CURVE('',#584,#583,#273,.T.);
#711=EDGE_CURVE('',#584,#581,#274,.T.);
#712=EDGE_CURVE('',#576,#581,#275,.T.);
#713=EDGE_CURVE('',#577,#584,#276,.T.);
#714=EDGE_CURVE('',#585,#586,#277,.T.);
#715=EDGE_CURVE('',#585,#587,#278,.T.);
#716=EDGE_CURVE('',#588,#587,#279,.T.);
#717=EDGE_CURVE('',#589,#588,#27,.T.);
#718=EDGE_CURVE('',#589,#570,#280,.T.);
#719=EDGE_CURVE('',#568,#590,#281,.T.);
#720=EDGE_CURVE('',#591,#590,#28,.T.);
#721=EDGE_CURVE('',#592,#591,#282,.T.);
#722=EDGE_CURVE('',#593,#592,#283,.T.);
#723=EDGE_CURVE('',#594,#593,#29,.T.);
#724=EDGE_CURVE('',#594,#578,#284,.T.);
#725=EDGE_CURVE('',#583,#595,#285,.T.);
#726=EDGE_CURVE('',#596,#595,#30,.T.);
#727=EDGE_CURVE('',#597,#596,#286,.T.);
#728=EDGE_CURVE('',#597,#586,#287,.T.);
#729=EDGE_CURVE('',#598,#599,#288,.T.);
#730=EDGE_CURVE('',#598,#600,#289,.T.);
#731=EDGE_CURVE('',#601,#600,#290,.T.);
#732=EDGE_CURVE('',#599,#601,#291,.T.);
#733=EDGE_CURVE('',#602,#603,#292,.T.);
#734=EDGE_CURVE('',#602,#604,#293,.T.);
#735=EDGE_CURVE('',#605,#604,#294,.T.);
#736=EDGE_CURVE('',#603,#605,#295,.T.);
#737=EDGE_CURVE('',#606,#607,#296,.T.);
#738=EDGE_CURVE('',#607,#608,#297,.T.);
#739=EDGE_CURVE('',#608,#609,#298,.T.);
#740=EDGE_CURVE('',#606,#609,#299,.T.);
#741=EDGE_CURVE('',#610,#597,#300,.T.);
#742=EDGE_CURVE('',#596,#611,#301,.T.);
#743=EDGE_CURVE('',#612,#611,#302,.T.);
#744=EDGE_CURVE('',#612,#613,#303,.T.);
#745=EDGE_CURVE('',#613,#614,#304,.T.);
#746=EDGE_CURVE('',#614,#610,#31,.T.);
#747=EDGE_CURVE('',#555,#593,#305,.T.);
#748=EDGE_CURVE('',#592,#552,#306,.T.);
#749=EDGE_CURVE('',#594,#553,#307,.T.);
#750=EDGE_CURVE('',#554,#615,#308,.T.);
#751=EDGE_CURVE('',#615,#616,#528,.T.);
#752=EDGE_CURVE('',#616,#595,#309,.T.);
#753=EDGE_CURVE('',#616,#611,#529,.T.);
#754=EDGE_CURVE('',#617,#610,#310,.T.);
#755=EDGE_CURVE('',#617,#618,#311,.T.);
#756=EDGE_CURVE('',#618,#619,#312,.T.);
#757=EDGE_CURVE('',#619,#586,#313,.T.);
#758=EDGE_CURVE('',#620,#621,#314,.T.);
#759=EDGE_CURVE('',#621,#622,#315,.T.);
#760=EDGE_CURVE('',#622,#623,#316,.T.);
#761=EDGE_CURVE('',#623,#587,#317,.T.);
#762=EDGE_CURVE('',#585,#620,#318,.T.);
#763=EDGE_CURVE('',#588,#624,#319,.T.);
#764=EDGE_CURVE('',#625,#623,#32,.T.);
#765=EDGE_CURVE('',#613,#625,#320,.T.);
#766=EDGE_CURVE('',#612,#624,#321,.T.);
#767=EDGE_CURVE('',#550,#591,#322,.T.);
#768=EDGE_CURVE('',#626,#589,#323,.T.);
#769=EDGE_CURVE('',#627,#626,#530,.T.);
#770=EDGE_CURVE('',#548,#627,#324,.T.);
#771=EDGE_CURVE('',#590,#547,#325,.T.);
#772=EDGE_CURVE('',#626,#624,#531,.T.);
#773=EDGE_CURVE('',#611,#628,#532,.T.);
#774=EDGE_CURVE('',#629,#628,#326,.T.);
#775=EDGE_CURVE('',#629,#612,#533,.T.);
#776=EDGE_CURVE('',#628,#556,#327,.T.);
#777=EDGE_CURVE('',#551,#629,#328,.T.);
#778=EDGE_CURVE('',#615,#628,#534,.T.);
#779=EDGE_CURVE('',#630,#614,#329,.T.);
#780=EDGE_CURVE('',#630,#617,#535,.T.);
#781=EDGE_CURVE('',#631,#625,#330,.T.);
#782=EDGE_CURVE('',#631,#630,#331,.T.);
#783=EDGE_CURVE('',#622,#631,#536,.T.);
#784=EDGE_CURVE('',#629,#632,#332,.T.);
#785=EDGE_CURVE('',#624,#632,#537,.T.);
#786=EDGE_CURVE('',#632,#549,#333,.T.);
#787=EDGE_CURVE('',#627,#632,#538,.T.);
#788=EDGE_CURVE('',#621,#618,#334,.T.);
#789=EDGE_CURVE('',#620,#619,#335,.T.);
#790=EDGE_CURVE('',#598,#633,#336,.T.);
#791=EDGE_CURVE('',#633,#634,#337,.T.);
#792=EDGE_CURVE('',#634,#635,#338,.T.);
#793=EDGE_CURVE('',#635,#600,#339,.T.);
#794=EDGE_CURVE('',#636,#601,#340,.T.);
#795=EDGE_CURVE('',#637,#636,#341,.T.);
#796=EDGE_CURVE('',#638,#637,#342,.T.);
#797=EDGE_CURVE('',#599,#638,#343,.T.);
#798=EDGE_CURVE('',#633,#638,#344,.T.);
#799=EDGE_CURVE('',#635,#636,#345,.T.);
#800=EDGE_CURVE('',#634,#637,#346,.T.);
#801=EDGE_CURVE('',#603,#639,#347,.T.);
#802=EDGE_CURVE('',#640,#639,#348,.T.);
#803=EDGE_CURVE('',#602,#640,#349,.T.);
#804=EDGE_CURVE('',#641,#604,#350,.T.);
#805=EDGE_CURVE('',#641,#642,#351,.T.);
#806=EDGE_CURVE('',#642,#605,#352,.T.);
#807=EDGE_CURVE('',#643,#642,#353,.T.);
#808=EDGE_CURVE('',#644,#641,#354,.T.);
#809=EDGE_CURVE('',#644,#643,#355,.T.);
#810=EDGE_CURVE('',#639,#643,#356,.T.);
#811=EDGE_CURVE('',#640,#644,#357,.T.);
#812=EDGE_CURVE('',#645,#607,#358,.T.);
#813=EDGE_CURVE('',#646,#645,#359,.T.);
#814=EDGE_CURVE('',#647,#646,#360,.T.);
#815=EDGE_CURVE('',#608,#647,#361,.T.);
#816=EDGE_CURVE('',#609,#648,#362,.T.);
#817=EDGE_CURVE('',#648,#649,#363,.T.);
#818=EDGE_CURVE('',#649,#650,#364,.T.);
#819=EDGE_CURVE('',#650,#606,#365,.T.);
#820=EDGE_CURVE('',#647,#648,#366,.T.);
#821=EDGE_CURVE('',#646,#649,#367,.T.);
#822=EDGE_CURVE('',#645,#650,#368,.T.);
#823=EDGE_CURVE('',#582,#575,#369,.T.);
#824=EDGE_CURVE('',#565,#569,#370,.T.);
#825=ORIENTED_EDGE('',*,*,#651,.F.);
#826=ORIENTED_EDGE('',*,*,#652,.T.);
#827=ORIENTED_EDGE('',*,*,#653,.T.);
#828=ORIENTED_EDGE('',*,*,#652,.F.);
#829=ORIENTED_EDGE('',*,*,#654,.T.);
#830=ORIENTED_EDGE('',*,*,#655,.T.);
#831=ORIENTED_EDGE('',*,*,#656,.F.);
#832=ORIENTED_EDGE('',*,*,#655,.F.);
#833=ORIENTED_EDGE('',*,*,#657,.F.);
#834=ORIENTED_EDGE('',*,*,#658,.T.);
#835=ORIENTED_EDGE('',*,*,#659,.F.);
#836=ORIENTED_EDGE('',*,*,#658,.F.);
#837=ORIENTED_EDGE('',*,*,#660,.T.);
#838=ORIENTED_EDGE('',*,*,#661,.T.);
#839=ORIENTED_EDGE('',*,*,#662,.T.);
#840=ORIENTED_EDGE('',*,*,#661,.F.);
#841=ORIENTED_EDGE('',*,*,#663,.T.);
#842=ORIENTED_EDGE('',*,*,#664,.T.);
#843=ORIENTED_EDGE('',*,*,#665,.T.);
#844=ORIENTED_EDGE('',*,*,#666,.F.);
#845=ORIENTED_EDGE('',*,*,#665,.F.);
#846=ORIENTED_EDGE('',*,*,#667,.F.);
#847=ORIENTED_EDGE('',*,*,#668,.F.);
#848=ORIENTED_EDGE('',*,*,#669,.T.);
#849=ORIENTED_EDGE('',*,*,#670,.F.);
#850=ORIENTED_EDGE('',*,*,#671,.T.);
#851=ORIENTED_EDGE('',*,*,#672,.F.);
#852=ORIENTED_EDGE('',*,*,#673,.F.);
#853=ORIENTED_EDGE('',*,*,#672,.T.);
#854=ORIENTED_EDGE('',*,*,#674,.F.);
#855=ORIENTED_EDGE('',*,*,#668,.T.);
#856=ORIENTED_EDGE('',*,*,#675,.T.);
#857=ORIENTED_EDGE('',*,*,#676,.T.);
#858=ORIENTED_EDGE('',*,*,#677,.T.);
#859=ORIENTED_EDGE('',*,*,#678,.T.);
#860=ORIENTED_EDGE('',*,*,#677,.F.);
#861=ORIENTED_EDGE('',*,*,#679,.T.);
#862=ORIENTED_EDGE('',*,*,#680,.T.);
#863=ORIENTED_EDGE('',*,*,#681,.F.);
#864=ORIENTED_EDGE('',*,*,#680,.F.);
#865=ORIENTED_EDGE('',*,*,#682,.T.);
#866=ORIENTED_EDGE('',*,*,#683,.T.);
#867=ORIENTED_EDGE('',*,*,#684,.T.);
#868=ORIENTED_EDGE('',*,*,#685,.T.);
#869=ORIENTED_EDGE('',*,*,#686,.F.);
#870=ORIENTED_EDGE('',*,*,#687,.F.);
#871=ORIENTED_EDGE('',*,*,#688,.T.);
#872=ORIENTED_EDGE('',*,*,#689,.T.);
#873=ORIENTED_EDGE('',*,*,#690,.F.);
#874=ORIENTED_EDGE('',*,*,#684,.F.);
#875=ORIENTED_EDGE('',*,*,#691,.F.);
#876=ORIENTED_EDGE('',*,*,#682,.F.);
#877=ORIENTED_EDGE('',*,*,#692,.T.);
#878=ORIENTED_EDGE('',*,*,#693,.T.);
#879=ORIENTED_EDGE('',*,*,#694,.F.);
#880=ORIENTED_EDGE('',*,*,#695,.F.);
#881=ORIENTED_EDGE('',*,*,#696,.F.);
#882=ORIENTED_EDGE('',*,*,#694,.T.);
#883=ORIENTED_EDGE('',*,*,#697,.T.);
#884=ORIENTED_EDGE('',*,*,#688,.F.);
#885=ORIENTED_EDGE('',*,*,#698,.F.);
#886=ORIENTED_EDGE('',*,*,#699,.T.);
#887=ORIENTED_EDGE('',*,*,#700,.T.);
#888=ORIENTED_EDGE('',*,*,#701,.T.);
#889=ORIENTED_EDGE('',*,*,#702,.T.);
#890=ORIENTED_EDGE('',*,*,#703,.F.);
#891=ORIENTED_EDGE('',*,*,#704,.F.);
#892=ORIENTED_EDGE('',*,*,#705,.T.);
#893=ORIENTED_EDGE('',*,*,#698,.T.);
#894=ORIENTED_EDGE('',*,*,#706,.F.);
#895=ORIENTED_EDGE('',*,*,#707,.T.);
#896=ORIENTED_EDGE('',*,*,#708,.T.);
#897=ORIENTED_EDGE('',*,*,#704,.T.);
#898=ORIENTED_EDGE('',*,*,#709,.F.);
#899=ORIENTED_EDGE('',*,*,#710,.F.);
#900=ORIENTED_EDGE('',*,*,#711,.T.);
#901=ORIENTED_EDGE('',*,*,#701,.F.);
#902=ORIENTED_EDGE('',*,*,#712,.T.);
#903=ORIENTED_EDGE('',*,*,#711,.F.);
#904=ORIENTED_EDGE('',*,*,#713,.F.);
#905=ORIENTED_EDGE('',*,*,#714,.F.);
#906=ORIENTED_EDGE('',*,*,#715,.T.);
#907=ORIENTED_EDGE('',*,*,#716,.F.);
#908=ORIENTED_EDGE('',*,*,#717,.F.);
#909=ORIENTED_EDGE('',*,*,#718,.T.);
#910=ORIENTED_EDGE('',*,*,#692,.F.);
#911=ORIENTED_EDGE('',*,*,#685,.F.);
#912=ORIENTED_EDGE('',*,*,#690,.T.);
#913=ORIENTED_EDGE('',*,*,#719,.T.);
#914=ORIENTED_EDGE('',*,*,#720,.F.);
#915=ORIENTED_EDGE('',*,*,#721,.F.);
#916=ORIENTED_EDGE('',*,*,#722,.F.);
#917=ORIENTED_EDGE('',*,*,#723,.F.);
#918=ORIENTED_EDGE('',*,*,#724,.T.);
#919=ORIENTED_EDGE('',*,*,#702,.F.);
#920=ORIENTED_EDGE('',*,*,#713,.T.);
#921=ORIENTED_EDGE('',*,*,#710,.T.);
#922=ORIENTED_EDGE('',*,*,#725,.T.);
#923=ORIENTED_EDGE('',*,*,#726,.F.);
#924=ORIENTED_EDGE('',*,*,#727,.F.);
#925=ORIENTED_EDGE('',*,*,#728,.T.);
#926=ORIENTED_EDGE('',*,*,#729,.F.);
#927=ORIENTED_EDGE('',*,*,#730,.T.);
#928=ORIENTED_EDGE('',*,*,#731,.F.);
#929=ORIENTED_EDGE('',*,*,#732,.F.);
#930=ORIENTED_EDGE('',*,*,#733,.F.);
#931=ORIENTED_EDGE('',*,*,#734,.T.);
#932=ORIENTED_EDGE('',*,*,#735,.F.);
#933=ORIENTED_EDGE('',*,*,#736,.F.);
#934=ORIENTED_EDGE('',*,*,#737,.T.);
#935=ORIENTED_EDGE('',*,*,#738,.T.);
#936=ORIENTED_EDGE('',*,*,#739,.T.);
#937=ORIENTED_EDGE('',*,*,#740,.F.);
#938=ORIENTED_EDGE('',*,*,#741,.T.);
#939=ORIENTED_EDGE('',*,*,#727,.T.);
#940=ORIENTED_EDGE('',*,*,#742,.T.);
#941=ORIENTED_EDGE('',*,*,#743,.F.);
#942=ORIENTED_EDGE('',*,*,#744,.T.);
#943=ORIENTED_EDGE('',*,*,#745,.T.);
#944=ORIENTED_EDGE('',*,*,#746,.T.);
#945=ORIENTED_EDGE('',*,*,#747,.T.);
#946=ORIENTED_EDGE('',*,*,#722,.T.);
#947=ORIENTED_EDGE('',*,*,#748,.T.);
#948=ORIENTED_EDGE('',*,*,#674,.T.);
#949=ORIENTED_EDGE('',*,*,#706,.T.);
#950=ORIENTED_EDGE('',*,*,#703,.T.);
#951=ORIENTED_EDGE('',*,*,#724,.F.);
#952=ORIENTED_EDGE('',*,*,#749,.T.);
#953=ORIENTED_EDGE('',*,*,#670,.T.);
#954=ORIENTED_EDGE('',*,*,#750,.T.);
#955=ORIENTED_EDGE('',*,*,#751,.T.);
#956=ORIENTED_EDGE('',*,*,#752,.T.);
#957=ORIENTED_EDGE('',*,*,#725,.F.);
#958=ORIENTED_EDGE('',*,*,#709,.T.);
#959=ORIENTED_EDGE('',*,*,#749,.F.);
#960=ORIENTED_EDGE('',*,*,#723,.T.);
#961=ORIENTED_EDGE('',*,*,#747,.F.);
#962=ORIENTED_EDGE('',*,*,#671,.F.);
#963=ORIENTED_EDGE('',*,*,#742,.F.);
#964=ORIENTED_EDGE('',*,*,#726,.T.);
#965=ORIENTED_EDGE('',*,*,#752,.F.);
#966=ORIENTED_EDGE('',*,*,#753,.T.);
#967=ORIENTED_EDGE('',*,*,#754,.F.);
#968=ORIENTED_EDGE('',*,*,#755,.T.);
#969=ORIENTED_EDGE('',*,*,#756,.T.);
#970=ORIENTED_EDGE('',*,*,#757,.T.);
#971=ORIENTED_EDGE('',*,*,#728,.F.);
#972=ORIENTED_EDGE('',*,*,#741,.F.);
#973=ORIENTED_EDGE('',*,*,#758,.T.);
#974=ORIENTED_EDGE('',*,*,#759,.T.);
#975=ORIENTED_EDGE('',*,*,#760,.T.);
#976=ORIENTED_EDGE('',*,*,#761,.T.);
#977=ORIENTED_EDGE('',*,*,#715,.F.);
#978=ORIENTED_EDGE('',*,*,#762,.T.);
#979=ORIENTED_EDGE('',*,*,#763,.F.);
#980=ORIENTED_EDGE('',*,*,#716,.T.);
#981=ORIENTED_EDGE('',*,*,#761,.F.);
#982=ORIENTED_EDGE('',*,*,#764,.F.);
#983=ORIENTED_EDGE('',*,*,#765,.F.);
#984=ORIENTED_EDGE('',*,*,#744,.F.);
#985=ORIENTED_EDGE('',*,*,#766,.T.);
#986=ORIENTED_EDGE('',*,*,#748,.F.);
#987=ORIENTED_EDGE('',*,*,#721,.T.);
#988=ORIENTED_EDGE('',*,*,#767,.F.);
#989=ORIENTED_EDGE('',*,*,#669,.F.);
#990=ORIENTED_EDGE('',*,*,#689,.F.);
#991=ORIENTED_EDGE('',*,*,#697,.F.);
#992=ORIENTED_EDGE('',*,*,#693,.F.);
#993=ORIENTED_EDGE('',*,*,#718,.F.);
#994=ORIENTED_EDGE('',*,*,#768,.F.);
#995=ORIENTED_EDGE('',*,*,#769,.F.);
#996=ORIENTED_EDGE('',*,*,#770,.F.);
#997=ORIENTED_EDGE('',*,*,#663,.F.);
#998=ORIENTED_EDGE('',*,*,#771,.F.);
#999=ORIENTED_EDGE('',*,*,#719,.F.);
#1000=ORIENTED_EDGE('',*,*,#767,.T.);
#1001=ORIENTED_EDGE('',*,*,#720,.T.);
#1002=ORIENTED_EDGE('',*,*,#771,.T.);
#1003=ORIENTED_EDGE('',*,*,#666,.T.);
#1004=ORIENTED_EDGE('',*,*,#768,.T.);
#1005=ORIENTED_EDGE('',*,*,#717,.T.);
#1006=ORIENTED_EDGE('',*,*,#763,.T.);
#1007=ORIENTED_EDGE('',*,*,#772,.F.);
#1008=ORIENTED_EDGE('',*,*,#743,.T.);
#1009=ORIENTED_EDGE('',*,*,#773,.T.);
#1010=ORIENTED_EDGE('',*,*,#774,.F.);
#1011=ORIENTED_EDGE('',*,*,#775,.T.);
#1012=ORIENTED_EDGE('',*,*,#774,.T.);
#1013=ORIENTED_EDGE('',*,*,#776,.T.);
#1014=ORIENTED_EDGE('',*,*,#675,.F.);
#1015=ORIENTED_EDGE('',*,*,#777,.T.);
#1016=ORIENTED_EDGE('',*,*,#673,.T.);
#1017=ORIENTED_EDGE('',*,*,#776,.F.);
#1018=ORIENTED_EDGE('',*,*,#778,.F.);
#1019=ORIENTED_EDGE('',*,*,#750,.F.);
#1020=ORIENTED_EDGE('',*,*,#778,.T.);
#1021=ORIENTED_EDGE('',*,*,#773,.F.);
#1022=ORIENTED_EDGE('',*,*,#753,.F.);
#1023=ORIENTED_EDGE('',*,*,#751,.F.);
#1024=ORIENTED_EDGE('',*,*,#779,.F.);
#1025=ORIENTED_EDGE('',*,*,#780,.T.);
#1026=ORIENTED_EDGE('',*,*,#754,.T.);
#1027=ORIENTED_EDGE('',*,*,#746,.F.);
#1028=ORIENTED_EDGE('',*,*,#781,.F.);
#1029=ORIENTED_EDGE('',*,*,#782,.T.);
#1030=ORIENTED_EDGE('',*,*,#779,.T.);
#1031=ORIENTED_EDGE('',*,*,#745,.F.);
#1032=ORIENTED_EDGE('',*,*,#765,.T.);
#1033=ORIENTED_EDGE('',*,*,#760,.F.);
#1034=ORIENTED_EDGE('',*,*,#783,.T.);
#1035=ORIENTED_EDGE('',*,*,#781,.T.);
#1036=ORIENTED_EDGE('',*,*,#764,.T.);
#1037=ORIENTED_EDGE('',*,*,#766,.F.);
#1038=ORIENTED_EDGE('',*,*,#775,.F.);
#1039=ORIENTED_EDGE('',*,*,#784,.T.);
#1040=ORIENTED_EDGE('',*,*,#785,.F.);
#1041=ORIENTED_EDGE('',*,*,#784,.F.);
#1042=ORIENTED_EDGE('',*,*,#777,.F.);
#1043=ORIENTED_EDGE('',*,*,#667,.T.);
#1044=ORIENTED_EDGE('',*,*,#786,.F.);
#1045=ORIENTED_EDGE('',*,*,#664,.F.);
#1046=ORIENTED_EDGE('',*,*,#770,.T.);
#1047=ORIENTED_EDGE('',*,*,#787,.T.);
#1048=ORIENTED_EDGE('',*,*,#786,.T.);
#1049=ORIENTED_EDGE('',*,*,#787,.F.);
#1050=ORIENTED_EDGE('',*,*,#769,.T.);
#1051=ORIENTED_EDGE('',*,*,#772,.T.);
#1052=ORIENTED_EDGE('',*,*,#785,.T.);
#1053=ORIENTED_EDGE('',*,*,#788,.F.);
#1054=ORIENTED_EDGE('',*,*,#758,.F.);
#1055=ORIENTED_EDGE('',*,*,#789,.T.);
#1056=ORIENTED_EDGE('',*,*,#756,.F.);
#1057=ORIENTED_EDGE('',*,*,#780,.F.);
#1058=ORIENTED_EDGE('',*,*,#782,.F.);
#1059=ORIENTED_EDGE('',*,*,#783,.F.);
#1060=ORIENTED_EDGE('',*,*,#759,.F.);
#1061=ORIENTED_EDGE('',*,*,#788,.T.);
#1062=ORIENTED_EDGE('',*,*,#755,.F.);
#1063=ORIENTED_EDGE('',*,*,#662,.F.);
#1064=ORIENTED_EDGE('',*,*,#789,.F.);
#1065=ORIENTED_EDGE('',*,*,#762,.F.);
#1066=ORIENTED_EDGE('',*,*,#714,.T.);
#1067=ORIENTED_EDGE('',*,*,#757,.F.);
#1068=ORIENTED_EDGE('',*,*,#790,.T.);
#1069=ORIENTED_EDGE('',*,*,#791,.T.);
#1070=ORIENTED_EDGE('',*,*,#792,.T.);
#1071=ORIENTED_EDGE('',*,*,#793,.T.);
#1072=ORIENTED_EDGE('',*,*,#730,.F.);
#1073=ORIENTED_EDGE('',*,*,#659,.T.);
#1074=ORIENTED_EDGE('',*,*,#732,.T.);
#1075=ORIENTED_EDGE('',*,*,#794,.F.);
#1076=ORIENTED_EDGE('',*,*,#795,.F.);
#1077=ORIENTED_EDGE('',*,*,#796,.F.);
#1078=ORIENTED_EDGE('',*,*,#797,.F.);
#1079=ORIENTED_EDGE('',*,*,#660,.F.);
#1080=ORIENTED_EDGE('',*,*,#729,.T.);
#1081=ORIENTED_EDGE('',*,*,#797,.T.);
#1082=ORIENTED_EDGE('',*,*,#798,.F.);
#1083=ORIENTED_EDGE('',*,*,#790,.F.);
#1084=ORIENTED_EDGE('',*,*,#731,.T.);
#1085=ORIENTED_EDGE('',*,*,#793,.F.);
#1086=ORIENTED_EDGE('',*,*,#799,.T.);
#1087=ORIENTED_EDGE('',*,*,#794,.T.);
#1088=ORIENTED_EDGE('',*,*,#795,.T.);
#1089=ORIENTED_EDGE('',*,*,#799,.F.);
#1090=ORIENTED_EDGE('',*,*,#792,.F.);
#1091=ORIENTED_EDGE('',*,*,#800,.T.);
#1092=ORIENTED_EDGE('',*,*,#796,.T.);
#1093=ORIENTED_EDGE('',*,*,#800,.F.);
#1094=ORIENTED_EDGE('',*,*,#791,.F.);
#1095=ORIENTED_EDGE('',*,*,#798,.T.);
#1096=ORIENTED_EDGE('',*,*,#657,.T.);
#1097=ORIENTED_EDGE('',*,*,#733,.T.);
#1098=ORIENTED_EDGE('',*,*,#801,.T.);
#1099=ORIENTED_EDGE('',*,*,#802,.F.);
#1100=ORIENTED_EDGE('',*,*,#803,.F.);
#1101=ORIENTED_EDGE('',*,*,#735,.T.);
#1102=ORIENTED_EDGE('',*,*,#804,.F.);
#1103=ORIENTED_EDGE('',*,*,#805,.T.);
#1104=ORIENTED_EDGE('',*,*,#806,.T.);
#1105=ORIENTED_EDGE('',*,*,#807,.T.);
#1106=ORIENTED_EDGE('',*,*,#805,.F.);
#1107=ORIENTED_EDGE('',*,*,#808,.F.);
#1108=ORIENTED_EDGE('',*,*,#809,.T.);
#1109=ORIENTED_EDGE('',*,*,#810,.T.);
#1110=ORIENTED_EDGE('',*,*,#809,.F.);
#1111=ORIENTED_EDGE('',*,*,#811,.F.);
#1112=ORIENTED_EDGE('',*,*,#802,.T.);
#1113=ORIENTED_EDGE('',*,*,#803,.T.);
#1114=ORIENTED_EDGE('',*,*,#811,.T.);
#1115=ORIENTED_EDGE('',*,*,#808,.T.);
#1116=ORIENTED_EDGE('',*,*,#804,.T.);
#1117=ORIENTED_EDGE('',*,*,#734,.F.);
#1118=ORIENTED_EDGE('',*,*,#654,.F.);
#1119=ORIENTED_EDGE('',*,*,#736,.T.);
#1120=ORIENTED_EDGE('',*,*,#806,.F.);
#1121=ORIENTED_EDGE('',*,*,#807,.F.);
#1122=ORIENTED_EDGE('',*,*,#810,.F.);
#1123=ORIENTED_EDGE('',*,*,#801,.F.);
#1124=ORIENTED_EDGE('',*,*,#681,.T.);
#1125=ORIENTED_EDGE('',*,*,#656,.T.);
#1126=ORIENTED_EDGE('',*,*,#812,.F.);
#1127=ORIENTED_EDGE('',*,*,#813,.F.);
#1128=ORIENTED_EDGE('',*,*,#814,.F.);
#1129=ORIENTED_EDGE('',*,*,#815,.F.);
#1130=ORIENTED_EDGE('',*,*,#738,.F.);
#1131=ORIENTED_EDGE('',*,*,#651,.T.);
#1132=ORIENTED_EDGE('',*,*,#740,.T.);
#1133=ORIENTED_EDGE('',*,*,#816,.T.);
#1134=ORIENTED_EDGE('',*,*,#817,.T.);
#1135=ORIENTED_EDGE('',*,*,#818,.T.);
#1136=ORIENTED_EDGE('',*,*,#819,.T.);
#1137=ORIENTED_EDGE('',*,*,#678,.F.);
#1138=ORIENTED_EDGE('',*,*,#817,.F.);
#1139=ORIENTED_EDGE('',*,*,#820,.F.);
#1140=ORIENTED_EDGE('',*,*,#814,.T.);
#1141=ORIENTED_EDGE('',*,*,#821,.T.);
#1142=ORIENTED_EDGE('',*,*,#818,.F.);
#1143=ORIENTED_EDGE('',*,*,#821,.F.);
#1144=ORIENTED_EDGE('',*,*,#813,.T.);
#1145=ORIENTED_EDGE('',*,*,#822,.T.);
#1146=ORIENTED_EDGE('',*,*,#819,.F.);
#1147=ORIENTED_EDGE('',*,*,#822,.F.);
#1148=ORIENTED_EDGE('',*,*,#812,.T.);
#1149=ORIENTED_EDGE('',*,*,#737,.F.);
#1150=ORIENTED_EDGE('',*,*,#815,.T.);
#1151=ORIENTED_EDGE('',*,*,#820,.T.);
#1152=ORIENTED_EDGE('',*,*,#816,.F.);
#1153=ORIENTED_EDGE('',*,*,#739,.F.);
#1154=ORIENTED_EDGE('',*,*,#653,.F.);
#1155=ORIENTED_EDGE('',*,*,#705,.F.);
#1156=ORIENTED_EDGE('',*,*,#708,.F.);
#1157=ORIENTED_EDGE('',*,*,#823,.T.);
#1158=ORIENTED_EDGE('',*,*,#699,.F.);
#1159=ORIENTED_EDGE('',*,*,#676,.F.);
#1160=ORIENTED_EDGE('',*,*,#823,.F.);
#1161=ORIENTED_EDGE('',*,*,#707,.F.);
#1162=ORIENTED_EDGE('',*,*,#712,.F.);
#1163=ORIENTED_EDGE('',*,*,#700,.F.);
#1164=ORIENTED_EDGE('',*,*,#687,.T.);
#1165=ORIENTED_EDGE('',*,*,#824,.T.);
#1166=ORIENTED_EDGE('',*,*,#695,.T.);
#1167=ORIENTED_EDGE('',*,*,#696,.T.);
#1168=ORIENTED_EDGE('',*,*,#679,.F.);
#1169=ORIENTED_EDGE('',*,*,#686,.T.);
#1170=ORIENTED_EDGE('',*,*,#683,.F.);
#1171=ORIENTED_EDGE('',*,*,#691,.T.);
#1172=ORIENTED_EDGE('',*,*,#824,.F.);
#1173=CYLINDRICAL_SURFACE('',#1273,2.05000000000001);
#1174=CYLINDRICAL_SURFACE('',#1276,2.05000000000001);
#1175=CYLINDRICAL_SURFACE('',#1279,2.05);
#1176=CYLINDRICAL_SURFACE('',#1282,2.05);
#1177=CYLINDRICAL_SURFACE('',#1296,2.05000000000001);
#1178=CYLINDRICAL_SURFACE('',#1299,2.05000000000001);
#1179=CYLINDRICAL_SURFACE('',#1305,10.);
#1180=CYLINDRICAL_SURFACE('',#1309,10.);
#1181=CYLINDRICAL_SURFACE('',#1324,10.);
#1182=CYLINDRICAL_SURFACE('',#1325,10.);
#1183=CYLINDRICAL_SURFACE('',#1334,10.);
#1184=CYLINDRICAL_SURFACE('',#1335,10.);
#1185=CYLINDRICAL_SURFACE('',#1341,10.);
#1186=CYLINDRICAL_SURFACE('',#1343,24.2777581080523);
#1187=CYLINDRICAL_SURFACE('',#1346,24.2777581080523);
#1188=CYLINDRICAL_SURFACE('',#1351,10.);
#1189=ADVANCED_FACE('',(#87),#1173,.F.);
#1190=ADVANCED_FACE('',(#88),#1174,.F.);
#1191=ADVANCED_FACE('',(#89),#1175,.F.);
#1192=ADVANCED_FACE('',(#90),#1176,.F.);
#1193=ADVANCED_FACE('',(#91),#83,.F.);
#1194=ADVANCED_FACE('',(#92),#79,.T.);
#1195=ADVANCED_FACE('',(#93),#84,.F.);
#1196=ADVANCED_FACE('',(#94),#80,.T.);
#1197=ADVANCED_FACE('',(#95),#1177,.F.);
#1198=ADVANCED_FACE('',(#96),#1178,.F.);
#1199=ADVANCED_FACE('',(#97),#33,.T.);
#1200=ADVANCED_FACE('',(#98),#34,.F.);
#1201=ADVANCED_FACE('',(#99),#35,.F.);
#1202=ADVANCED_FACE('',(#100),#1179,.T.);
#1203=ADVANCED_FACE('',(#101),#36,.T.);
#1204=ADVANCED_FACE('',(#102),#1180,.T.);
#1205=ADVANCED_FACE('',(#103),#37,.T.);
#1206=ADVANCED_FACE('',(#104),#38,.T.);
#1207=ADVANCED_FACE('',(#105,#15,#16,#17),#39,.T.);
#1208=ADVANCED_FACE('',(#106),#40,.T.);
#1209=ADVANCED_FACE('',(#107),#41,.T.);
#1210=ADVANCED_FACE('',(#108),#42,.F.);
#1211=ADVANCED_FACE('',(#109),#1181,.T.);
#1212=ADVANCED_FACE('',(#110),#1182,.T.);
#1213=ADVANCED_FACE('',(#111),#43,.F.);
#1214=ADVANCED_FACE('',(#112),#44,.F.);
#1215=ADVANCED_FACE('',(#113),#45,.T.);
#1216=ADVANCED_FACE('',(#114),#46,.T.);
#1217=ADVANCED_FACE('',(#115),#47,.F.);
#1218=ADVANCED_FACE('',(#116),#1183,.T.);
#1219=ADVANCED_FACE('',(#117),#1184,.T.);
#1220=ADVANCED_FACE('',(#118),#81,.T.);
#1221=ADVANCED_FACE('',(#119),#48,.T.);
#1222=ADVANCED_FACE('',(#120),#1185,.T.);
#1223=ADVANCED_FACE('',(#121),#85,.F.);
#1224=ADVANCED_FACE('',(#122),#1186,.T.);
#1225=ADVANCED_FACE('',(#123),#49,.F.);
#1226=ADVANCED_FACE('',(#124),#1187,.T.);
#1227=ADVANCED_FACE('',(#125),#82,.T.);
#1228=ADVANCED_FACE('',(#126),#50,.T.);
#1229=ADVANCED_FACE('',(#127),#1188,.T.);
#1230=ADVANCED_FACE('',(#128),#86,.F.);
#1231=ADVANCED_FACE('',(#129),#51,.F.);
#1232=ADVANCED_FACE('',(#130,#18),#52,.F.);
#1233=ADVANCED_FACE('',(#131),#53,.F.);
#1234=ADVANCED_FACE('',(#132,#19),#54,.T.);
#1235=ADVANCED_FACE('',(#133,#20),#55,.F.);
#1236=ADVANCED_FACE('',(#134),#56,.F.);
#1237=ADVANCED_FACE('',(#135),#57,.F.);
#1238=ADVANCED_FACE('',(#136),#58,.F.);
#1239=ADVANCED_FACE('',(#137),#59,.F.);
#1240=ADVANCED_FACE('',(#138),#60,.T.);
#1241=ADVANCED_FACE('',(#139),#61,.F.);
#1242=ADVANCED_FACE('',(#140),#62,.F.);
#1243=ADVANCED_FACE('',(#141),#63,.F.);
#1244=ADVANCED_FACE('',(#142),#64,.F.);
#1245=ADVANCED_FACE('',(#143,#21),#65,.T.);
#1246=ADVANCED_FACE('',(#144,#22),#66,.F.);
#1247=ADVANCED_FACE('',(#145),#67,.F.);
#1248=ADVANCED_FACE('',(#146,#23),#68,.T.);
#1249=ADVANCED_FACE('',(#147,#24),#69,.F.);
#1250=ADVANCED_FACE('',(#148),#70,.T.);
#1251=ADVANCED_FACE('',(#149),#71,.T.);
#1252=ADVANCED_FACE('',(#150),#72,.T.);
#1253=ADVANCED_FACE('',(#151),#73,.T.);
#1254=ADVANCED_FACE('',(#152),#74,.F.);
#1255=ADVANCED_FACE('',(#153,#25),#75,.T.);
#1256=ADVANCED_FACE('',(#154),#76,.T.);
#1257=ADVANCED_FACE('',(#155,#26),#77,.T.);
#1258=ADVANCED_FACE('',(#156),#78,.T.);
#1259=CLOSED_SHELL('',(#1189,#1190,#1191,#1192,#1193,#1194,#1195,#1196,
#1197,#1198,#1199,#1200,#1201,#1202,#1203,#1204,#1205,#1206,#1207,#1208,
#1209,#1210,#1211,#1212,#1213,#1214,#1215,#1216,#1217,#1218,#1219,#1220,
#1221,#1222,#1223,#1224,#1225,#1226,#1227,#1228,#1229,#1230,#1231,#1232,
#1233,#1234,#1235,#1236,#1237,#1238,#1239,#1240,#1241,#1242,#1243,#1244,
#1245,#1246,#1247,#1248,#1249,#1250,#1251,#1252,#1253,#1254,#1255,#1256,
#1257,#1258));
#1260=DERIVED_UNIT_ELEMENT(#1262,1.);
#1261=DERIVED_UNIT_ELEMENT(#2137,-3.);
#1262=(
MASS_UNIT()
NAMED_UNIT(*)
SI_UNIT(.KILO.,.GRAM.)
);
#1263=DERIVED_UNIT((#1260,#1261));
#1264=MEASURE_REPRESENTATION_ITEM('density measure',
POSITIVE_RATIO_MEASURE(1060.),#1263);
#1265=PROPERTY_DEFINITION_REPRESENTATION(#1270,#1267);
#1266=PROPERTY_DEFINITION_REPRESENTATION(#1271,#1268);
#1267=REPRESENTATION('material name',(#1269),#2134);
#1268=REPRESENTATION('density',(#1264),#2134);
#1269=DESCRIPTIVE_REPRESENTATION_ITEM('ABS Plastic','ABS Plastic');
#1270=PROPERTY_DEFINITION('material property','material name',#2144);
#1271=PROPERTY_DEFINITION('material property','density of part',#2144);
#1272=AXIS2_PLACEMENT_3D('',#1731,#1381,#1382);
#1273=AXIS2_PLACEMENT_3D('',#1732,#1383,#1384);
#1274=AXIS2_PLACEMENT_3D('',#1734,#1385,#1386);
#1275=AXIS2_PLACEMENT_3D('',#1737,#1388,#1389);
#1276=AXIS2_PLACEMENT_3D('',#1738,#1390,#1391);
#1277=AXIS2_PLACEMENT_3D('',#1740,#1392,#1393);
#1278=AXIS2_PLACEMENT_3D('',#1743,#1395,#1396);
#1279=AXIS2_PLACEMENT_3D('',#1744,#1397,#1398);
#1280=AXIS2_PLACEMENT_3D('',#1746,#1399,#1400);
#1281=AXIS2_PLACEMENT_3D('',#1749,#1402,#1403);
#1282=AXIS2_PLACEMENT_3D('',#1750,#1404,#1405);
#1283=AXIS2_PLACEMENT_3D('',#1752,#1406,#1407);
#1284=AXIS2_PLACEMENT_3D('',#1755,#1409,#1410);
#1285=AXIS2_PLACEMENT_3D('',#1773,#1411,#1412);
#1286=AXIS2_PLACEMENT_3D('',#1775,#1413,#1414);
#1287=AXIS2_PLACEMENT_3D('',#1777,#1415,#1416);
#1288=AXIS2_PLACEMENT_3D('',#1778,#1417,#1418);
#1289=AXIS2_PLACEMENT_3D('',#1779,#1419,#1420);
#1290=AXIS2_PLACEMENT_3D('',#1783,#1422,#1423);
#1291=AXIS2_PLACEMENT_3D('',#1802,#1425,#1426);
#1292=AXIS2_PLACEMENT_3D('',#1804,#1427,#1428);
#1293=AXIS2_PLACEMENT_3D('',#1806,#1429,#1430);
#1294=AXIS2_PLACEMENT_3D('',#1807,#1431,#1432);
#1295=AXIS2_PLACEMENT_3D('',#1808,#1433,#1434);
#1296=AXIS2_PLACEMENT_3D('',#1811,#1437,#1438);
#1297=AXIS2_PLACEMENT_3D('',#1813,#1439,#1440);
#1298=AXIS2_PLACEMENT_3D('',#1816,#1442,#1443);
#1299=AXIS2_PLACEMENT_3D('',#1817,#1444,#1445);
#1300=AXIS2_PLACEMENT_3D('',#1819,#1446,#1447);
#1301=AXIS2_PLACEMENT_3D('',#1822,#1449,#1450);
#1302=AXIS2_PLACEMENT_3D('',#1823,#1451,#1452);
#1303=AXIS2_PLACEMENT_3D('',#1832,#1457,#1458);
#1304=AXIS2_PLACEMENT_3D('',#1842,#1464,#1465);
#1305=AXIS2_PLACEMENT_3D('',#1852,#1471,#1472);
#1306=AXIS2_PLACEMENT_3D('',#1853,#1473,#1474);
#1307=AXIS2_PLACEMENT_3D('',#1854,#1475,#1476);
#1308=AXIS2_PLACEMENT_3D('',#1855,#1477,#1478);
#1309=AXIS2_PLACEMENT_3D('',#1868,#1485,#1486);
#1310=AXIS2_PLACEMENT_3D('',#1872,#1488,#1489);
#1311=AXIS2_PLACEMENT_3D('',#1873,#1490,#1491);
#1312=AXIS2_PLACEMENT_3D('',#1874,#1492,#1493);
#1313=AXIS2_PLACEMENT_3D('',#1884,#1499,#1500);
#1314=AXIS2_PLACEMENT_3D('',#1887,#1503,#1504);
#1315=AXIS2_PLACEMENT_3D('',#1896,#1508,#1509);
#1316=AXIS2_PLACEMENT_3D('',#1901,#1512,#1513);
#1317=AXIS2_PLACEMENT_3D('',#1907,#1516,#1517);
#1318=AXIS2_PLACEMENT_3D('',#1912,#1520,#1521);
#1319=AXIS2_PLACEMENT_3D('',#1940,#1536,#1537);
#1320=AXIS2_PLACEMENT_3D('',#1951,#1543,#1544);
#1321=AXIS2_PLACEMENT_3D('',#1952,#1545,#1546);
#1322=AXIS2_PLACEMENT_3D('',#1955,#1549,#1550);
#1323=AXIS2_PLACEMENT_3D('',#1960,#1553,#1554);
#1324=AXIS2_PLACEMENT_3D('',#1962,#1556,#1557);
#1325=AXIS2_PLACEMENT_3D('',#1963,#1558,#1559);
#1326=AXIS2_PLACEMENT_3D('',#1964,#1560,#1561);
#1327=AXIS2_PLACEMENT_3D('',#1965,#1562,#1563);
#1328=AXIS2_PLACEMENT_3D('',#1973,#1568,#1569);
#1329=AXIS2_PLACEMENT_3D('',#1983,#1575,#1576);
#1330=AXIS2_PLACEMENT_3D('',#1987,#1578,#1579);
#1331=AXIS2_PLACEMENT_3D('',#1990,#1582,#1583);
#1332=AXIS2_PLACEMENT_3D('',#1992,#1585,#1586);
#1333=AXIS2_PLACEMENT_3D('',#1996,#1588,#1589);
#1334=AXIS2_PLACEMENT_3D('',#1999,#1592,#1593);
#1335=AXIS2_PLACEMENT_3D('',#2000,#1594,#1595);
#1336=AXIS2_PLACEMENT_3D('',#2001,#1596,#1597);
#1337=AXIS2_PLACEMENT_3D('',#2002,#1598,#1599);
#1338=AXIS2_PLACEMENT_3D('',#2004,#1600,#1601);
#1339=AXIS2_PLACEMENT_3D('',#2007,#1603,#1604);
#1340=AXIS2_PLACEMENT_3D('',#2008,#1605,#1606);
#1341=AXIS2_PLACEMENT_3D('',#2011,#1609,#1610);
#1342=AXIS2_PLACEMENT_3D('',#2012,#1611,#1612);
#1343=AXIS2_PLACEMENT_3D('',#2022,#1613,#1614);
#1344=AXIS2_PLACEMENT_3D('',#2025,#1616,#1617);
#1345=AXIS2_PLACEMENT_3D('',#2026,#1618,#1619);
#1346=AXIS2_PLACEMENT_3D('',#2030,#1622,#1623);
#1347=AXIS2_PLACEMENT_3D('',#2031,#1624,#1625);
#1348=AXIS2_PLACEMENT_3D('',#2032,#1626,#1627);
#1349=AXIS2_PLACEMENT_3D('',#2035,#1629,#1630);
#1350=AXIS2_PLACEMENT_3D('',#2036,#1631,#1632);
#1351=AXIS2_PLACEMENT_3D('',#2038,#1634,#1635);
#1352=AXIS2_PLACEMENT_3D('',#2039,#1636,#1637);
#1353=AXIS2_PLACEMENT_3D('',#2049,#1638,#1639);
#1354=AXIS2_PLACEMENT_3D('',#2052,#1642,#1643);
#1355=AXIS2_PLACEMENT_3D('',#2053,#1644,#1645);
#1356=AXIS2_PLACEMENT_3D('',#2054,#1646,#1647);
#1357=AXIS2_PLACEMENT_3D('',#2062,#1652,#1653);
#1358=AXIS2_PLACEMENT_3D('',#2070,#1658,#1659);
#1359=AXIS2_PLACEMENT_3D('',#2072,#1661,#1662);
#1360=AXIS2_PLACEMENT_3D('',#2074,#1664,#1665);
#1361=AXIS2_PLACEMENT_3D('',#2076,#1667,#1668);
#1362=AXIS2_PLACEMENT_3D('',#2077,#1669,#1670);
#1363=AXIS2_PLACEMENT_3D('',#2078,#1671,#1672);
#1364=AXIS2_PLACEMENT_3D('',#2084,#1676,#1677);
#1365=AXIS2_PLACEMENT_3D('',#2090,#1681,#1682);
#1366=AXIS2_PLACEMENT_3D('',#2096,#1686,#1687);
#1367=AXIS2_PLACEMENT_3D('',#2099,#1690,#1691);
#1368=AXIS2_PLACEMENT_3D('',#2100,#1692,#1693);
#1369=AXIS2_PLACEMENT_3D('',#2101,#1694,#1695);
#1370=AXIS2_PLACEMENT_3D('',#2102,#1696,#1697);
#1371=AXIS2_PLACEMENT_3D('',#2110,#1702,#1703);
#1372=AXIS2_PLACEMENT_3D('',#2118,#1708,#1709);
#1373=AXIS2_PLACEMENT_3D('',#2121,#1712,#1713);
#1374=AXIS2_PLACEMENT_3D('',#2123,#1715,#1716);
#1375=AXIS2_PLACEMENT_3D('',#2124,#1717,#1718);
#1376=AXIS2_PLACEMENT_3D('',#2125,#1719,#1720);
#1377=AXIS2_PLACEMENT_3D('',#2126,#1721,#1722);
#1378=AXIS2_PLACEMENT_3D('',#2128,#1724,#1725);
#1379=AXIS2_PLACEMENT_3D('',#2129,#1726,#1727);
#1380=AXIS2_PLACEMENT_3D('',#2131,#1729,#1730);
#1381=DIRECTION('axis',(0.,0.,1.));
#1382=DIRECTION('refdir',(1.,0.,0.));
#1383=DIRECTION('center_axis',(-2.22044604925031E-16,-1.,0.));
#1384=DIRECTION('ref_axis',(1.,-2.22044604925031E-16,2.13343357065468E-16));
#1385=DIRECTION('center_axis',(-2.22044604925031E-16,-1.,0.));
#1386=DIRECTION('ref_axis',(-1.,2.22044604925031E-16,-2.13343357065468E-16));
#1387=DIRECTION('',(-2.22044604925031E-16,-1.,0.));
#1388=DIRECTION('center_axis',(-2.22044604925031E-16,-1.,0.));
#1389=DIRECTION('ref_axis',(1.,-2.22044604925031E-16,2.13343357065468E-16));
#1390=DIRECTION('center_axis',(2.22044604925031E-16,1.,0.));
#1391=DIRECTION('ref_axis',(-1.,2.22044604925031E-16,-2.13343357065468E-16));
#1392=DIRECTION('center_axis',(-2.22044604925031E-16,-1.,0.));
#1393=DIRECTION('ref_axis',(1.,-2.22044604925031E-16,2.13343357065468E-16));
#1394=DIRECTION('',(2.22044604925031E-16,1.,0.));
#1395=DIRECTION('center_axis',(-2.22044604925031E-16,-1.,0.));
#1396=DIRECTION('ref_axis',(1.,-2.22044604925031E-16,2.13343357065468E-16));
#1397=DIRECTION('center_axis',(1.,-2.22044604925031E-16,2.13343357065468E-16));
#1398=DIRECTION('ref_axis',(2.22044604925031E-16,1.,0.));
#1399=DIRECTION('center_axis',(1.,-2.22044604925031E-16,2.13343357065468E-16));
#1400=DIRECTION('ref_axis',(2.22044604925031E-16,1.,0.));
#1401=DIRECTION('',(1.,-2.22044604925031E-16,2.13343357065468E-16));
#1402=DIRECTION('center_axis',(-1.,2.22044604925031E-16,-2.13343357065468E-16));
#1403=DIRECTION('ref_axis',(2.22044604925031E-16,1.,0.));
#1404=DIRECTION('center_axis',(1.,-2.22044604925031E-16,2.13343357065468E-16));
#1405=DIRECTION('ref_axis',(2.22044604925031E-16,1.,0.));
#1406=DIRECTION('center_axis',(-1.,2.22044604925031E-16,-2.13343357065468E-16));
#1407=DIRECTION('ref_axis',(2.22044604925031E-16,1.,0.));
#1408=DIRECTION('',(1.,-2.22044604925031E-16,2.13343357065468E-16));
#1409=DIRECTION('center_axis',(1.,-2.22044604925031E-16,2.13343357065468E-16));
#1410=DIRECTION('ref_axis',(2.22044604925031E-16,1.,0.));
#1411=DIRECTION('center_axis',(2.22044604925031E-16,1.,0.));
#1412=DIRECTION('ref_axis',(1.,-2.22044604925031E-16,-6.34884765315858E-14));
#1413=DIRECTION('center_axis',(-0.987080395871598,2.19175876530553E-16,
0.160225753504138));
#1414=DIRECTION('ref_axis',(-0.160225753504138,3.55772641356418E-17,-0.987080395871598));
#1415=DIRECTION('center_axis',(-2.22044604925031E-16,-1.,0.));
#1416=DIRECTION('ref_axis',(1.,-2.22044604925031E-16,2.13343357065468E-16));
#1417=DIRECTION('center_axis',(0.0631388927454949,-1.40196504950773E-17,
-0.998004749599356));
#1418=DIRECTION('ref_axis',(0.998004749599356,-2.21601570338094E-16,0.0631388927454949));
#1419=DIRECTION('center_axis',(2.22044604925031E-16,1.,0.));
#1420=DIRECTION('ref_axis',(-1.,2.22044604925031E-16,-2.13343357065468E-16));
#1421=DIRECTION('',(-0.0222991149688345,-0.99026806874157,-0.137375039590339));
#1422=DIRECTION('center_axis',(2.22044604925031E-16,1.,0.));
#1423=DIRECTION('ref_axis',(1.,-2.22044604925031E-16,2.13343357065468E-16));
#1424=DIRECTION('',(0.138895415774616,-0.99026806874157,0.00878723549457541));
#1425=DIRECTION('center_axis',(2.22044604925031E-16,1.,0.));
#1426=DIRECTION('ref_axis',(1.,-2.22044604925031E-16,2.13343357065468E-16));
#1427=DIRECTION('center_axis',(-0.0631388927454949,1.40196504950773E-17,
0.998004749599356));
#1428=DIRECTION('ref_axis',(0.998004749599356,-2.21601570338094E-16,0.0631388927454949));
#1429=DIRECTION('center_axis',(-2.22044604925031E-16,-1.,0.));
#1430=DIRECTION('ref_axis',(1.,-2.22044604925031E-16,2.13343357065468E-16));
#1431=DIRECTION('center_axis',(0.987080395871598,-2.19175876530553E-16,
-0.160225753504138));
#1432=DIRECTION('ref_axis',(-0.160225753504138,3.55772641356418E-17,-0.987080395871598));
#1433=DIRECTION('center_axis',(-2.22044604925031E-16,-1.,0.));
#1434=DIRECTION('ref_axis',(-1.,2.22044604925031E-16,-2.13343357065468E-16));
#1435=DIRECTION('',(0.138895415774616,0.99026806874157,0.00878723549457541));
#1436=DIRECTION('',(-0.0222991149688341,0.99026806874157,-0.137375039590339));
#1437=DIRECTION('center_axis',(-2.22044604925031E-16,-1.,0.));
#1438=DIRECTION('ref_axis',(1.,-2.22044604925031E-16,2.13343357065468E-16));
#1439=DIRECTION('center_axis',(7.31246931496426E-16,1.,-1.3010426069825E-18));
#1440=DIRECTION('ref_axis',(-0.0737124372529591,5.51994967241508E-17,0.997279537839932));
#1441=DIRECTION('',(-2.22044604925031E-16,-1.,0.));
#1442=DIRECTION('center_axis',(-2.22044604925031E-16,-1.,0.));
#1443=DIRECTION('ref_axis',(-1.,2.22044604925031E-16,-2.13343357065468E-16));
#1444=DIRECTION('center_axis',(2.22044604925031E-16,1.,0.));
#1445=DIRECTION('ref_axis',(-1.,2.22044604925031E-16,-2.13343357065468E-16));
#1446=DIRECTION('center_axis',(-9.7896679911863E-16,-1.,1.24683249835817E-18));
#1447=DIRECTION('ref_axis',(0.0737124372529591,-7.34054692904887E-17,-0.997279537839932));
#1448=DIRECTION('',(2.22044604925031E-16,1.,0.));
#1449=DIRECTION('center_axis',(-2.22044604925031E-16,-1.,0.));
#1450=DIRECTION('ref_axis',(1.,-2.22044604925031E-16,2.13343357065468E-16));
#1451=DIRECTION('center_axis',(-2.22044604925031E-16,-1.,0.));
#1452=DIRECTION('ref_axis',(1.,-2.22044604925031E-16,2.13343357065468E-16));
#1453=DIRECTION('',(-2.13343357065468E-16,4.73717414329817E-32,1.));
#1454=DIRECTION('',(-1.,9.79068443072301E-16,-4.07632386374871E-16));
#1455=DIRECTION('',(2.13343357065468E-16,-4.73717414329817E-32,-1.));
#1456=DIRECTION('',(1.,-2.22044604925031E-16,2.13343357065468E-16));
#1457=DIRECTION('center_axis',(1.,-2.22044604925031E-16,2.13343357065468E-16));
#1458=DIRECTION('ref_axis',(2.22044604925031E-16,1.,0.));
#1459=DIRECTION('',(-2.22044604925031E-16,-1.,1.24683249835833E-18));
#1460=DIRECTION('',(2.13343357065468E-16,-1.24683249835838E-18,-1.));
#1461=DIRECTION('',(2.22044604925031E-16,1.,0.));
#1462=DIRECTION('',(2.13343357065468E-16,-4.73717414329817E-32,-1.));
#1463=DIRECTION('',(2.22044604925031E-16,1.,0.));
#1464=DIRECTION('center_axis',(-1.,2.22044604925031E-16,-2.13343357065468E-16));
#1465=DIRECTION('ref_axis',(-2.22044604925031E-16,-1.,0.));
#1466=DIRECTION('',(2.22044604925031E-16,1.,-1.24683249835833E-18));
#1467=DIRECTION('',(2.22044604925031E-16,1.,0.));
#1468=DIRECTION('',(-2.13343357065468E-16,4.73717414329817E-32,1.));
#1469=DIRECTION('',(2.22044604925031E-16,1.,0.));
#1470=DIRECTION('',(-2.13343357065468E-16,1.24683249835838E-18,1.));
#1471=DIRECTION('center_axis',(2.22044604925031E-16,1.,0.));
#1472=DIRECTION('ref_axis',(-1.,2.22044604925031E-16,-2.13343357065468E-16));
#1473=DIRECTION('center_axis',(-9.7896679911863E-16,-1.,1.24683249835817E-18));
#1474=DIRECTION('ref_axis',(1.,-9.7896679911863E-16,2.13343357065468E-16));
#1475=DIRECTION('center_axis',(-2.22044604925031E-16,-1.,0.));
#1476=DIRECTION('ref_axis',(1.,-2.22044604925031E-16,2.13343357065468E-16));
#1477=DIRECTION('center_axis',(-1.,2.22044604925031E-16,-2.13343357065468E-16));
#1478=DIRECTION('ref_axis',(-2.22044604925031E-16,-1.,0.));
#1479=DIRECTION('',(-2.22044604925031E-16,-1.,0.));
#1480=DIRECTION('',(2.13343357065468E-16,-1.30104260698265E-18,-1.));
#1481=DIRECTION('',(2.22044604925031E-16,1.,-1.24683249835833E-18));
#1482=DIRECTION('',(2.13343357065468E-16,-4.73717414329817E-32,-1.));
#1483=DIRECTION('',(-2.22044604925031E-16,-1.,0.));
#1484=DIRECTION('',(2.13343357065468E-16,-4.73717414329817E-32,-1.));
#1485=DIRECTION('center_axis',(-2.22044604925031E-16,-1.,0.));
#1486=DIRECTION('ref_axis',(1.,-2.22044604925031E-16,2.13343357065468E-16));
#1487=DIRECTION('',(-2.22044604925031E-16,-1.,0.));
#1488=DIRECTION('center_axis',(-7.31246931496426E-16,-1.,1.3010426069825E-18));
#1489=DIRECTION('ref_axis',(-1.,7.31246931496426E-16,-2.13343357065468E-16));
#1490=DIRECTION('center_axis',(-2.22044604925031E-16,-1.,0.));
#1491=DIRECTION('ref_axis',(1.,-2.22044604925031E-16,2.13343357065468E-16));
#1492=DIRECTION('center_axis',(1.,-2.22044604925031E-16,2.13343357065468E-16));
#1493=DIRECTION('ref_axis',(2.22044604925031E-16,1.,0.));
#1494=DIRECTION('',(-2.22044604925031E-16,-1.,1.24683249835833E-18));
#1495=DIRECTION('',(-2.13343357065468E-16,1.30104260698265E-18,1.));
#1496=DIRECTION('',(-2.13343357065468E-16,4.73717414329817E-32,1.));
#1497=DIRECTION('',(-2.22044604925031E-16,-1.,0.));
#1498=DIRECTION('',(-2.13343357065468E-16,4.73717414329817E-32,1.));
#1499=DIRECTION('center_axis',(2.22044604925031E-16,1.,0.));
#1500=DIRECTION('ref_axis',(1.,-2.22044604925031E-16,2.13343357065468E-16));
#1501=DIRECTION('',(1.,-2.22044604925031E-16,-8.70124785956329E-18));
#1502=DIRECTION('',(1.,-2.22044604925031E-16,2.13343357065468E-16));
#1503=DIRECTION('center_axis',(0.,0.,-1.));
#1504=DIRECTION('ref_axis',(-1.,2.22044604925031E-16,0.));
#1505=DIRECTION('',(2.22044604925031E-16,1.,0.));
#1506=DIRECTION('',(-1.,2.40709730106824E-16,0.));
#1507=DIRECTION('',(0.140034200757605,0.990146667225709,0.));
#1508=DIRECTION('center_axis',(-1.39366533283049E-15,1.36637371101486E-15,
1.));
#1509=DIRECTION('ref_axis',(1.,3.57244662573341E-12,1.39366533282561E-15));
#1510=DIRECTION('',(-1.,2.22044604925031E-16,0.));
#1511=DIRECTION('',(-1.,2.22044604925031E-16,0.));
#1512=DIRECTION('center_axis',(1.48190418017795E-15,9.22284501164786E-16,
1.));
#1513=DIRECTION('ref_axis',(1.,2.71323140712701E-11,-1.48190418020297E-15));
#1514=DIRECTION('',(0.139445936166949,-0.990229685924697,-3.94430452610506E-33));
#1515=DIRECTION('',(-0.139445936166949,-0.990229685924697,3.94430452610506E-33));
#1516=DIRECTION('center_axis',(2.15745793539133E-15,-2.73274742202971E-15,
1.));
#1517=DIRECTION('ref_axis',(1.,-2.15857599859184E-11,-2.15745793545032E-15));
#1518=DIRECTION('',(1.,-2.22044604925031E-16,0.));
#1519=DIRECTION('',(1.,-2.22044604925031E-16,0.));
#1520=DIRECTION('center_axis',(9.66978618699548E-16,1.36637371101485E-15,
1.));
#1521=DIRECTION('ref_axis',(1.,5.68419288877748E-12,-9.66978618707315E-16));
#1522=DIRECTION('',(-0.140034200757604,0.990146667225709,0.));
#1523=DIRECTION('',(1.,-2.03379479743239E-16,0.));
#1524=DIRECTION('',(1.,-2.22044604925031E-16,0.));
#1525=DIRECTION('',(-2.22044604925031E-16,-1.,0.));
#1526=DIRECTION('',(-1.,2.22044604925031E-16,0.));
#1527=DIRECTION('',(-2.22044604925031E-16,-1.,0.));
#1528=DIRECTION('',(-2.22044604925031E-16,-1.,0.));
#1529=DIRECTION('',(-1.,2.22044604925031E-16,0.));
#1530=DIRECTION('',(2.22044604925031E-16,1.,0.));
#1531=DIRECTION('',(-1.,2.22044604925031E-16,0.));
#1532=DIRECTION('',(-2.22044604925031E-16,-1.,0.));
#1533=DIRECTION('',(1.,-2.22044604925031E-16,0.));
#1534=DIRECTION('',(2.22044604925031E-16,1.,0.));
#1535=DIRECTION('',(1.,-2.22044604925031E-16,0.));
#1536=DIRECTION('center_axis',(0.984058046802488,0.139173100960065,0.11072763201853));
#1537=DIRECTION('ref_axis',(-0.140034200757604,0.990146667225709,-3.10553521496262E-17));
#1538=DIRECTION('',(0.099274188740554,0.0867252035321726,-0.991273612340311));
#1539=DIRECTION('',(-0.111815815852007,2.8494236894885E-17,0.99372894861997));
#1540=DIRECTION('',(-0.138300339293227,0.99026806874157,-0.0155617538285034));
#1541=DIRECTION('',(0.111815815852007,-2.48280986552289E-17,-0.99372894861997));
#1542=DIRECTION('',(-0.140034200757604,0.990146667225709,-2.31053072285517E-16));
#1543=DIRECTION('center_axis',(-0.984058046802489,-0.139173100960065,-0.110727632018529));
#1544=DIRECTION('ref_axis',(-0.177847576658417,0.770066213278822,0.612673050364666));
#1545=DIRECTION('center_axis',(-0.988292235980669,0.139173100960066,-0.0625244293815617));
#1546=DIRECTION('ref_axis',(-0.139445936166949,-0.990229685924697,-3.03623047433776E-17));
#1547=DIRECTION('',(0.0631388927454942,-1.40196504950772E-17,-0.998004749599356));
#1548=DIRECTION('',(-0.0631388927454942,1.40196504950772E-17,0.998004749599356));
#1549=DIRECTION('center_axis',(-2.22044604925031E-16,-1.,0.));
#1550=DIRECTION('ref_axis',(1.,-2.22044604925031E-16,2.13343357065468E-16));
#1551=DIRECTION('',(-0.0631388927454942,1.40196504950772E-17,0.998004749599356));
#1552=DIRECTION('',(0.987080395871598,-2.19175876530553E-16,-0.160225753504138));
#1553=DIRECTION('center_axis',(2.22044604925031E-16,1.,0.));
#1554=DIRECTION('ref_axis',(1.,-2.22044604925031E-16,2.13343357065468E-16));
#1555=DIRECTION('',(0.111815815852007,-2.48280986552289E-17,-0.99372894861997));
#1556=DIRECTION('center_axis',(0.0631388927454942,-1.40196504950772E-17,
-0.998004749599356));
#1557=DIRECTION('ref_axis',(-0.998004749599356,2.21601570338094E-16,-0.0631388927454941));
#1558=DIRECTION('center_axis',(-0.111815815852007,2.48280986552289E-17,
0.99372894861997));
#1559=DIRECTION('ref_axis',(0.99372894861997,-2.20652151798888E-16,0.111815815852007));
#1560=DIRECTION('center_axis',(0.111815815852007,-2.4828098655229E-17,-0.99372894861997));
#1561=DIRECTION('ref_axis',(-0.99372894861997,2.20652151798888E-16,-0.111815815852007));
#1562=DIRECTION('center_axis',(-2.02605559420872E-16,-0.996194698091745,
-0.0871557427476621));
#1563=DIRECTION('ref_axis',(2.31883983647066E-16,0.0871557427476621,-0.996194698091745));
#1564=DIRECTION('',(-1.,2.22044604925031E-16,-2.13343357065468E-16));
#1565=DIRECTION('',(2.31883983647066E-16,0.0871557427476621,-0.996194698091745));
#1566=DIRECTION('',(1.,-2.22044604925031E-16,2.13343357065468E-16));
#1567=DIRECTION('',(2.31883983647066E-16,0.0871557427476621,-0.996194698091745));
#1568=DIRECTION('center_axis',(2.39793756911513E-16,0.996194698091745,-0.087155742747662));
#1569=DIRECTION('ref_axis',(-1.93179058716361E-16,0.087155742747662,0.996194698091745));
#1570=DIRECTION('',(-1.,2.22044604925031E-16,-2.13343357065468E-16));
#1571=DIRECTION('',(-1.93179058716361E-16,0.087155742747662,0.996194698091745));
#1572=DIRECTION('',(-1.,2.22044604925031E-16,-2.13343357065468E-16));
#1573=DIRECTION('',(0.099274188740554,-0.0867252035321726,-0.991273612340311));
#1574=DIRECTION('',(-1.93179058716361E-16,0.087155742747662,0.996194698091745));
#1575=DIRECTION('center_axis',(0.984058046802488,-0.139173100960066,0.11072763201853));
#1576=DIRECTION('ref_axis',(-0.140034200757605,-0.990146667225709,-3.10553521496262E-17));
#1577=DIRECTION('',(-0.111815815852007,2.11619604155727E-17,0.99372894861997));
#1578=DIRECTION('center_axis',(0.984058046802488,-0.139173100960067,0.110727632018531));
#1579=DIRECTION('ref_axis',(0.177847576658418,0.770066213279077,-0.612673050364344));
#1580=DIRECTION('',(-0.140034200757605,-0.990146667225709,1.71302339298303E-16));
#1581=DIRECTION('',(-0.138300339293227,-0.99026806874157,-0.0155617538285034));
#1582=DIRECTION('center_axis',(-0.988292235980669,-0.139173100960065,-0.0625244293815617));
#1583=DIRECTION('ref_axis',(-0.139445936166949,0.990229685924697,-3.03623047433776E-17));
#1584=DIRECTION('',(0.0631388927454942,-1.40196504950772E-17,-0.998004749599356));
#1585=DIRECTION('center_axis',(2.22044604925031E-16,1.,0.));
#1586=DIRECTION('ref_axis',(1.,-2.22044604925031E-16,2.13343357065468E-16));
#1587=DIRECTION('',(0.111815815852007,-2.48280986552289E-17,-0.99372894861997));
#1588=DIRECTION('center_axis',(2.22044604925031E-16,1.,0.));
#1589=DIRECTION('ref_axis',(1.,-2.22044604925031E-16,2.13343357065468E-16));
#1590=DIRECTION('',(0.987080395871598,-2.19175876530553E-16,-0.160225753504138));
#1591=DIRECTION('',(-0.0631388927454942,1.40196504950772E-17,0.998004749599356));
#1592=DIRECTION('center_axis',(0.0631388927454942,-1.40196504950772E-17,
-0.998004749599356));
#1593=DIRECTION('ref_axis',(-0.998004749599356,2.21601570338094E-16,-0.0631388927454941));
#1594=DIRECTION('center_axis',(-0.111815815852007,2.48280986552289E-17,
0.99372894861997));
#1595=DIRECTION('ref_axis',(0.99372894861997,-2.20652151798888E-16,0.111815815852007));
#1596=DIRECTION('center_axis',(-0.111815815852007,2.4828098655229E-17,0.99372894861997));
#1597=DIRECTION('ref_axis',(-0.99372894861997,2.20652151798888E-16,-0.111815815852007));
#1598=DIRECTION('center_axis',(-2.22044604925031E-16,-1.,0.));
#1599=DIRECTION('ref_axis',(1.,-2.22044604925031E-16,2.13343357065468E-16));
#1600=DIRECTION('center_axis',(-2.22044604925031E-16,-1.,0.));
#1601=DIRECTION('ref_axis',(1.,-2.22044604925031E-16,2.13343357065468E-16));
#1602=DIRECTION('',(-0.0222991149688337,0.99026806874157,-0.137375039590339));
#1603=DIRECTION('center_axis',(2.22044604925031E-16,1.,0.));
#1604=DIRECTION('ref_axis',(1.,-2.22044604925031E-16,2.13343357065468E-16));
#1605=DIRECTION('center_axis',(0.158666447485205,0.139173100960065,0.977474197312432));
#1606=DIRECTION('ref_axis',(0.987080395871598,-2.21311898868064E-16,-0.160225753504138));
#1607=DIRECTION('',(-0.987080395871598,2.19175876530553E-16,0.160225753504138));
#1608=DIRECTION('',(0.987080395871598,-2.19175876530553E-16,-0.160225753504138));
#1609=DIRECTION('center_axis',(-0.987080395871598,2.19175876530553E-16,
0.160225753504138));
#1610=DIRECTION('ref_axis',(0.160225753504138,-3.55772641356417E-17,0.987080395871598));
#1611=DIRECTION('center_axis',(0.987080395871598,-2.19175876530553E-16,
-0.160225753504139));
#1612=DIRECTION('ref_axis',(-0.160225753504139,3.5577264135642E-17,-0.987080395871598));
#1613=DIRECTION('center_axis',(-1.,2.22044604925031E-16,-2.13343357065468E-16));
#1614=DIRECTION('ref_axis',(-2.22044604925031E-16,-1.,0.));
#1615=DIRECTION('',(-1.,2.22044604925031E-16,-2.13343357065468E-16));
#1616=DIRECTION('center_axis',(-1.,2.22044604925031E-16,-2.13343357065468E-16));
#1617=DIRECTION('ref_axis',(-2.22044604925031E-16,-1.,0.));
#1618=DIRECTION('center_axis',(2.13343357065468E-16,-2.03179703018735E-16,
-1.));
#1619=DIRECTION('ref_axis',(2.22044604925031E-16,1.,-2.03179703018735E-16));
#1620=DIRECTION('',(-1.,2.22044604925031E-16,-2.13343357065468E-16));
#1621=DIRECTION('',(2.22044604925031E-16,1.,-2.03179703018735E-16));
#1622=DIRECTION('center_axis',(-1.,2.22044604925031E-16,-2.13343357065468E-16));
#1623=DIRECTION('ref_axis',(-2.22044604925031E-16,-1.,0.));
#1624=DIRECTION('center_axis',(-1.,2.22044604925031E-16,-2.13343357065468E-16));
#1625=DIRECTION('ref_axis',(-2.22044604925031E-16,-1.,0.));
#1626=DIRECTION('center_axis',(2.22044604925031E-16,1.,0.));
#1627=DIRECTION('ref_axis',(1.,-2.22044604925031E-16,2.13343357065468E-16));
#1628=DIRECTION('',(-0.0222991149688342,-0.99026806874157,-0.137375039590339));
#1629=DIRECTION('center_axis',(-2.22044604925031E-16,-1.,0.));
#1630=DIRECTION('ref_axis',(1.,-2.22044604925031E-16,2.13343357065468E-16));
#1631=DIRECTION('center_axis',(0.158666447485205,-0.139173100960066,0.977474197312432));
#1632=DIRECTION('ref_axis',(0.987080395871598,-2.17039854193041E-16,-0.160225753504138));
#1633=DIRECTION('',(-0.987080395871598,2.19175876530553E-16,0.160225753504138));
#1634=DIRECTION('center_axis',(-0.987080395871598,2.19175876530553E-16,
0.160225753504138));
#1635=DIRECTION('ref_axis',(0.160225753504138,-3.55772641356417E-17,0.987080395871598));
#1636=DIRECTION('center_axis',(-0.987080395871598,2.19175876530553E-16,
0.160225753504139));
#1637=DIRECTION('ref_axis',(-0.160225753504139,3.5577264135642E-17,-0.987080395871598));
#1638=DIRECTION('center_axis',(2.13343357065468E-16,-4.73717414329817E-32,
-1.));
#1639=DIRECTION('ref_axis',(-1.,2.22044604925031E-16,-2.13343357065468E-16));
#1640=DIRECTION('',(2.22044604925031E-16,1.,0.));
#1641=DIRECTION('',(2.22044604925031E-16,1.,0.));
#1642=DIRECTION('center_axis',(-1.,2.22044604925031E-16,-2.13343357065468E-16));
#1643=DIRECTION('ref_axis',(-2.22044604925031E-16,-1.,0.));
#1644=DIRECTION('center_axis',(-1.,2.22044604925031E-16,-2.13343357065468E-16));
#1645=DIRECTION('ref_axis',(-2.22044604925031E-16,-1.,0.));
#1646=DIRECTION('center_axis',(1.,-2.22044604925031E-16,2.13343357065468E-16));
#1647=DIRECTION('ref_axis',(2.22044604925031E-16,1.,0.));
#1648=DIRECTION('',(-2.13343357065468E-16,4.73717414329817E-32,1.));
#1649=DIRECTION('',(-2.9896794717109E-16,-0.866025403784438,0.5));
#1650=DIRECTION('',(-8.56245901056221E-17,-0.866025403784438,-0.500000000000001));
#1651=DIRECTION('',(2.13343357065468E-16,-4.23187210911877E-16,-1.));
#1652=DIRECTION('center_axis',(1.,-2.22044604925031E-16,2.13343357065468E-16));
#1653=DIRECTION('ref_axis',(2.22044604925031E-16,1.,0.));
#1654=DIRECTION('',(2.13343357065468E-16,-4.73717414329817E-32,-1.));
#1655=DIRECTION('',(-8.56245901056221E-17,-0.866025403784438,-0.500000000000001));
#1656=DIRECTION('',(-2.9896794717109E-16,-0.866025403784438,0.5));
#1657=DIRECTION('',(-2.13343357065468E-16,4.73717414329817E-32,1.));
#1658=DIRECTION('center_axis',(2.22044604925031E-16,1.,0.));
#1659=DIRECTION('ref_axis',(-1.,2.22044604925031E-16,-2.13343357065468E-16));
#1660=DIRECTION('',(1.,-2.22044604925031E-16,2.13343357065468E-16));
#1661=DIRECTION('center_axis',(-2.22044604925031E-16,-1.,0.));
#1662=DIRECTION('ref_axis',(1.,-2.22044604925031E-16,2.13343357065468E-16));
#1663=DIRECTION('',(1.,-2.22044604925031E-16,2.13343357065468E-16));
#1664=DIRECTION('center_axis',(-2.95783069409865E-16,-0.500000000000001,
0.866025403784438));
#1665=DIRECTION('ref_axis',(-8.56245901056221E-17,-0.866025403784438,-0.500000000000001));
#1666=DIRECTION('',(1.,-2.22044604925031E-16,2.13343357065468E-16));
#1667=DIRECTION('center_axis',(-7.37384644848339E-17,0.5,0.866025403784439));
#1668=DIRECTION('ref_axis',(-2.9896794717109E-16,-0.866025403784439,0.5));
#1669=DIRECTION('center_axis',(1.,-2.22044604925031E-16,2.13343357065468E-16));
#1670=DIRECTION('ref_axis',(2.22044604925031E-16,1.,0.));
#1671=DIRECTION('center_axis',(1.,-2.22044604925031E-16,2.13343357065468E-16));
#1672=DIRECTION('ref_axis',(2.22044604925031E-16,1.,0.));
#1673=DIRECTION('',(-2.13343357065468E-16,4.73717414329817E-32,1.));
#1674=DIRECTION('',(-2.22044604925031E-16,-1.,0.));
#1675=DIRECTION('',(-2.13343357065468E-16,4.73717414329817E-32,1.));
#1676=DIRECTION('center_axis',(-1.,2.22044604925031E-16,-2.13343357065468E-16));
#1677=DIRECTION('ref_axis',(-2.22044604925031E-16,-1.,0.));
#1678=DIRECTION('',(2.13343357065468E-16,-4.73717414329817E-32,-1.));
#1679=DIRECTION('',(-2.22044604925031E-16,-1.,0.));
#1680=DIRECTION('',(2.13343357065468E-16,-4.73717414329817E-32,-1.));
#1681=DIRECTION('center_axis',(-0.500000000000001,1.11022302462516E-16,
0.866025403784438));
#1682=DIRECTION('ref_axis',(0.866025403784438,-1.92296268638356E-16,0.500000000000001));
#1683=DIRECTION('',(-0.866025403784438,1.92296268638356E-16,-0.500000000000001));
#1684=DIRECTION('',(-0.866025403784438,1.92296268638356E-16,-0.500000000000001));
#1685=DIRECTION('',(-2.22044604925031E-16,-1.,0.));
#1686=DIRECTION('center_axis',(0.5,-1.11022302462516E-16,0.866025403784439));
#1687=DIRECTION('ref_axis',(0.866025403784439,-1.92296268638356E-16,-0.5));
#1688=DIRECTION('',(-0.866025403784439,1.92296268638356E-16,0.5));
#1689=DIRECTION('',(-0.866025403784439,1.92296268638356E-16,0.5));
#1690=DIRECTION('center_axis',(-2.22044604925031E-16,-1.,0.));
#1691=DIRECTION('ref_axis',(1.,-2.22044604925031E-16,2.13343357065468E-16));
#1692=DIRECTION('center_axis',(-2.22044604925031E-16,-1.,0.));
#1693=DIRECTION('ref_axis',(1.,-2.22044604925031E-16,2.13343357065468E-16));
#1694=DIRECTION('center_axis',(2.22044604925031E-16,1.,0.));
#1695=DIRECTION('ref_axis',(1.,-2.22044604925031E-16,2.13343357065468E-16));
#1696=DIRECTION('center_axis',(2.22044604925031E-16,1.,0.));
#1697=DIRECTION('ref_axis',(1.,-2.22044604925031E-16,2.13343357065468E-16));
#1698=DIRECTION('',(2.13343357065468E-16,-4.73717414329817E-32,-1.));
#1699=DIRECTION('',(-0.866025403784438,1.92296268638356E-16,-0.500000000000001));
#1700=DIRECTION('',(-0.866025403784439,1.92296268638356E-16,0.5));
#1701=DIRECTION('',(-2.13343357065468E-16,4.73717414329817E-32,1.));
#1702=DIRECTION('center_axis',(2.22044604925031E-16,1.,0.));
#1703=DIRECTION('ref_axis',(1.,-2.22044604925031E-16,2.13343357065468E-16));
#1704=DIRECTION('',(-2.13343357065468E-16,4.73717414329817E-32,1.));
#1705=DIRECTION('',(-0.866025403784439,1.92296268638356E-16,0.5));
#1706=DIRECTION('',(-0.866025403784438,1.92296268638356E-16,-0.500000000000001));
#1707=DIRECTION('',(2.13343357065468E-16,-4.73717414329817E-32,-1.));
#1708=DIRECTION('center_axis',(-0.5,1.11022302462516E-16,-0.866025403784439));
#1709=DIRECTION('ref_axis',(-0.866025403784439,1.92296268638356E-16,0.5));
#1710=DIRECTION('',(2.22044604925031E-16,1.,0.));
#1711=DIRECTION('',(2.22044604925031E-16,1.,0.));
#1712=DIRECTION('center_axis',(0.500000000000001,-1.11022302462516E-16,
-0.866025403784438));
#1713=DIRECTION('ref_axis',(-0.866025403784438,1.92296268638356E-16,-0.500000000000001));
#1714=DIRECTION('',(2.22044604925031E-16,1.,0.));
#1715=DIRECTION('center_axis',(1.,-2.22044604925031E-16,2.13343357065468E-16));
#1716=DIRECTION('ref_axis',(2.22044604925031E-16,1.,0.));
#1717=DIRECTION('center_axis',(-1.,2.22044604925031E-16,-2.13343357065468E-16));
#1718=DIRECTION('ref_axis',(-2.22044604925031E-16,-1.,0.));
#1719=DIRECTION('center_axis',(-2.22044604925031E-16,-1.,0.));
#1720=DIRECTION('ref_axis',(1.,-2.22044604925031E-16,2.13343357065468E-16));
#1721=DIRECTION('center_axis',(7.31245633424735E-16,1.,-1.2834805728861E-18));
#1722=DIRECTION('ref_axis',(-0.0737124372529591,5.51818867828755E-17,0.997279537839932));
#1723=DIRECTION('',(-1.,7.31253707760005E-16,-5.46410264453015E-16));
#1724=DIRECTION('center_axis',(8.70128637050574E-18,1.24683249717209E-18,
1.));
#1725=DIRECTION('ref_axis',(0.999999999525602,-3.08025376326823E-5,-8.70124796077297E-18));
#1726=DIRECTION('center_axis',(-9.78966136737943E-16,-1.,1.23787093460124E-18));
#1727=DIRECTION('ref_axis',(0.0737124372529591,-7.3396483280632E-17,-0.997279537839932));
#1728=DIRECTION('',(1.,-9.78973575382208E-16,6.43554779107716E-16));
#1729=DIRECTION('center_axis',(8.70128637050574E-18,1.24683249717209E-18,
1.));
#1730=DIRECTION('ref_axis',(0.999999999525602,-3.08025376326823E-5,-8.70124796077297E-18));
#1731=CARTESIAN_POINT('',(0.,0.,0.));
#1732=CARTESIAN_POINT('Origin',(-14.0987179764768,99.5693609757769,8.));
#1733=CARTESIAN_POINT('',(-16.1487179764768,87.3693609757769,8.));
#1734=CARTESIAN_POINT('Origin',(-14.0987179764768,87.3693609757769,8.));
#1735=CARTESIAN_POINT('',(-16.1487179764768,86.5,8.));
#1736=CARTESIAN_POINT('',(-16.1487179764768,99.5693609757769,8.));
#1737=CARTESIAN_POINT('Origin',(-14.0987179764768,86.5,8.));
#1738=CARTESIAN_POINT('Origin',(-14.0987179764769,-99.5693609757769,8.));
#1739=CARTESIAN_POINT('',(-12.0487179764768,-87.3693609757769,8.));
#1740=CARTESIAN_POINT('Origin',(-14.0987179764768,-87.3693609757769,8.));
#1741=CARTESIAN_POINT('',(-12.0487179764768,-86.5,8.));
#1742=CARTESIAN_POINT('',(-12.0487179764768,-99.5693609757769,8.));
#1743=CARTESIAN_POINT('Origin',(-14.0987179764768,-86.5,8.));
#1744=CARTESIAN_POINT('Origin',(104.698883333441,-1.76896016353825E-14,
8.));
#1745=CARTESIAN_POINT('',(104.698883333441,-2.05000000000002,8.));
#1746=CARTESIAN_POINT('Origin',(104.698883333441,-1.76896016353825E-14,
8.));
#1747=CARTESIAN_POINT('',(111.498883333441,-2.05000000000002,8.));
#1748=CARTESIAN_POINT('',(104.698883333441,-2.05000000000002,8.));
#1749=CARTESIAN_POINT('Origin',(111.498883333441,-1.91995049488727E-14,
8.));
#1750=CARTESIAN_POINT('Origin',(104.698883333441,-1.76896016353825E-14,
8.));
#1751=CARTESIAN_POINT('',(114.698883333441,-2.05000000000002,8.));
#1752=CARTESIAN_POINT('Origin',(114.698883333441,-1.99100476846328E-14,
8.));
#1753=CARTESIAN_POINT('',(119.698883333441,-2.05000000000002,8.));
#1754=CARTESIAN_POINT('',(104.698883333441,-2.05000000000002,8.));
#1755=CARTESIAN_POINT('Origin',(119.698883333441,-2.1020270709258E-14,8.));
#1756=CARTESIAN_POINT('Ctrl Pts',(-36.8878316574534,-86.5,90.8689375382163));
#1757=CARTESIAN_POINT('Ctrl Pts',(-36.9275688425515,-86.5,91.4970432546638));
#1758=CARTESIAN_POINT('Ctrl Pts',(-36.4613349875672,-86.5,91.9197982988443));
#1759=CARTESIAN_POINT('Ctrl Pts',(-35.9951011325829,-86.5,92.3425533430249));
#1760=CARTESIAN_POINT('Ctrl Pts',(-35.3738707832392,-86.5,92.2417134304509));
#1761=CARTESIAN_POINT('Ctrl Pts',(-45.5633545884966,-86.5,90.3200795171757));
#1762=CARTESIAN_POINT('Ctrl Pts',(-45.8673572920802,-86.5,95.1252974878241));
#1763=CARTESIAN_POINT('Ctrl Pts',(-42.3005129857329,-86.5,98.3595144074982));
#1764=CARTESIAN_POINT('Ctrl Pts',(-38.7336686793856,-86.5,101.593731327172));
#1765=CARTESIAN_POINT('Ctrl Pts',(-33.9810495574615,-86.5,100.822272403347));
#1766=CARTESIAN_POINT('Ctrl Pts',(-46.77075401726,-77.8917310096007,90.2436932444006));
#1767=CARTESIAN_POINT('Ctrl Pts',(-47.1115353725281,-77.8917310096007,95.6302528805245));
#1768=CARTESIAN_POINT('Ctrl Pts',(-43.1131694947954,-77.8917310096007,99.255749667642));
#1769=CARTESIAN_POINT('Ctrl Pts',(-39.1148036170627,-77.8917310096007,102.88124645476));
#1770=CARTESIAN_POINT('Ctrl Pts',(-33.787206308387,-77.8917310096007,102.016455403575));
#1771=CARTESIAN_POINT('',(-36.8878316574534,-86.5,90.8689375382163));
#1772=CARTESIAN_POINT('',(-35.3738707832392,-86.5,92.2417134304509));
#1773=CARTESIAN_POINT('Origin',(-35.5833070925031,-86.5,90.9514684446306));
#1774=CARTESIAN_POINT('',(-33.7872063083872,-77.8917310096007,102.016455403575));
#1775=CARTESIAN_POINT('Origin',(-35.3738707832392,-76.5,92.2417134304509));
#1776=CARTESIAN_POINT('',(-46.7707540172601,-77.8917310096007,90.2436932444006));
#1777=CARTESIAN_POINT('Origin',(-35.5833070925031,-77.8917310096007,90.9514684446306));
#1778=CARTESIAN_POINT('Origin',(-36.8878316574534,-76.5,90.8689375382163));
#1779=CARTESIAN_POINT('Origin',(-35.5833070925031,-86.5,90.9514684446306));
#1780=CARTESIAN_POINT('',(-32.0332199689994,-1.20676358483797E-15,112.821993791582));
#1781=CARTESIAN_POINT('',(-33.9810495574616,-86.5,100.822272403347));
#1782=CARTESIAN_POINT('',(-57.6958809656949,4.49149183749828E-15,89.5525137496086));
#1783=CARTESIAN_POINT('Origin',(-35.583307092503,2.73370897235787E-14,90.9514684446306));
#1784=CARTESIAN_POINT('',(-45.5633545884966,-86.5,90.3200795171757));
#1785=CARTESIAN_POINT('Ctrl Pts',(-35.3738707832392,86.5,92.2417134304509));
#1786=CARTESIAN_POINT('Ctrl Pts',(-35.9951011325829,86.5,92.3425533430249));
#1787=CARTESIAN_POINT('Ctrl Pts',(-36.4613349875671,86.5,91.9197982988443));
#1788=CARTESIAN_POINT('Ctrl Pts',(-36.9275688425514,86.5,91.4970432546638));
#1789=CARTESIAN_POINT('Ctrl Pts',(-36.8878316574533,86.5,90.8689375382163));
#1790=CARTESIAN_POINT('Ctrl Pts',(-33.9810495574615,86.5,100.822272403347));
#1791=CARTESIAN_POINT('Ctrl Pts',(-38.7336686793855,86.5,101.593731327172));
#1792=CARTESIAN_POINT('Ctrl Pts',(-42.3005129857329,86.5,98.3595144074982));
#1793=CARTESIAN_POINT('Ctrl Pts',(-45.8673572920802,86.5,95.1252974878241));
#1794=CARTESIAN_POINT('Ctrl Pts',(-45.5633545884966,86.5,90.3200795171757));
#1795=CARTESIAN_POINT('Ctrl Pts',(-33.787206308387,77.8917310096007,102.016455403575));
#1796=CARTESIAN_POINT('Ctrl Pts',(-39.1148036170626,77.8917310096007,102.88124645476));
#1797=CARTESIAN_POINT('Ctrl Pts',(-43.1131694947954,77.8917310096007,99.255749667642));
#1798=CARTESIAN_POINT('Ctrl Pts',(-47.1115353725281,77.8917310096007,95.6302528805245));
#1799=CARTESIAN_POINT('Ctrl Pts',(-46.77075401726,77.8917310096007,90.2436932444006));
#1800=CARTESIAN_POINT('',(-36.8878316574533,86.5,90.8689375382163));
#1801=CARTESIAN_POINT('',(-35.3738707832392,86.5,92.2417134304509));
#1802=CARTESIAN_POINT('Origin',(-35.583307092503,86.5,90.9514684446306));
#1803=CARTESIAN_POINT('',(-46.77075401726,77.8917310096007,90.2436932444006));
#1804=CARTESIAN_POINT('Origin',(-36.8878316574533,76.5,90.8689375382163));
#1805=CARTESIAN_POINT('',(-33.7872063083871,77.8917310096007,102.016455403575));
#1806=CARTESIAN_POINT('Origin',(-35.583307092503,77.8917310096007,90.9514684446306));
#1807=CARTESIAN_POINT('Origin',(-35.3738707832392,76.5,92.2417134304509));
#1808=CARTESIAN_POINT('Origin',(-35.583307092503,86.5,90.9514684446306));
#1809=CARTESIAN_POINT('',(-45.5633545884966,86.5,90.3200795171757));
#1810=CARTESIAN_POINT('',(-33.9810495574616,86.5,100.822272403347));
#1811=CARTESIAN_POINT('Origin',(-14.0987179764768,99.5693609757769,8.));
#1812=CARTESIAN_POINT('',(-16.1487179764768,95.528889104933,8.));
#1813=CARTESIAN_POINT('Origin',(-14.0987179764768,95.528889104933,8.00000000000002));
#1814=CARTESIAN_POINT('',(-16.1487179764768,90.5693609757769,8.));
#1815=CARTESIAN_POINT('',(-16.1487179764768,99.5693609757769,8.));
#1816=CARTESIAN_POINT('Origin',(-14.0987179764768,90.5693609757769,8.));
#1817=CARTESIAN_POINT('Origin',(-14.0987179764769,-99.5693609757769,8.));
#1818=CARTESIAN_POINT('',(-12.0487179764768,-95.5039953602147,8.));
#1819=CARTESIAN_POINT('Origin',(-14.0987179764769,-95.5039953602147,8.00000000000001));
#1820=CARTESIAN_POINT('',(-12.0487179764768,-90.5693609757769,8.));
#1821=CARTESIAN_POINT('',(-12.0487179764768,-99.5693609757769,8.));
#1822=CARTESIAN_POINT('Origin',(-14.0987179764769,-90.5693609757769,8.));
#1823=CARTESIAN_POINT('Origin',(-14.0987179764769,-99.5693609757769,8.));
#1824=CARTESIAN_POINT('',(-4.09871797647684,-99.5693609757769,-5.));
#1825=CARTESIAN_POINT('',(-4.09871797647685,-99.5693609757769,1.33226762955019E-14));
#1826=CARTESIAN_POINT('',(-4.09871797647684,-99.5693609757769,-5.));
#1827=CARTESIAN_POINT('',(-24.0987179764768,-99.5693609757768,0.));
#1828=CARTESIAN_POINT('',(-0.0987179764769264,-99.5693609757769,1.33226762955019E-14));
#1829=CARTESIAN_POINT('',(-24.0987179764768,-99.5693609757769,-5.00000000000001));
#1830=CARTESIAN_POINT('',(-24.0987179764768,-99.5693609757769,-5.00000000000001));
#1831=CARTESIAN_POINT('',(-24.0987179764768,-99.5693609757769,-5.00000000000001));
#1832=CARTESIAN_POINT('Origin',(-24.0987179764768,-99.5693609757769,-5.00000000000001));
#1833=CARTESIAN_POINT('',(-24.0987179764768,-95.5039953602147,0.));
#1834=CARTESIAN_POINT('',(-24.0987179764768,-99.5693609757769,8.88178419700125E-15));
#1835=CARTESIAN_POINT('',(-24.0987179764768,-95.5039953602147,8.00000000000001));
#1836=CARTESIAN_POINT('',(-24.0987179764768,-95.5039953602147,-5.00000000000001));
#1837=CARTESIAN_POINT('',(-24.0987179764768,-86.5,8.00000000000001));
#1838=CARTESIAN_POINT('',(-24.0987179764768,-99.5693609757769,8.00000000000001));
#1839=CARTESIAN_POINT('',(-24.0987179764768,-86.5,-5.));
#1840=CARTESIAN_POINT('',(-24.0987179764768,-86.5,-5.00000000000001));
#1841=CARTESIAN_POINT('',(-24.0987179764768,-99.5693609757769,-5.00000000000001));
#1842=CARTESIAN_POINT('Origin',(-4.09871797647684,-99.5693609757769,-5.));
#1843=CARTESIAN_POINT('',(-4.09871797647685,-95.5039953602148,1.33226762955019E-14));
#1844=CARTESIAN_POINT('',(-4.09871797647685,-99.5693609757769,4.44089209850063E-15));
#1845=CARTESIAN_POINT('',(-4.09871797647684,-86.5,-5.));
#1846=CARTESIAN_POINT('',(-4.09871797647684,-99.5693609757769,-5.));
#1847=CARTESIAN_POINT('',(-4.09871797647684,-86.5,8.));
#1848=CARTESIAN_POINT('',(-4.09871797647684,-86.5,-5.));
#1849=CARTESIAN_POINT('',(-4.09871797647685,-95.5039953602148,8.));
#1850=CARTESIAN_POINT('',(-4.09871797647685,-99.5693609757769,8.));
#1851=CARTESIAN_POINT('',(-4.09871797647684,-95.5039953602148,-5.));
#1852=CARTESIAN_POINT('Origin',(-14.0987179764769,-99.5693609757769,8.));
#1853=CARTESIAN_POINT('Origin',(-14.0987179764769,-95.5039953602147,8.));
#1854=CARTESIAN_POINT('Origin',(-14.0987179764768,-86.5,8.));
#1855=CARTESIAN_POINT('Origin',(-24.0987179764768,99.5693609757769,-5.00000000000001));
#1856=CARTESIAN_POINT('',(-24.0987179764768,95.528889104933,8.));
#1857=CARTESIAN_POINT('',(-24.0987179764768,86.5,8.00000000000001));
#1858=CARTESIAN_POINT('',(-24.0987179764768,99.5693609757769,8.00000000000001));
#1859=CARTESIAN_POINT('',(-24.0987179764768,95.528889104933,0.));
#1860=CARTESIAN_POINT('',(-24.0987179764768,95.528889104933,-5.00000000000001));
#1861=CARTESIAN_POINT('',(-24.0987179764768,99.5693609757769,0.));
#1862=CARTESIAN_POINT('',(-24.0987179764768,99.5693609757769,8.88178419700125E-15));
#1863=CARTESIAN_POINT('',(-24.0987179764768,99.5693609757769,-5.00000000000001));
#1864=CARTESIAN_POINT('',(-24.0987179764768,99.5693609757769,-5.00000000000001));
#1865=CARTESIAN_POINT('',(-24.0987179764768,86.5,-5.00000000000001));
#1866=CARTESIAN_POINT('',(-24.0987179764768,99.5693609757769,-5.00000000000001));
#1867=CARTESIAN_POINT('',(-24.0987179764768,86.5,-5.00000000000001));
#1868=CARTESIAN_POINT('Origin',(-14.0987179764768,99.5693609757769,8.));
#1869=CARTESIAN_POINT('',(-4.0987179764768,95.528889104933,8.));
#1870=CARTESIAN_POINT('',(-4.09871797647681,86.5,8.));
#1871=CARTESIAN_POINT('',(-4.0987179764768,99.5693609757769,8.));
#1872=CARTESIAN_POINT('Origin',(-14.0987179764768,95.528889104933,8.));
#1873=CARTESIAN_POINT('Origin',(-14.0987179764768,86.5,8.));
#1874=CARTESIAN_POINT('Origin',(-4.0987179764768,99.5693609757769,-5.));
#1875=CARTESIAN_POINT('',(-4.0987179764768,99.5693609757769,4.44089209850063E-15));
#1876=CARTESIAN_POINT('',(-4.0987179764768,95.528889104933,1.33226762955019E-14));
#1877=CARTESIAN_POINT('',(-4.0987179764768,99.5693609757769,4.44089209850063E-15));
#1878=CARTESIAN_POINT('',(-4.0987179764768,95.528889104933,-5.));
#1879=CARTESIAN_POINT('',(-4.0987179764768,86.5,-5.));
#1880=CARTESIAN_POINT('',(-4.0987179764768,86.5,-5.));
#1881=CARTESIAN_POINT('',(-4.0987179764768,99.5693609757769,-5.));
#1882=CARTESIAN_POINT('',(-4.0987179764768,99.5693609757769,-5.));
#1883=CARTESIAN_POINT('',(-4.0987179764768,99.5693609757769,-5.));
#1884=CARTESIAN_POINT('Origin',(-14.0987179764768,99.5693609757769,8.));
#1885=CARTESIAN_POINT('',(-14.0987179764768,99.5693609757769,0.));
#1886=CARTESIAN_POINT('',(-24.0987179764768,99.5693609757769,-5.00000000000001));
#1887=CARTESIAN_POINT('Origin',(-1.25038177407141,5.83586107751253E-15,
-5.));
#1888=CARTESIAN_POINT('',(123.698883333438,-62.9894482095158,-5.));
#1889=CARTESIAN_POINT('',(123.698883333438,62.9894482095157,-5.));
#1890=CARTESIAN_POINT('',(123.698883333438,-2.19084491289573E-14,-5.));
#1891=CARTESIAN_POINT('',(16.7995597805098,-62.9894482095157,-5.));
#1892=CARTESIAN_POINT('',(124.354328371594,-62.9894482095158,-5.));
#1893=CARTESIAN_POINT('',(14.6919636733383,-77.8917310096007,-5.));
#1894=CARTESIAN_POINT('',(13.5008048575604,-86.3141158641448,-5.));
#1895=CARTESIAN_POINT('',(4.72679087529521,-86.5,-5.));
#1896=CARTESIAN_POINT('Origin',(4.7267908752958,-76.5000000000005,-5.00000000000002));
#1897=CARTESIAN_POINT('',(-6.86057311942724,-86.5,-5.));
#1898=CARTESIAN_POINT('',(-30.822671579528,-86.5,-5.));
#1899=CARTESIAN_POINT('',(-6.86057311942724,-86.5,-5.));
#1900=CARTESIAN_POINT('',(-40.7451500961794,-77.8917310096007,-5.));
#1901=CARTESIAN_POINT('Origin',(-30.8226715795268,-76.4999999999986,-5.00000000000001));
#1902=CARTESIAN_POINT('',(-51.7140046000263,3.16324846317301E-15,-5.));
#1903=CARTESIAN_POINT('',(-39.6501809382369,-85.6672961868355,-5.));
#1904=CARTESIAN_POINT('',(-40.7451500961794,77.8917310096007,-5.));
#1905=CARTESIAN_POINT('',(-39.6501809382369,85.6672961868355,-5.));
#1906=CARTESIAN_POINT('',(-30.822671579528,86.5,-4.99999999999999));
#1907=CARTESIAN_POINT('Origin',(-30.8226715795271,76.4999999999987,-5.00000000000002));
#1908=CARTESIAN_POINT('',(-6.86057311942721,86.5,-5.));
#1909=CARTESIAN_POINT('',(4.72679087529525,86.5,-5.));
#1910=CARTESIAN_POINT('',(-6.86057311942721,86.5,-5.));
#1911=CARTESIAN_POINT('',(14.6919636733384,77.8917310096007,-5.));
#1912=CARTESIAN_POINT('Origin',(4.72679087529442,76.4999999999991,-4.99999999999999));
#1913=CARTESIAN_POINT('',(16.7995597805098,62.9894482095157,-5.));
#1914=CARTESIAN_POINT('',(13.5008048575604,86.3141158641448,-5.));
#1915=CARTESIAN_POINT('',(124.354328371594,62.9894482095157,-5.));
#1916=CARTESIAN_POINT('',(111.498883333441,3.54999999999998,-5.));
#1917=CARTESIAN_POINT('',(114.698883333441,3.54999999999998,-5.));
#1918=CARTESIAN_POINT('',(-1.25038177407141,3.55000000000001,-5.));
#1919=CARTESIAN_POINT('',(111.498883333441,-3.55000000000002,-5.));
#1920=CARTESIAN_POINT('',(111.498883333441,-1.91995049488727E-14,-5.));
#1921=CARTESIAN_POINT('',(114.698883333441,-3.55000000000002,-5.));
#1922=CARTESIAN_POINT('',(-1.25038177407141,-3.54999999999999,-5.));
#1923=CARTESIAN_POINT('',(114.698883333441,-1.99100476846328E-14,-5.));
#1924=CARTESIAN_POINT('',(-10.5487179764768,-87.3693609757769,-5.));
#1925=CARTESIAN_POINT('',(-10.5487179764768,-90.5693609757769,-5.));
#1926=CARTESIAN_POINT('',(-10.5487179764768,7.90050646603575E-15,-5.));
#1927=CARTESIAN_POINT('',(-17.6487179764768,-87.3693609757769,-5.));
#1928=CARTESIAN_POINT('',(-1.25038177407143,-87.3693609757769,-5.));
#1929=CARTESIAN_POINT('',(-17.6487179764768,-90.5693609757768,-5.));
#1930=CARTESIAN_POINT('',(-17.6487179764768,9.47702316100348E-15,-5.));
#1931=CARTESIAN_POINT('',(-1.25038177407144,-90.5693609757769,-5.));
#1932=CARTESIAN_POINT('',(-17.6487179764768,90.5693609757769,-5.));
#1933=CARTESIAN_POINT('',(-17.6487179764768,87.3693609757769,-5.));
#1934=CARTESIAN_POINT('',(-17.6487179764768,9.47702316100348E-15,-5.));
#1935=CARTESIAN_POINT('',(-10.5487179764768,87.3693609757769,-5.));
#1936=CARTESIAN_POINT('',(-1.2503817740714,87.3693609757769,-5.));
#1937=CARTESIAN_POINT('',(-10.5487179764768,90.5693609757769,-5.));
#1938=CARTESIAN_POINT('',(-10.5487179764768,7.90050646603575E-15,-5.));
#1939=CARTESIAN_POINT('',(-1.25038177407139,90.5693609757769,-5.));
#1940=CARTESIAN_POINT('Origin',(14.8151449017169,86.5,-16.9144331387163));
#1941=CARTESIAN_POINT('',(11.5795309745938,58.4292693112526,47.1230833170942));
#1942=CARTESIAN_POINT('',(18.1548926396359,64.1734570596786,-18.5332830842934));
#1943=CARTESIAN_POINT('',(4.27894287460335,77.8917310096007,87.5425453585252));
#1944=CARTESIAN_POINT('',(4.27894287460335,77.8917310096007,87.5425453585252));
#1945=CARTESIAN_POINT('',(15.1572627627263,-1.16851556792255E-14,88.766589616347));
#1946=CARTESIAN_POINT('',(3.07671636677249,86.5,87.4072690963224));
#1947=CARTESIAN_POINT('',(17.1112818185022,-1.21190350684813E-14,71.4008414251465));
#1948=CARTESIAN_POINT('',(26.8956912976707,1.3463965209921E-14,-15.5551126186917));
#1949=CARTESIAN_POINT('',(12.2813109320635,34.1515112032003,71.4008414251465));
#1950=CARTESIAN_POINT('',(5.07265018807718,85.122141036507,71.4008414251465));
#1951=CARTESIAN_POINT('Origin',(15.0130793219043,34.1515112031992,47.123083317093));
#1952=CARTESIAN_POINT('Origin',(-45.5633545884966,86.5,90.3200795171757));
#1953=CARTESIAN_POINT('',(-39.9865494371578,77.8917310096007,-16.9908194114913));
#1954=CARTESIAN_POINT('',(-57.6958809656949,3.22470674531272E-14,89.5525137496086));
#1955=CARTESIAN_POINT('Origin',(-6.86057311942721,86.5,86.2891109378023));
#1956=CARTESIAN_POINT('',(-36.8878316574533,86.5,90.8689375382163));
#1957=CARTESIAN_POINT('',(-6.65113681016342,86.5,87.5793559236226));
#1958=CARTESIAN_POINT('',(-6.6511368101634,86.5,87.5793559236226));
#1959=CARTESIAN_POINT('',(-5.56163759342153,86.5,86.4352690383399));
#1960=CARTESIAN_POINT('Origin',(-6.86057311942721,86.5,86.2891109378023));
#1961=CARTESIAN_POINT('',(6.17679094152286,86.5,-17.8864331966988));
#1962=CARTESIAN_POINT('Origin',(-36.4795391738644,76.5,84.4152634218518));
#1963=CARTESIAN_POINT('Origin',(-5.56163759342153,76.5,86.4352690383399));
#1964=CARTESIAN_POINT('Origin',(-5.56163759342153,76.5,86.4352690383399));
#1965=CARTESIAN_POINT('Origin',(124.354328371594,64.395850974957,-21.0752571677413));
#1966=CARTESIAN_POINT('',(119.698883333441,58.4292693112526,47.1230833170942));
#1967=CARTESIAN_POINT('',(124.354328371594,58.4292693112526,47.1230833170942));
#1968=CARTESIAN_POINT('',(119.698883333441,62.552004891886,9.76996261670138E-14));
#1969=CARTESIAN_POINT('',(119.698883333441,64.395850974957,-21.0752571677413));
#1970=CARTESIAN_POINT('',(123.698883333438,62.5520048918861,9.76996261670138E-14));
#1971=CARTESIAN_POINT('',(124.354328371594,62.5520048918861,9.76996261670138E-14));
#1972=CARTESIAN_POINT('',(123.698883333438,64.395850974957,-21.0752571677413));
#1973=CARTESIAN_POINT('Origin',(124.354328371594,-64.3958509749571,-21.0752571677413));
#1974=CARTESIAN_POINT('',(123.698883333438,-62.5520048918861,9.76996261670138E-14));
#1975=CARTESIAN_POINT('',(119.698883333441,-62.5520048918861,9.76996261670138E-14));
#1976=CARTESIAN_POINT('',(124.354328371594,-62.5520048918861,9.76996261670138E-14));
#1977=CARTESIAN_POINT('',(119.698883333441,-58.4292693112526,47.1230833170942));
#1978=CARTESIAN_POINT('',(119.698883333441,-64.3958509749571,-21.0752571677413));
#1979=CARTESIAN_POINT('',(11.5795309745938,-58.4292693112526,47.1230833170942));
#1980=CARTESIAN_POINT('',(124.354328371594,-58.4292693112526,47.1230833170942));
#1981=CARTESIAN_POINT('',(19.4535918006436,-65.3079911263311,-31.5010668053955));
#1982=CARTESIAN_POINT('',(123.698883333438,-64.3958509749571,-21.0752571677413));
#1983=CARTESIAN_POINT('Origin',(14.8151449017168,-86.5,-16.9144331387163));
#1984=CARTESIAN_POINT('',(4.27894287460332,-77.8917310096007,87.5425453585252));
#1985=CARTESIAN_POINT('',(4.27894287460331,-77.8917310096007,87.5425453585252));
#1986=CARTESIAN_POINT('',(12.2813109320634,-34.1515112032003,71.4008414251465));
#1987=CARTESIAN_POINT('Origin',(15.0130793219039,-34.151511203201,47.1230833170948));
#1988=CARTESIAN_POINT('',(14.4790154399581,-18.6120945302298,71.4008414251465));
#1989=CARTESIAN_POINT('',(3.07671636677245,-86.5,87.4072690963224));
#1990=CARTESIAN_POINT('Origin',(-45.5633545884966,-86.5,90.3200795171757));
#1991=CARTESIAN_POINT('',(-39.9865494371579,-77.8917310096007,-16.9908194114913));
#1992=CARTESIAN_POINT('Origin',(-6.86057311942724,-86.5,86.2891109378023));
#1993=CARTESIAN_POINT('',(-5.56163759342157,-86.5,86.4352690383399));
#1994=CARTESIAN_POINT('',(6.17679094152282,-86.5,-17.8864331966988));
#1995=CARTESIAN_POINT('',(-6.65113681016345,-86.5,87.5793559236226));
#1996=CARTESIAN_POINT('Origin',(-6.86057311942724,-86.5,86.2891109378023));
#1997=CARTESIAN_POINT('',(-6.65113681016344,-86.5,87.5793559236226));
#1998=CARTESIAN_POINT('',(-36.8878316574534,-86.5,90.8689375382163));
#1999=CARTESIAN_POINT('Origin',(-36.4795391738644,-76.5,84.4152634218518));
#2000=CARTESIAN_POINT('Origin',(-5.56163759342157,-76.5,86.4352690383399));
#2001=CARTESIAN_POINT('Origin',(-5.56163759342157,-76.5,86.4352690383399));
#2002=CARTESIAN_POINT('Origin',(-6.86057311942721,86.5,86.2891109378023));
#2003=CARTESIAN_POINT('',(-5.06447233531135,77.8917310096007,97.3540978967469));
#2004=CARTESIAN_POINT('Origin',(-6.86057311942721,77.8917310096007,86.2891109378023));
#2005=CARTESIAN_POINT('',(-3.31048599592365,-7.58449170225636E-15,108.159636284753));
#2006=CARTESIAN_POINT('',(-5.25831558438582,86.5,96.1599148965183));
#2007=CARTESIAN_POINT('Origin',(-6.86057311942723,2.09593616061603E-14,
86.2891109378023));
#2008=CARTESIAN_POINT('Origin',(-5.25831558438582,86.5,96.1599148965183));
#2009=CARTESIAN_POINT('',(-33.7872063083872,77.8917310096007,102.016455403575));
#2010=CARTESIAN_POINT('',(-3.31048599592365,2.01710839133726E-14,108.159636284753));
#2011=CARTESIAN_POINT('Origin',(-6.65113681016342,76.5,87.5793559236226));
#2012=CARTESIAN_POINT('Origin',(-6.65113681016342,76.5,87.5793559236226));
#2013=CARTESIAN_POINT('Ctrl Pts',(-5.56163759342154,86.5,86.4352690383399));
#2014=CARTESIAN_POINT('Ctrl Pts',(-5.67249723830013,86.5,87.4205003091594));
#2015=CARTESIAN_POINT('Ctrl Pts',(-6.65113681016342,86.5,87.5793559236226));
#2016=CARTESIAN_POINT('Ctrl Pts',(3.07671636677249,86.5,87.4072690963223));
#2017=CARTESIAN_POINT('Ctrl Pts',(2.22860315296003,86.5,94.9446165265651));
#2018=CARTESIAN_POINT('Ctrl Pts',(-5.25831558438583,86.5,96.1599148965183));
#2019=CARTESIAN_POINT('Ctrl Pts',(4.27894287460336,77.8917310096007,87.5425453585251));
#2020=CARTESIAN_POINT('Ctrl Pts',(3.32822379540849,77.8917310096007,95.9917711125254));
#2021=CARTESIAN_POINT('Ctrl Pts',(-5.06447233531137,77.8917310096007,97.3540978967469));
#2022=CARTESIAN_POINT('Origin',(124.354328371594,34.1515112032002,47.1230833170942));
#2023=CARTESIAN_POINT('',(119.698883333441,34.1515112032002,71.4008414251465));
#2024=CARTESIAN_POINT('',(124.354328371594,34.1515112032002,71.4008414251465));
#2025=CARTESIAN_POINT('Origin',(119.698883333441,34.1515112032002,47.1230833170942));
#2026=CARTESIAN_POINT('Origin',(124.354328371594,-34.1515112032003,71.4008414251465));
#2027=CARTESIAN_POINT('',(119.698883333441,-34.1515112032003,71.4008414251465));
#2028=CARTESIAN_POINT('',(124.354328371594,-34.1515112032003,71.4008414251465));
#2029=CARTESIAN_POINT('',(119.698883333441,-34.1515112032003,71.4008414251465));
#2030=CARTESIAN_POINT('Origin',(124.354328371594,-34.1515112032003,47.1230833170942));
#2031=CARTESIAN_POINT('Origin',(119.698883333441,-34.1515112032003,47.1230833170942));
#2032=CARTESIAN_POINT('Origin',(-6.86057311942724,-86.5,86.2891109378023));
#2033=CARTESIAN_POINT('',(-5.06447233531138,-77.8917310096007,97.3540978967469));
#2034=CARTESIAN_POINT('',(-5.25831558438585,-86.5,96.1599148965183));
#2035=CARTESIAN_POINT('Origin',(-6.86057311942724,-77.8917310096007,86.2891109378023));
#2036=CARTESIAN_POINT('Origin',(-5.25831558438585,-86.5,96.1599148965183));
#2037=CARTESIAN_POINT('',(-33.7872063083872,-77.8917310096007,102.016455403575));
#2038=CARTESIAN_POINT('Origin',(-6.65113681016345,-76.5,87.5793559236226));
#2039=CARTESIAN_POINT('Origin',(-6.65113681016345,-76.5,87.5793559236226));
#2040=CARTESIAN_POINT('Ctrl Pts',(-6.65113681016345,-86.5,87.5793559236226));
#2041=CARTESIAN_POINT('Ctrl Pts',(-5.67249723830016,-86.5,87.4205003091594));
#2042=CARTESIAN_POINT('Ctrl Pts',(-5.56163759342157,-86.5,86.4352690383399));
#2043=CARTESIAN_POINT('Ctrl Pts',(-5.25831558438585,-86.5,96.1599148965183));
#2044=CARTESIAN_POINT('Ctrl Pts',(2.22860315296,-86.5,94.9446165265651));
#2045=CARTESIAN_POINT('Ctrl Pts',(3.07671636677246,-86.5,87.4072690963223));
#2046=CARTESIAN_POINT('Ctrl Pts',(-5.06447233531138,-77.8917310096007,97.3540978967469));
#2047=CARTESIAN_POINT('Ctrl Pts',(3.32822379540846,-77.8917310096007,95.9917711125254));
#2048=CARTESIAN_POINT('Ctrl Pts',(4.27894287460333,-77.8917310096007,87.5425453585251));
#2049=CARTESIAN_POINT('Origin',(119.698883333441,-99.5693609757769,9.76996261670138E-14));
#2050=CARTESIAN_POINT('',(119.698883333441,-99.5693609757769,9.76996261670138E-14));
#2051=CARTESIAN_POINT('',(123.698883333438,-99.5693609757769,9.76996261670138E-14));
#2052=CARTESIAN_POINT('Origin',(119.698883333441,-99.5693609757769,9.76996261670138E-14));
#2053=CARTESIAN_POINT('Origin',(123.698883333438,-99.5693609757769,9.76996261670138E-14));
#2054=CARTESIAN_POINT('Origin',(111.498883333441,-1.91995049488727E-14,
-31.2823817740714));
#2055=CARTESIAN_POINT('',(111.498883333441,3.54999999999998,10.0495934556232));
#2056=CARTESIAN_POINT('',(111.498883333441,3.54999999999998,5.95040654437682));
#2057=CARTESIAN_POINT('',(111.498883333441,-8.85198376906526E-15,12.0991869112463));
#2058=CARTESIAN_POINT('',(111.498883333441,3.54999999999998,10.0495934556232));
#2059=CARTESIAN_POINT('',(111.498883333441,-3.55000000000002,10.0495934556232));
#2060=CARTESIAN_POINT('',(111.498883333441,-8.85198376906526E-15,12.0991869112463));
#2061=CARTESIAN_POINT('',(111.498883333441,-3.55000000000002,10.0495934556232));
#2062=CARTESIAN_POINT('Origin',(114.698883333441,-1.99100476846328E-14,
-31.2823817740714));
#2063=CARTESIAN_POINT('',(114.698883333441,-3.55000000000002,10.0495934556232));
#2064=CARTESIAN_POINT('',(114.698883333441,-3.55000000000002,-7.62178781655609));
#2065=CARTESIAN_POINT('',(114.698883333441,-9.56252650482536E-15,12.0991869112463));
#2066=CARTESIAN_POINT('',(114.698883333441,-9.56252650482536E-15,12.0991869112463));
#2067=CARTESIAN_POINT('',(114.698883333441,3.54999999999998,10.0495934556232));
#2068=CARTESIAN_POINT('',(114.698883333441,3.54999999999998,10.0495934556232));
#2069=CARTESIAN_POINT('',(114.698883333441,3.54999999999998,5.95040654437683));
#2070=CARTESIAN_POINT('Origin',(111.498883333441,3.54999999999998,5.95040654437682));
#2071=CARTESIAN_POINT('',(111.498883333441,3.54999999999998,10.0495934556232));
#2072=CARTESIAN_POINT('Origin',(111.498883333441,-3.55000000000002,-7.6217878165561));
#2073=CARTESIAN_POINT('',(111.498883333441,-3.55000000000002,10.0495934556232));
#2074=CARTESIAN_POINT('Origin',(111.498883333441,-8.85198376906526E-15,
12.0991869112463));
#2075=CARTESIAN_POINT('',(111.498883333441,-8.85198376906526E-15,12.0991869112463));
#2076=CARTESIAN_POINT('Origin',(111.498883333441,3.54999999999998,10.0495934556232));
#2077=CARTESIAN_POINT('Origin',(104.698883333441,-1.76896016353825E-14,
8.));
#2078=CARTESIAN_POINT('Origin',(-10.5487179764768,-87.3693609757769,5.95040654437683));
#2079=CARTESIAN_POINT('',(-10.5487179764768,-90.5693609757769,10.0495934556232));
#2080=CARTESIAN_POINT('',(-10.5487179764768,-90.5693609757769,5.95040654437683));
#2081=CARTESIAN_POINT('',(-10.5487179764768,-87.3693609757769,10.0495934556232));
#2082=CARTESIAN_POINT('',(-10.5487179764768,-87.3693609757769,10.0495934556232));
#2083=CARTESIAN_POINT('',(-10.5487179764768,-87.3693609757769,5.95040654437683));
#2084=CARTESIAN_POINT('Origin',(-17.6487179764768,-87.3693609757769,-8.04660344480691));
#2085=CARTESIAN_POINT('',(-17.6487179764768,-87.3693609757769,10.0495934556232));
#2086=CARTESIAN_POINT('',(-17.6487179764768,-87.3693609757769,10.0495934556232));
#2087=CARTESIAN_POINT('',(-17.6487179764768,-90.5693609757768,10.0495934556232));
#2088=CARTESIAN_POINT('',(-17.6487179764768,-87.3693609757769,10.0495934556232));
#2089=CARTESIAN_POINT('',(-17.6487179764768,-90.5693609757768,-8.04660344480691));
#2090=CARTESIAN_POINT('Origin',(-14.0987179764768,-87.3693609757769,12.0991869112464));
#2091=CARTESIAN_POINT('',(-14.0987179764768,-90.5693609757769,12.0991869112464));
#2092=CARTESIAN_POINT('',(-14.0987179764768,-90.5693609757769,12.0991869112464));
#2093=CARTESIAN_POINT('',(-14.0987179764768,-87.3693609757769,12.0991869112464));
#2094=CARTESIAN_POINT('',(-14.0987179764768,-87.3693609757769,12.0991869112464));
#2095=CARTESIAN_POINT('',(-14.0987179764768,-87.3693609757769,12.0991869112464));
#2096=CARTESIAN_POINT('Origin',(-10.5487179764768,-87.3693609757769,10.0495934556232));
#2097=CARTESIAN_POINT('',(-10.5487179764768,-90.5693609757769,10.0495934556232));
#2098=CARTESIAN_POINT('',(-10.5487179764768,-87.3693609757769,10.0495934556232));
#2099=CARTESIAN_POINT('Origin',(-1.25038177407143,-87.3693609757769,-31.2823817740714));
#2100=CARTESIAN_POINT('Origin',(-1.25038177407144,-90.5693609757769,-31.2823817740714));
#2101=CARTESIAN_POINT('Origin',(-6.86057311942724,-86.5,86.2891109378023));
#2102=CARTESIAN_POINT('Origin',(-1.2503817740714,87.3693609757769,-31.2823817740714));
#2103=CARTESIAN_POINT('',(-17.6487179764768,87.3693609757769,10.0495934556232));
#2104=CARTESIAN_POINT('',(-17.6487179764768,87.3693609757769,-8.04660344480691));
#2105=CARTESIAN_POINT('',(-14.0987179764768,87.3693609757769,12.0991869112464));
#2106=CARTESIAN_POINT('',(-14.0987179764768,87.3693609757769,12.0991869112464));
#2107=CARTESIAN_POINT('',(-10.5487179764768,87.3693609757769,10.0495934556232));
#2108=CARTESIAN_POINT('',(-10.5487179764768,87.3693609757769,10.0495934556232));
#2109=CARTESIAN_POINT('',(-10.5487179764768,87.3693609757769,5.95040654437683));
#2110=CARTESIAN_POINT('Origin',(-1.25038177407139,90.5693609757769,-31.2823817740714));
#2111=CARTESIAN_POINT('',(-10.5487179764768,90.5693609757769,10.0495934556232));
#2112=CARTESIAN_POINT('',(-10.5487179764768,90.5693609757769,5.95040654437683));
#2113=CARTESIAN_POINT('',(-14.0987179764768,90.5693609757769,12.0991869112464));
#2114=CARTESIAN_POINT('',(-10.5487179764768,90.5693609757769,10.0495934556232));
#2115=CARTESIAN_POINT('',(-17.6487179764768,90.5693609757769,10.0495934556232));
#2116=CARTESIAN_POINT('',(-14.0987179764768,90.5693609757769,12.0991869112464));
#2117=CARTESIAN_POINT('',(-17.6487179764768,90.5693609757769,10.0495934556232));
#2118=CARTESIAN_POINT('Origin',(-10.5487179764768,87.3693609757769,10.0495934556232));
#2119=CARTESIAN_POINT('',(-10.5487179764768,87.3693609757769,10.0495934556232));
#2120=CARTESIAN_POINT('',(-14.0987179764768,87.3693609757769,12.0991869112464));
#2121=CARTESIAN_POINT('Origin',(-14.0987179764768,87.3693609757769,12.0991869112464));
#2122=CARTESIAN_POINT('',(-17.6487179764768,87.3693609757769,10.0495934556232));
#2123=CARTESIAN_POINT('Origin',(-17.6487179764768,87.3693609757769,10.0495934556232));
#2124=CARTESIAN_POINT('Origin',(-10.5487179764768,87.3693609757769,5.95040654437683));
#2125=CARTESIAN_POINT('Origin',(-6.86057311942721,86.5,86.2891109378023));
#2126=CARTESIAN_POINT('Origin',(-0.0987179764768242,95.528889104933,1.33226762955019E-14));
#2127=CARTESIAN_POINT('',(-0.0987179764768242,95.528889104933,1.33226762955019E-14));
#2128=CARTESIAN_POINT('Origin',(120.198883333441,146.478693215629,4.44089209850063E-15));
#2129=CARTESIAN_POINT('Origin',(-0.0987179764769264,-95.5039953602148,1.33226762955019E-14));
#2130=CARTESIAN_POINT('',(-0.0987179764769264,-95.5039953602148,1.33226762955019E-14));
#2131=CARTESIAN_POINT('Origin',(120.198883333441,146.478693215629,4.44089209850063E-15));
#2132=UNCERTAINTY_MEASURE_WITH_UNIT(LENGTH_MEASURE(0.01),#2136,
'DISTANCE_ACCURACY_VALUE',
'Maximum model space distance between geometric entities at asserted c
onnectivities');
#2133=UNCERTAINTY_MEASURE_WITH_UNIT(LENGTH_MEASURE(0.01),#2136,
'DISTANCE_ACCURACY_VALUE',
'Maximum model space distance between geometric entities at asserted c
onnectivities');
#2134=(
GEOMETRIC_REPRESENTATION_CONTEXT(3)
GLOBAL_UNCERTAINTY_ASSIGNED_CONTEXT((#2132))
GLOBAL_UNIT_ASSIGNED_CONTEXT((#2136,#2138,#2139))
REPRESENTATION_CONTEXT('','3D')
);
#2135=(
GEOMETRIC_REPRESENTATION_CONTEXT(3)
GLOBAL_UNCERTAINTY_ASSIGNED_CONTEXT((#2133))
GLOBAL_UNIT_ASSIGNED_CONTEXT((#2136,#2138,#2139))
REPRESENTATION_CONTEXT('','3D')
);
#2136=(
LENGTH_UNIT()
NAMED_UNIT(*)
SI_UNIT(.MILLI.,.METRE.)
);
#2137=(
LENGTH_UNIT()
NAMED_UNIT(*)
SI_UNIT($,.METRE.)
);
#2138=(
NAMED_UNIT(*)
PLANE_ANGLE_UNIT()
SI_UNIT($,.RADIAN.)
);
#2139=(
NAMED_UNIT(*)
SI_UNIT($,.STERADIAN.)
SOLID_ANGLE_UNIT()
);
#2140=SHAPE_DEFINITION_REPRESENTATION(#2141,#2142);
#2141=PRODUCT_DEFINITION_SHAPE('',$,#2144);
#2142=SHAPE_REPRESENTATION('',(#1272),#2134);
#2143=PRODUCT_DEFINITION_CONTEXT('part definition',#2148,'design');
#2144=PRODUCT_DEFINITION('W0002457_02_headcore','headcore v4',#2145,#2143);
#2145=PRODUCT_DEFINITION_FORMATION('',$,#2150);
#2146=PRODUCT_RELATED_PRODUCT_CATEGORY('headcore v4','headcore v4',(#2150));
#2147=APPLICATION_PROTOCOL_DEFINITION('international standard',
'automotive_design',2009,#2148);
#2148=APPLICATION_CONTEXT(
'Core Data for Automotive Mechanical Design Process');
#2149=PRODUCT_CONTEXT('part definition',#2148,'mechanical');
#2150=PRODUCT('W0002457_02_headcore','headcore v4','STEP AP214',(#2149));
#2151=PRESENTATION_STYLE_ASSIGNMENT((#2153));
#2152=PRESENTATION_STYLE_ASSIGNMENT((#2154));
#2153=SURFACE_STYLE_USAGE(.BOTH.,#2155);
#2154=SURFACE_STYLE_USAGE(.BOTH.,#2156);
#2155=SURFACE_SIDE_STYLE('',(#2157));
#2156=SURFACE_SIDE_STYLE('',(#2158));
#2157=SURFACE_STYLE_FILL_AREA(#2159);
#2158=SURFACE_STYLE_FILL_AREA(#2160);
#2159=FILL_AREA_STYLE('ABS (White)',(#2161));
#2160=FILL_AREA_STYLE('Opaque(202,209,238)',(#2162));
#2161=FILL_AREA_STYLE_COLOUR('ABS (White)',#2163);
#2162=FILL_AREA_STYLE_COLOUR('Opaque(202,209,238)',#2164);
#2163=COLOUR_RGB('ABS (White)',0.964705882352941,0.964705882352941,0.952941176470588);
#2164=COLOUR_RGB('Opaque(202,209,238)',0.792156862745098,0.819607843137255,
0.933333333333333);
ENDSEC;
END-ISO-10303-21;
