ISO-10303-21;
HEADER;
/* Generated by software containing ST-Developer
 * from STEP Tools, Inc. (www.steptools.com) 
 */

FILE_DESCRIPTION(
/* description */ ('STEP AP214'),
/* implementation_level */ '2;1');

FILE_NAME(
/* name */ 'moldcore.step',
/* time_stamp */ '2025-06-03T14:29:40+02:00',
/* author */ (''),
/* organization */ (''),
/* preprocessor_version */ 'ST-DEVELOPER v20.1',
/* originating_system */ 'Autodesk Translation Framework v14.10.0.0',
/* authorisation */ '');

FILE_SCHEMA (('AUTOMOTIVE_DESIGN { 1 0 10303 214 3 1 1 }'));
ENDSEC;

DATA;
#10=MECHANICAL_DESIGN_GEOMETRIC_PRESENTATION_REPRESENTATION('',(#13),#4122);
#11=SHAPE_REPRESENTATION_RELATIONSHIP('SRR','None',#4129,#12);
#12=ADVANCED_BREP_SHAPE_REPRESENTATION('',(#14),#4121);
#13=STYLED_ITEM('',(#4139),#14);
#14=MANIFOLD_SOLID_BREP('Body1',#564);
#15=PLANE('',#580);
#16=PLANE('',#581);
#17=PLANE('',#582);
#18=PLANE('',#583);
#19=PLANE('',#584);
#20=PLANE('',#585);
#21=PLANE('',#586);
#22=PLANE('',#587);
#23=PLANE('',#588);
#24=PLANE('',#589);
#25=PLANE('',#590);
#26=PLANE('',#591);
#27=PLANE('',#592);
#28=PLANE('',#593);
#29=PLANE('',#594);
#30=PLANE('',#595);
#31=PLANE('',#596);
#32=PLANE('',#597);
#33=PLANE('',#598);
#34=PLANE('',#599);
#35=PLANE('',#600);
#36=PLANE('',#601);
#37=FACE_OUTER_BOUND('',#67,.T.);
#38=FACE_OUTER_BOUND('',#68,.T.);
#39=FACE_OUTER_BOUND('',#69,.T.);
#40=FACE_OUTER_BOUND('',#70,.T.);
#41=FACE_OUTER_BOUND('',#71,.T.);
#42=FACE_OUTER_BOUND('',#72,.T.);
#43=FACE_OUTER_BOUND('',#73,.T.);
#44=FACE_OUTER_BOUND('',#74,.T.);
#45=FACE_OUTER_BOUND('',#75,.T.);
#46=FACE_OUTER_BOUND('',#76,.T.);
#47=FACE_OUTER_BOUND('',#77,.T.);
#48=FACE_OUTER_BOUND('',#78,.T.);
#49=FACE_OUTER_BOUND('',#79,.T.);
#50=FACE_OUTER_BOUND('',#80,.T.);
#51=FACE_OUTER_BOUND('',#81,.T.);
#52=FACE_OUTER_BOUND('',#82,.T.);
#53=FACE_OUTER_BOUND('',#83,.T.);
#54=FACE_OUTER_BOUND('',#84,.T.);
#55=FACE_OUTER_BOUND('',#85,.T.);
#56=FACE_OUTER_BOUND('',#86,.T.);
#57=FACE_OUTER_BOUND('',#87,.T.);
#58=FACE_OUTER_BOUND('',#88,.T.);
#59=FACE_OUTER_BOUND('',#89,.T.);
#60=FACE_OUTER_BOUND('',#90,.T.);
#61=FACE_OUTER_BOUND('',#91,.T.);
#62=FACE_OUTER_BOUND('',#92,.T.);
#63=FACE_OUTER_BOUND('',#93,.T.);
#64=FACE_OUTER_BOUND('',#94,.T.);
#65=FACE_OUTER_BOUND('',#95,.T.);
#66=FACE_OUTER_BOUND('',#96,.T.);
#67=EDGE_LOOP('',(#362,#363,#364,#365,#366));
#68=EDGE_LOOP('',(#367,#368,#369,#370));
#69=EDGE_LOOP('',(#371,#372,#373,#374));
#70=EDGE_LOOP('',(#375,#376,#377,#378,#379,#380,#381,#382));
#71=EDGE_LOOP('',(#383,#384,#385,#386,#387,#388,#389,#390,#391,#392,#393,
#394,#395,#396,#397,#398,#399,#400));
#72=EDGE_LOOP('',(#401,#402,#403,#404,#405));
#73=EDGE_LOOP('',(#406,#407,#408,#409));
#74=EDGE_LOOP('',(#410,#411,#412,#413));
#75=EDGE_LOOP('',(#414,#415,#416,#417,#418));
#76=EDGE_LOOP('',(#419,#420));
#77=EDGE_LOOP('',(#421,#422,#423,#424,#425,#426,#427,#428,#429,#430,#431,
#432,#433,#434,#435));
#78=EDGE_LOOP('',(#436,#437,#438,#439,#440));
#79=EDGE_LOOP('',(#441,#442,#443,#444,#445,#446));
#80=EDGE_LOOP('',(#447,#448,#449,#450,#451,#452));
#81=EDGE_LOOP('',(#453,#454,#455,#456));
#82=EDGE_LOOP('',(#457,#458,#459,#460));
#83=EDGE_LOOP('',(#461,#462,#463,#464,#465));
#84=EDGE_LOOP('',(#466,#467,#468,#469));
#85=EDGE_LOOP('',(#470,#471,#472,#473));
#86=EDGE_LOOP('',(#474,#475,#476,#477,#478));
#87=EDGE_LOOP('',(#479,#480,#481,#482,#483));
#88=EDGE_LOOP('',(#484,#485,#486,#487,#488,#489));
#89=EDGE_LOOP('',(#490,#491,#492,#493,#494));
#90=EDGE_LOOP('',(#495,#496,#497,#498));
#91=EDGE_LOOP('',(#499,#500,#501,#502));
#92=EDGE_LOOP('',(#503,#504,#505,#506));
#93=EDGE_LOOP('',(#507,#508,#509,#510));
#94=EDGE_LOOP('',(#511,#512,#513,#514));
#95=EDGE_LOOP('',(#515,#516,#517,#518,#519,#520));
#96=EDGE_LOOP('',(#521,#522,#523,#524,#525));
#97=LINE('',#1104,#144);
#98=LINE('',#1478,#145);
#99=LINE('',#2244,#146);
#100=LINE('',#2849,#147);
#101=LINE('',#2851,#148);
#102=LINE('',#2853,#149);
#103=LINE('',#2854,#150);
#104=LINE('',#2857,#151);
#105=LINE('',#2859,#152);
#106=LINE('',#2860,#153);
#107=LINE('',#2864,#154);
#108=LINE('',#2866,#155);
#109=LINE('',#2868,#156);
#110=LINE('',#2869,#157);
#111=LINE('',#2871,#158);
#112=LINE('',#2873,#159);
#113=LINE('',#2874,#160);
#114=LINE('',#2894,#161);
#115=LINE('',#2896,#162);
#116=LINE('',#2897,#163);
#117=LINE('',#2899,#164);
#118=LINE('',#2900,#165);
#119=LINE('',#2902,#166);
#120=LINE('',#2904,#167);
#121=LINE('',#2905,#168);
#122=LINE('',#2907,#169);
#123=LINE('',#2908,#170);
#124=LINE('',#4077,#171);
#125=LINE('',#4078,#172);
#126=LINE('',#4080,#173);
#127=LINE('',#4084,#174);
#128=LINE('',#4085,#175);
#129=LINE('',#4087,#176);
#130=LINE('',#4091,#177);
#131=LINE('',#4093,#178);
#132=LINE('',#4095,#179);
#133=LINE('',#4096,#180);
#134=LINE('',#4098,#181);
#135=LINE('',#4100,#182);
#136=LINE('',#4102,#183);
#137=LINE('',#4106,#184);
#138=LINE('',#4108,#185);
#139=LINE('',#4109,#186);
#140=LINE('',#4112,#187);
#141=LINE('',#4113,#188);
#142=LINE('',#4115,#189);
#143=LINE('',#4117,#190);
#144=VECTOR('',#606,10.);
#145=VECTOR('',#609,10.);
#146=VECTOR('',#610,10.);
#147=VECTOR('',#613,1000.);
#148=VECTOR('',#614,1000.);
#149=VECTOR('',#615,1000.);
#150=VECTOR('',#616,1000.);
#151=VECTOR('',#619,1000.);
#152=VECTOR('',#620,1000.);
#153=VECTOR('',#621,1000.);
#154=VECTOR('',#624,1000.);
#155=VECTOR('',#625,1000.);
#156=VECTOR('',#626,1000.);
#157=VECTOR('',#627,1000.);
#158=VECTOR('',#630,1000.);
#159=VECTOR('',#631,1000.);
#160=VECTOR('',#632,1000.);
#161=VECTOR('',#637,1000.);
#162=VECTOR('',#638,1000.);
#163=VECTOR('',#639,1000.);
#164=VECTOR('',#640,1000.);
#165=VECTOR('',#641,1000.);
#166=VECTOR('',#642,1000.);
#167=VECTOR('',#643,1000.);
#168=VECTOR('',#644,1000.);
#169=VECTOR('',#645,1000.);
#170=VECTOR('',#646,1000.);
#171=VECTOR('',#649,1000.);
#172=VECTOR('',#650,1000.);
#173=VECTOR('',#653,1000.);
#174=VECTOR('',#658,1000.);
#175=VECTOR('',#659,1000.);
#176=VECTOR('',#662,1000.);
#177=VECTOR('',#667,1000.);
#178=VECTOR('',#668,1000.);
#179=VECTOR('',#669,1000.);
#180=VECTOR('',#670,1000.);
#181=VECTOR('',#673,1000.);
#182=VECTOR('',#676,1000.);
#183=VECTOR('',#679,1000.);
#184=VECTOR('',#684,1000.);
#185=VECTOR('',#685,1000.);
#186=VECTOR('',#686,1000.);
#187=VECTOR('',#689,1000.);
#188=VECTOR('',#690,1000.);
#189=VECTOR('',#693,1000.);
#190=VECTOR('',#696,1000.);
#191=CIRCLE('',#578,1054.02230561296);
#192=CIRCLE('',#579,1041.90309124238);
#193=B_SPLINE_CURVE_WITH_KNOTS('',3,(#1046,#1047,#1048,#1049,#1050,#1051,
#1052,#1053,#1054,#1055,#1056,#1057,#1058,#1059,#1060,#1061,#1062,#1063,
#1064),.UNSPECIFIED.,.F.,.F.,(4,1,1,1,1,1,1,1,1,1,1,1,1,1,1,1,4),(0.,0.0228036348112637,
0.0456072696225274,0.0684109044337911,0.0912145392450548,0.114018174056318,
0.136821808867582,0.159625443678846,0.18242907849011,0.205232713301373,
0.228036348112637,0.250839982923901,0.273643617735164,0.296447252546428,
0.319250887357692,0.342054522168955,0.364858156980219),.UNSPECIFIED.);
#194=B_SPLINE_CURVE_WITH_KNOTS('',3,(#1066,#1067,#1068,#1069,#1070,#1071,
#1072,#1073,#1074),.UNSPECIFIED.,.F.,.F.,(4,1,1,1,1,1,4),(0.364858156980219,
0.387661791791483,0.410465426602746,0.43326906141401,0.456072696225274,
0.478876331036537,0.5),.UNSPECIFIED.);
#195=B_SPLINE_CURVE_WITH_KNOTS('',3,(#1078,#1079,#1080,#1081,#1082,#1083,
#1084,#1085,#1086,#1087,#1088,#1089,#1090,#1091,#1092,#1093,#1094,#1095,
#1096,#1097,#1098,#1099,#1100,#1101,#1102,#1103),.UNSPECIFIED.,.F.,.F.,
(4,1,1,1,1,1,1,1,1,1,1,1,1,1,1,1,2,1,1,1,1,1,4),(0.,0.0228036348112637,
0.0456072696225274,0.0684109044337911,0.0912145392450548,0.114018174056318,
0.136821808867582,0.159625443678846,0.18242907849011,0.205232713301373,
0.228036348112637,0.250839982923901,0.273643617735164,0.296447252546428,
0.319250887357692,0.342054522168955,0.364858156980219,0.387661791791483,
0.410465426602746,0.43326906141401,0.456072696225274,0.478876331036537,
0.5),.UNSPECIFIED.);
#196=B_SPLINE_CURVE_WITH_KNOTS('',3,(#1452,#1453,#1454,#1455,#1456,#1457,
#1458,#1459,#1460,#1461,#1462,#1463,#1464,#1465,#1466,#1467,#1468,#1469,
#1470,#1471,#1472,#1473,#1474,#1475,#1476,#1477),.UNSPECIFIED.,.F.,.F.,
(4,1,1,1,1,1,1,1,1,1,1,1,1,1,1,1,2,1,1,1,1,1,4),(0.,0.0228036348112637,
0.0456072696225274,0.0684109044337911,0.0912145392450548,0.114018174056318,
0.136821808867582,0.159625443678846,0.18242907849011,0.205232713301373,
0.228036348112637,0.250839982923901,0.273643617735164,0.296447252546428,
0.319250887357692,0.342054522168955,0.364858156980219,0.387661791791483,
0.410465426602746,0.43326906141401,0.456072696225274,0.478876331036537,
0.5),.UNSPECIFIED.);
#197=B_SPLINE_CURVE_WITH_KNOTS('',3,(#1824,#1825,#1826,#1827,#1828,#1829,
#1830,#1831,#1832,#1833,#1834,#1835,#1836),.UNSPECIFIED.,.F.,.F.,(4,3,3,
3,4),(0.554651204597969,0.676336064602433,0.794707555469044,0.910357173269254,
1.),.UNSPECIFIED.);
#198=B_SPLINE_CURVE_WITH_KNOTS('',3,(#1838,#1839,#1840,#1841,#1842,#1843,
#1844,#1845,#1846,#1847,#1848,#1849,#1850,#1851,#1852,#1853,#1854,#1855,
#1856,#1857,#1858,#1859,#1860,#1861,#1862,#1863),.UNSPECIFIED.,.F.,.F.,
(4,2,2,2,2,2,2,2,2,2,2,2,4),(-0.728257208483843,-0.584612289222757,-0.440285426839712,
-0.308322412558645,-0.221745475649173,-0.167278243392016,-0.131414791287306,
-0.10749984080569,-0.0883836836196811,-0.0696534568179506,-0.0490762315757239,
-0.0282887594136912,-1.50882069871921E-6),.UNSPECIFIED.);
#199=B_SPLINE_CURVE_WITH_KNOTS('',3,(#1864,#1865,#1866,#1867,#1868,#1869,
#1870,#1871,#1872,#1873,#1874,#1875,#1876),.UNSPECIFIED.,.F.,.F.,(4,3,3,
3,4),(0.554651204597969,0.667336910186743,0.785159958521322,0.910425134711899,
1.),.UNSPECIFIED.);
#200=B_SPLINE_CURVE_WITH_KNOTS('',3,(#2223,#2224,#2225,#2226,#2227,#2228,
#2229,#2230,#2231,#2232,#2233,#2234,#2235,#2236,#2237,#2238),
 .UNSPECIFIED.,.F.,.F.,(4,2,2,2,2,2,2,4),(0.,0.89969257206395,1.81544114564679,
3.1841532128704,4.21959979663875,4.97505123754228,5.89513819407976,7.37607257709572),
 .UNSPECIFIED.);
#201=B_SPLINE_CURVE_WITH_KNOTS('',3,(#2239,#2240,#2241,#2242),
 .UNSPECIFIED.,.F.,.F.,(4,4),(0.,0.519815245204083),.UNSPECIFIED.);
#202=B_SPLINE_CURVE_WITH_KNOTS('',3,(#2246,#2247,#2248,#2249,#2250,#2251,
#2252,#2253),.UNSPECIFIED.,.F.,.F.,(4,2,2,4),(9.99999999549897E-7,0.613599301357705,
1.20759322696783,2.39265418647657),.UNSPECIFIED.);
#203=B_SPLINE_CURVE_WITH_KNOTS('',3,(#2255,#2256,#2257,#2258,#2259,#2260),
 .UNSPECIFIED.,.F.,.F.,(4,2,4),(9.99999939797955E-7,1.78577193738049,3.61935760663414),
 .UNSPECIFIED.);
#204=B_SPLINE_CURVE_WITH_KNOTS('',3,(#2261,#2262,#2263,#2264,#2265,#2266),
 .UNSPECIFIED.,.F.,.F.,(4,2,4),(1.00000000583591E-6,3.04791346839428,6.0685425071599),
 .UNSPECIFIED.);
#205=B_SPLINE_CURVE_WITH_KNOTS('',3,(#2612,#2613,#2614,#2615,#2616,#2617,
#2618,#2619,#2620,#2621,#2622,#2623,#2624,#2625,#2626,#2627,#2628,#2629,
#2630,#2631,#2632,#2633,#2634,#2635,#2636,#2637,#2638,#2639,#2640,#2641,
#2642,#2643,#2644,#2645,#2646,#2647,#2648,#2649,#2650,#2651,#2652,#2653,
#2654,#2655,#2656,#2657,#2658,#2659,#2660,#2661,#2662,#2663,#2664,#2665,
#2666,#2667,#2668,#2669,#2670,#2671,#2672,#2673,#2674,#2675),
 .UNSPECIFIED.,.F.,.F.,(4,3,3,3,3,3,3,3,3,3,3,3,3,3,3,3,3,3,3,3,3,4),(0.190988101984485,
0.193233059559985,0.202159930206722,0.211151492297944,0.220255487989872,
0.223103061104558,0.232653153864054,0.24239111736119,0.252129080858327,
0.26235237597334,0.27276272740477,0.28064654168166,0.291448862938749,0.302366916540207,
0.308937980041896,0.319871157573481,0.330730803377325,0.337264233921936,
0.347586078015326,0.357673816758941,0.365889413859177,0.374877603028354),
 .UNSPECIFIED.);
#206=B_SPLINE_CURVE_WITH_KNOTS('',3,(#2677,#2678,#2679,#2680,#2681,#2682),
 .UNSPECIFIED.,.F.,.F.,(4,2,4),(3.07873552767393E-10,2.91919156912402,5.8653852484941),
 .UNSPECIFIED.);
#207=B_SPLINE_CURVE_WITH_KNOTS('',3,(#2684,#2685,#2686,#2687,#2688,#2689),
 .UNSPECIFIED.,.F.,.F.,(4,2,4),(9.99999963316932E-7,1.79219406699517,3.53831403725483),
 .UNSPECIFIED.);
#208=B_SPLINE_CURVE_WITH_KNOTS('',3,(#2691,#2692,#2693,#2694,#2695,#2696,
#2697,#2698),.UNSPECIFIED.,.F.,.F.,(4,2,2,4),(1.0000000746693E-6,1.95315970937543,
2.94923548819299,3.76625125652535),.UNSPECIFIED.);
#209=B_SPLINE_CURVE_WITH_KNOTS('',3,(#2700,#2701,#2702,#2703,#2704,#2705),
 .UNSPECIFIED.,.F.,.F.,(4,2,4),(9.99999998199585E-7,0.964498145498303,1.92905270515707),
 .UNSPECIFIED.);
#210=B_SPLINE_CURVE_WITH_KNOTS('',3,(#2707,#2708,#2709,#2710,#2711,#2712),
 .UNSPECIFIED.,.F.,.F.,(4,2,4),(9.99999944245292E-7,1.89635606042551,3.6591087769719),
 .UNSPECIFIED.);
#211=B_SPLINE_CURVE_WITH_KNOTS('',3,(#2714,#2715,#2716,#2717,#2718,#2719),
 .UNSPECIFIED.,.F.,.F.,(4,2,4),(1.00000000855539E-6,2.20086071354821,4.27226346467904),
 .UNSPECIFIED.);
#212=B_SPLINE_CURVE_WITH_KNOTS('',3,(#2721,#2722,#2723,#2724,#2725,#2726),
 .UNSPECIFIED.,.F.,.F.,(4,2,4),(9.99999997703364E-7,1.87735217763946,3.75520490947976),
 .UNSPECIFIED.);
#213=B_SPLINE_CURVE_WITH_KNOTS('',3,(#2728,#2729,#2730,#2731,#2732,#2733),
 .UNSPECIFIED.,.F.,.F.,(4,2,4),(-2.58088437978981,-1.29044248517358,0.),
 .UNSPECIFIED.);
#214=B_SPLINE_CURVE_WITH_KNOTS('',3,(#2735,#2736,#2737,#2738,#2739,#2740),
 .UNSPECIFIED.,.F.,.F.,(4,2,4),(0.,1.87636607512705,3.75224162493664),
 .UNSPECIFIED.);
#215=B_SPLINE_CURVE_WITH_KNOTS('',3,(#2742,#2743,#2744,#2745,#2746,#2747),
 .UNSPECIFIED.,.F.,.F.,(4,2,4),(1.00000000123913E-6,2.32420148590142,4.8373176218594),
 .UNSPECIFIED.);
#216=B_SPLINE_CURVE_WITH_KNOTS('',3,(#2749,#2750,#2751,#2752,#2753,#2754),
 .UNSPECIFIED.,.F.,.F.,(4,2,4),(1.00000000673836E-6,2.08617467995747,4.33470747077884),
 .UNSPECIFIED.);
#217=B_SPLINE_CURVE_WITH_KNOTS('',3,(#2756,#2757,#2758,#2759,#2760,#2761),
 .UNSPECIFIED.,.F.,.F.,(4,2,4),(9.99999998743759E-7,0.964628949168211,1.92919167678642),
 .UNSPECIFIED.);
#218=B_SPLINE_CURVE_WITH_KNOTS('',3,(#2762,#2763,#2764,#2765,#2766,#2767,
#2768,#2769,#2770,#2771,#2772,#2773,#2774,#2775,#2776,#2777,#2778,#2779),
 .UNSPECIFIED.,.F.,.F.,(4,2,2,2,2,2,2,2,4),(9.99999993028141E-7,0.643744327013623,
0.968425777668851,1.13084410683933,1.22088312648249,1.26592948038842,1.28844478083352,
1.29969915003382,1.31106370901214),.UNSPECIFIED.);
#219=B_SPLINE_CURVE_WITH_KNOTS('',3,(#2781,#2782,#2783,#2784,#2785,#2786,
#2787,#2788,#2789,#2790,#2791,#2792,#2793,#2794,#2795,#2796,#2797,#2798,
#2799,#2800,#2801,#2802,#2803,#2804,#2805,#2806,#2807),.UNSPECIFIED.,.F.,
 .F.,(4,1,1,1,1,1,1,1,1,1,1,1,1,1,1,1,1,1,1,1,1,1,1,1,4),(0.86485815698022,
0.873304522168956,0.881750887357692,0.88597406995206,0.888085661249244,
0.890197252546428,0.892308843843612,0.894420435140797,0.896532026437981,
0.898643617735165,0.902866800329533,0.907089982923901,0.911313165518269,
0.915536348112637,0.923982713301373,0.93242907849011,0.940875443678846,
0.949321808867582,0.957768174056319,0.966214539245055,0.974660904433791,
0.983107269622527,0.991553634811264,0.995776817405632,1.),.UNSPECIFIED.);
#220=B_SPLINE_CURVE_WITH_KNOTS('',3,(#2808,#2809,#2810,#2811,#2812,#2813,
#2814,#2815,#2816,#2817,#2818,#2819,#2820,#2821,#2822,#2823,#2824,#2825,
#2826,#2827,#2828,#2829,#2830,#2831,#2832,#2833,#2834,#2835,#2836,#2837,
#2838,#2839,#2840,#2841,#2842,#2843,#2844,#2845,#2846),.UNSPECIFIED.,.F.,
 .F.,(4,1,1,1,1,1,1,1,1,1,1,2,1,1,1,1,1,1,1,1,1,1,1,1,1,1,1,1,1,1,1,1,1,
1,1,4),(0.5,0.501679965847801,0.524483600659065,0.547287235470328,0.570090870281592,
0.592894505092856,0.615698139904119,0.638501774715383,0.661305409526646,
0.68410904433791,0.706912679149174,0.729716313960437,0.733939496554806,
0.738162679149174,0.74660904433791,0.755055409526646,0.763501774715383,
0.771948139904119,0.780394505092856,0.788840870281592,0.797287235470328,
0.805733600659065,0.814179965847801,0.818403148442169,0.822626331036538,
0.826849513630906,0.831072696225274,0.833184287522458,0.835295878819642,
0.837407470116826,0.83951906141401,0.841630652711195,0.843742244008379,
0.847965426602747,0.856411791791483,0.86485815698022),.UNSPECIFIED.);
#221=B_SPLINE_CURVE_WITH_KNOTS('',3,(#2876,#2877,#2878,#2879,#2880,#2881,
#2882,#2883,#2884,#2885,#2886,#2887,#2888,#2889,#2890,#2891),
 .UNSPECIFIED.,.F.,.F.,(4,2,2,2,2,2,2,4),(-0.697608901690883,-0.584663283604772,
-0.540977040029273,-0.448593365322191,-0.347460124617978,-0.212204350690688,
-0.0928894438315919,-2.57061950906263E-5),.UNSPECIFIED.);
#222=B_SPLINE_CURVE_WITH_KNOTS('',3,(#3254,#3255,#3256,#3257,#3258,#3259,
#3260,#3261,#3262,#3263,#3264,#3265,#3266,#3267),.UNSPECIFIED.,.F.,.F.,
(4,1,1,1,1,1,1,1,1,1,1,4),(0.5,0.501679965847801,0.524483600659065,0.547287235470328,
0.570090870281592,0.592894505092856,0.615698139904119,0.638501774715383,
0.661305409526646,0.68410904433791,0.706912679149174,0.729716313960437),
 .UNSPECIFIED.);
#223=B_SPLINE_CURVE_WITH_KNOTS('',3,(#3268,#3269,#3270,#3271,#3272,#3273,
#3274,#3275,#3276,#3277,#3278,#3279,#3280,#3281,#3282,#3283,#3284,#3285,
#3286,#3287,#3288,#3289,#3290,#3291,#3292,#3293,#3294,#3295,#3296,#3297,
#3298,#3299,#3300,#3301,#3302,#3303,#3304,#3305,#3306,#3307,#3308,#3309,
#3310,#3311,#3312,#3313,#3314,#3315,#3316,#3317,#3318,#3319),
 .UNSPECIFIED.,.F.,.F.,(4,1,1,1,1,1,1,1,1,1,1,1,1,1,1,1,1,1,1,1,1,1,1,1,
2,1,1,1,1,1,1,1,1,1,1,1,1,1,1,1,1,1,1,1,1,1,1,1,4),(0.729716313960437,0.733939496554806,
0.738162679149174,0.74660904433791,0.755055409526646,0.763501774715383,
0.771948139904119,0.780394505092856,0.788840870281592,0.797287235470328,
0.805733600659065,0.814179965847801,0.818403148442169,0.822626331036538,
0.826849513630906,0.831072696225274,0.833184287522458,0.835295878819642,
0.837407470116826,0.83951906141401,0.841630652711195,0.843742244008379,
0.847965426602747,0.856411791791483,0.86485815698022,0.873304522168956,
0.881750887357692,0.88597406995206,0.888085661249244,0.890197252546428,
0.892308843843612,0.894420435140797,0.896532026437981,0.898643617735165,
0.902866800329533,0.907089982923901,0.911313165518269,0.915536348112637,
0.923982713301373,0.93242907849011,0.940875443678846,0.949321808867582,
0.957768174056319,0.966214539245055,0.974660904433791,0.983107269622527,
0.991553634811264,0.995776817405632,1.),.UNSPECIFIED.);
#224=B_SPLINE_CURVE_WITH_KNOTS('',3,(#3665,#3666,#3667,#3668,#3669,#3670,
#3671,#3672,#3673,#3674,#3675,#3676,#3677,#3678),.UNSPECIFIED.,.F.,.F.,
(4,1,1,1,1,1,1,1,1,1,1,4),(0.5,0.501679965847801,0.524483600659065,0.547287235470328,
0.570090870281592,0.592894505092856,0.615698139904119,0.638501774715383,
0.661305409526646,0.68410904433791,0.706912679149174,0.729716313960437),
 .UNSPECIFIED.);
#225=B_SPLINE_CURVE_WITH_KNOTS('',3,(#3679,#3680,#3681,#3682,#3683,#3684,
#3685,#3686,#3687,#3688,#3689,#3690,#3691,#3692,#3693,#3694,#3695,#3696,
#3697,#3698,#3699,#3700,#3701,#3702,#3703,#3704,#3705,#3706,#3707,#3708,
#3709,#3710,#3711,#3712,#3713,#3714,#3715,#3716,#3717,#3718,#3719,#3720,
#3721,#3722,#3723,#3724,#3725,#3726,#3727,#3728,#3729,#3730),
 .UNSPECIFIED.,.F.,.F.,(4,1,1,1,1,1,1,1,1,1,1,1,1,1,1,1,1,1,1,1,1,1,1,1,
2,1,1,1,1,1,1,1,1,1,1,1,1,1,1,1,1,1,1,1,1,1,1,1,4),(0.729716313960437,0.733939496554806,
0.738162679149174,0.74660904433791,0.755055409526646,0.763501774715383,
0.771948139904119,0.780394505092856,0.788840870281592,0.797287235470328,
0.805733600659065,0.814179965847801,0.818403148442169,0.822626331036538,
0.826849513630906,0.831072696225274,0.833184287522458,0.835295878819642,
0.837407470116826,0.83951906141401,0.841630652711195,0.843742244008379,
0.847965426602747,0.856411791791483,0.86485815698022,0.873304522168956,
0.881750887357692,0.88597406995206,0.888085661249244,0.890197252546428,
0.892308843843612,0.894420435140797,0.896532026437981,0.898643617735165,
0.902866800329533,0.907089982923901,0.911313165518269,0.915536348112637,
0.923982713301373,0.93242907849011,0.940875443678846,0.949321808867582,
0.957768174056319,0.966214539245055,0.974660904433791,0.983107269622527,
0.991553634811264,0.995776817405632,1.),.UNSPECIFIED.);
#226=VERTEX_POINT('',#1044);
#227=VERTEX_POINT('',#1045);
#228=VERTEX_POINT('',#1065);
#229=VERTEX_POINT('',#1075);
#230=VERTEX_POINT('',#1077);
#231=VERTEX_POINT('',#1449);
#232=VERTEX_POINT('',#1451);
#233=VERTEX_POINT('',#1823);
#234=VERTEX_POINT('',#1837);
#235=VERTEX_POINT('',#2221);
#236=VERTEX_POINT('',#2222);
#237=VERTEX_POINT('',#2243);
#238=VERTEX_POINT('',#2245);
#239=VERTEX_POINT('',#2254);
#240=VERTEX_POINT('',#2611);
#241=VERTEX_POINT('',#2676);
#242=VERTEX_POINT('',#2683);
#243=VERTEX_POINT('',#2690);
#244=VERTEX_POINT('',#2699);
#245=VERTEX_POINT('',#2706);
#246=VERTEX_POINT('',#2713);
#247=VERTEX_POINT('',#2720);
#248=VERTEX_POINT('',#2727);
#249=VERTEX_POINT('',#2734);
#250=VERTEX_POINT('',#2741);
#251=VERTEX_POINT('',#2748);
#252=VERTEX_POINT('',#2755);
#253=VERTEX_POINT('',#2780);
#254=VERTEX_POINT('',#2848);
#255=VERTEX_POINT('',#2850);
#256=VERTEX_POINT('',#2852);
#257=VERTEX_POINT('',#2856);
#258=VERTEX_POINT('',#2858);
#259=VERTEX_POINT('',#2862);
#260=VERTEX_POINT('',#2863);
#261=VERTEX_POINT('',#2865);
#262=VERTEX_POINT('',#2867);
#263=VERTEX_POINT('',#2872);
#264=VERTEX_POINT('',#2893);
#265=VERTEX_POINT('',#2895);
#266=VERTEX_POINT('',#2898);
#267=VERTEX_POINT('',#2901);
#268=VERTEX_POINT('',#2903);
#269=VERTEX_POINT('',#2906);
#270=VERTEX_POINT('',#3253);
#271=VERTEX_POINT('',#3664);
#272=VERTEX_POINT('',#4076);
#273=VERTEX_POINT('',#4083);
#274=VERTEX_POINT('',#4090);
#275=VERTEX_POINT('',#4092);
#276=VERTEX_POINT('',#4094);
#277=VERTEX_POINT('',#4105);
#278=VERTEX_POINT('',#4107);
#279=VERTEX_POINT('',#4111);
#280=EDGE_CURVE('',#226,#227,#193,.T.);
#281=EDGE_CURVE('',#227,#228,#194,.T.);
#282=EDGE_CURVE('',#228,#229,#191,.T.);
#283=EDGE_CURVE('',#230,#229,#195,.T.);
#284=EDGE_CURVE('',#226,#230,#97,.T.);
#285=EDGE_CURVE('',#229,#231,#192,.T.);
#286=EDGE_CURVE('',#232,#231,#196,.T.);
#287=EDGE_CURVE('',#230,#232,#98,.T.);
#288=EDGE_CURVE('',#231,#233,#197,.T.);
#289=EDGE_CURVE('',#233,#234,#198,.T.);
#290=EDGE_CURVE('',#232,#234,#199,.T.);
#291=EDGE_CURVE('',#235,#236,#200,.F.);
#292=EDGE_CURVE('',#236,#228,#201,.T.);
#293=EDGE_CURVE('',#237,#226,#99,.T.);
#294=EDGE_CURVE('',#237,#238,#202,.T.);
#295=EDGE_CURVE('',#238,#239,#203,.T.);
#296=EDGE_CURVE('',#239,#235,#204,.T.);
#297=EDGE_CURVE('',#236,#240,#205,.T.);
#298=EDGE_CURVE('',#240,#241,#206,.T.);
#299=EDGE_CURVE('',#241,#242,#207,.T.);
#300=EDGE_CURVE('',#242,#243,#208,.T.);
#301=EDGE_CURVE('',#243,#244,#209,.T.);
#302=EDGE_CURVE('',#244,#245,#210,.T.);
#303=EDGE_CURVE('',#245,#246,#211,.T.);
#304=EDGE_CURVE('',#246,#247,#212,.T.);
#305=EDGE_CURVE('',#247,#248,#213,.T.);
#306=EDGE_CURVE('',#248,#249,#214,.T.);
#307=EDGE_CURVE('',#249,#250,#215,.T.);
#308=EDGE_CURVE('',#250,#251,#216,.T.);
#309=EDGE_CURVE('',#251,#252,#217,.T.);
#310=EDGE_CURVE('',#252,#237,#218,.T.);
#311=EDGE_CURVE('',#253,#226,#219,.T.);
#312=EDGE_CURVE('',#228,#253,#220,.T.);
#313=EDGE_CURVE('',#254,#244,#100,.T.);
#314=EDGE_CURVE('',#255,#254,#101,.T.);
#315=EDGE_CURVE('',#256,#255,#102,.T.);
#316=EDGE_CURVE('',#256,#245,#103,.T.);
#317=EDGE_CURVE('',#257,#254,#104,.T.);
#318=EDGE_CURVE('',#258,#257,#105,.T.);
#319=EDGE_CURVE('',#255,#258,#106,.T.);
#320=EDGE_CURVE('',#259,#260,#107,.T.);
#321=EDGE_CURVE('',#261,#259,#108,.T.);
#322=EDGE_CURVE('',#262,#261,#109,.T.);
#323=EDGE_CURVE('',#262,#260,#110,.T.);
#324=EDGE_CURVE('',#251,#259,#111,.T.);
#325=EDGE_CURVE('',#263,#250,#112,.T.);
#326=EDGE_CURVE('',#261,#263,#113,.T.);
#327=EDGE_CURVE('',#234,#233,#221,.T.);
#328=EDGE_CURVE('',#264,#260,#114,.T.);
#329=EDGE_CURVE('',#265,#262,#115,.T.);
#330=EDGE_CURVE('',#265,#248,#116,.T.);
#331=EDGE_CURVE('',#266,#247,#117,.T.);
#332=EDGE_CURVE('',#258,#266,#118,.T.);
#333=EDGE_CURVE('',#257,#267,#119,.T.);
#334=EDGE_CURVE('',#267,#268,#120,.T.);
#335=EDGE_CURVE('',#240,#268,#121,.T.);
#336=EDGE_CURVE('',#269,#235,#122,.T.);
#337=EDGE_CURVE('',#264,#269,#123,.T.);
#338=EDGE_CURVE('',#231,#270,#222,.T.);
#339=EDGE_CURVE('',#270,#232,#223,.T.);
#340=EDGE_CURVE('',#229,#271,#224,.T.);
#341=EDGE_CURVE('',#271,#230,#225,.T.);
#342=EDGE_CURVE('',#272,#246,#124,.T.);
#343=EDGE_CURVE('',#266,#272,#125,.T.);
#344=EDGE_CURVE('',#272,#256,#126,.T.);
#345=EDGE_CURVE('',#273,#249,#127,.T.);
#346=EDGE_CURVE('',#263,#273,#128,.T.);
#347=EDGE_CURVE('',#273,#265,#129,.T.);
#348=EDGE_CURVE('',#269,#274,#130,.T.);
#349=EDGE_CURVE('',#274,#275,#131,.T.);
#350=EDGE_CURVE('',#275,#276,#132,.T.);
#351=EDGE_CURVE('',#276,#264,#133,.T.);
#352=EDGE_CURVE('',#276,#252,#134,.T.);
#353=EDGE_CURVE('',#275,#238,#135,.T.);
#354=EDGE_CURVE('',#274,#239,#136,.T.);
#355=EDGE_CURVE('',#241,#277,#137,.T.);
#356=EDGE_CURVE('',#277,#278,#138,.T.);
#357=EDGE_CURVE('',#242,#278,#139,.T.);
#358=EDGE_CURVE('',#278,#279,#140,.T.);
#359=EDGE_CURVE('',#243,#279,#141,.T.);
#360=EDGE_CURVE('',#268,#277,#142,.T.);
#361=EDGE_CURVE('',#279,#267,#143,.T.);
#362=ORIENTED_EDGE('',*,*,#280,.T.);
#363=ORIENTED_EDGE('',*,*,#281,.T.);
#364=ORIENTED_EDGE('',*,*,#282,.T.);
#365=ORIENTED_EDGE('',*,*,#283,.F.);
#366=ORIENTED_EDGE('',*,*,#284,.F.);
#367=ORIENTED_EDGE('',*,*,#283,.T.);
#368=ORIENTED_EDGE('',*,*,#285,.T.);
#369=ORIENTED_EDGE('',*,*,#286,.F.);
#370=ORIENTED_EDGE('',*,*,#287,.F.);
#371=ORIENTED_EDGE('',*,*,#286,.T.);
#372=ORIENTED_EDGE('',*,*,#288,.T.);
#373=ORIENTED_EDGE('',*,*,#289,.T.);
#374=ORIENTED_EDGE('',*,*,#290,.F.);
#375=ORIENTED_EDGE('',*,*,#291,.T.);
#376=ORIENTED_EDGE('',*,*,#292,.T.);
#377=ORIENTED_EDGE('',*,*,#281,.F.);
#378=ORIENTED_EDGE('',*,*,#280,.F.);
#379=ORIENTED_EDGE('',*,*,#293,.F.);
#380=ORIENTED_EDGE('',*,*,#294,.T.);
#381=ORIENTED_EDGE('',*,*,#295,.T.);
#382=ORIENTED_EDGE('',*,*,#296,.T.);
#383=ORIENTED_EDGE('',*,*,#292,.F.);
#384=ORIENTED_EDGE('',*,*,#297,.T.);
#385=ORIENTED_EDGE('',*,*,#298,.T.);
#386=ORIENTED_EDGE('',*,*,#299,.T.);
#387=ORIENTED_EDGE('',*,*,#300,.T.);
#388=ORIENTED_EDGE('',*,*,#301,.T.);
#389=ORIENTED_EDGE('',*,*,#302,.T.);
#390=ORIENTED_EDGE('',*,*,#303,.T.);
#391=ORIENTED_EDGE('',*,*,#304,.T.);
#392=ORIENTED_EDGE('',*,*,#305,.T.);
#393=ORIENTED_EDGE('',*,*,#306,.T.);
#394=ORIENTED_EDGE('',*,*,#307,.T.);
#395=ORIENTED_EDGE('',*,*,#308,.T.);
#396=ORIENTED_EDGE('',*,*,#309,.T.);
#397=ORIENTED_EDGE('',*,*,#310,.T.);
#398=ORIENTED_EDGE('',*,*,#293,.T.);
#399=ORIENTED_EDGE('',*,*,#311,.F.);
#400=ORIENTED_EDGE('',*,*,#312,.F.);
#401=ORIENTED_EDGE('',*,*,#313,.F.);
#402=ORIENTED_EDGE('',*,*,#314,.F.);
#403=ORIENTED_EDGE('',*,*,#315,.F.);
#404=ORIENTED_EDGE('',*,*,#316,.T.);
#405=ORIENTED_EDGE('',*,*,#302,.F.);
#406=ORIENTED_EDGE('',*,*,#317,.F.);
#407=ORIENTED_EDGE('',*,*,#318,.F.);
#408=ORIENTED_EDGE('',*,*,#319,.F.);
#409=ORIENTED_EDGE('',*,*,#314,.T.);
#410=ORIENTED_EDGE('',*,*,#320,.F.);
#411=ORIENTED_EDGE('',*,*,#321,.F.);
#412=ORIENTED_EDGE('',*,*,#322,.F.);
#413=ORIENTED_EDGE('',*,*,#323,.T.);
#414=ORIENTED_EDGE('',*,*,#324,.F.);
#415=ORIENTED_EDGE('',*,*,#308,.F.);
#416=ORIENTED_EDGE('',*,*,#325,.F.);
#417=ORIENTED_EDGE('',*,*,#326,.F.);
#418=ORIENTED_EDGE('',*,*,#321,.T.);
#419=ORIENTED_EDGE('',*,*,#327,.F.);
#420=ORIENTED_EDGE('',*,*,#289,.F.);
#421=ORIENTED_EDGE('',*,*,#328,.T.);
#422=ORIENTED_EDGE('',*,*,#323,.F.);
#423=ORIENTED_EDGE('',*,*,#329,.F.);
#424=ORIENTED_EDGE('',*,*,#330,.T.);
#425=ORIENTED_EDGE('',*,*,#305,.F.);
#426=ORIENTED_EDGE('',*,*,#331,.F.);
#427=ORIENTED_EDGE('',*,*,#332,.F.);
#428=ORIENTED_EDGE('',*,*,#318,.T.);
#429=ORIENTED_EDGE('',*,*,#333,.T.);
#430=ORIENTED_EDGE('',*,*,#334,.T.);
#431=ORIENTED_EDGE('',*,*,#335,.F.);
#432=ORIENTED_EDGE('',*,*,#297,.F.);
#433=ORIENTED_EDGE('',*,*,#291,.F.);
#434=ORIENTED_EDGE('',*,*,#336,.F.);
#435=ORIENTED_EDGE('',*,*,#337,.F.);
#436=ORIENTED_EDGE('',*,*,#288,.F.);
#437=ORIENTED_EDGE('',*,*,#338,.T.);
#438=ORIENTED_EDGE('',*,*,#339,.T.);
#439=ORIENTED_EDGE('',*,*,#290,.T.);
#440=ORIENTED_EDGE('',*,*,#327,.T.);
#441=ORIENTED_EDGE('',*,*,#285,.F.);
#442=ORIENTED_EDGE('',*,*,#340,.T.);
#443=ORIENTED_EDGE('',*,*,#341,.T.);
#444=ORIENTED_EDGE('',*,*,#287,.T.);
#445=ORIENTED_EDGE('',*,*,#339,.F.);
#446=ORIENTED_EDGE('',*,*,#338,.F.);
#447=ORIENTED_EDGE('',*,*,#282,.F.);
#448=ORIENTED_EDGE('',*,*,#312,.T.);
#449=ORIENTED_EDGE('',*,*,#311,.T.);
#450=ORIENTED_EDGE('',*,*,#284,.T.);
#451=ORIENTED_EDGE('',*,*,#341,.F.);
#452=ORIENTED_EDGE('',*,*,#340,.F.);
#453=ORIENTED_EDGE('',*,*,#304,.F.);
#454=ORIENTED_EDGE('',*,*,#342,.F.);
#455=ORIENTED_EDGE('',*,*,#343,.F.);
#456=ORIENTED_EDGE('',*,*,#331,.T.);
#457=ORIENTED_EDGE('',*,*,#303,.F.);
#458=ORIENTED_EDGE('',*,*,#316,.F.);
#459=ORIENTED_EDGE('',*,*,#344,.F.);
#460=ORIENTED_EDGE('',*,*,#342,.T.);
#461=ORIENTED_EDGE('',*,*,#343,.T.);
#462=ORIENTED_EDGE('',*,*,#344,.T.);
#463=ORIENTED_EDGE('',*,*,#315,.T.);
#464=ORIENTED_EDGE('',*,*,#319,.T.);
#465=ORIENTED_EDGE('',*,*,#332,.T.);
#466=ORIENTED_EDGE('',*,*,#307,.F.);
#467=ORIENTED_EDGE('',*,*,#345,.F.);
#468=ORIENTED_EDGE('',*,*,#346,.F.);
#469=ORIENTED_EDGE('',*,*,#325,.T.);
#470=ORIENTED_EDGE('',*,*,#306,.F.);
#471=ORIENTED_EDGE('',*,*,#330,.F.);
#472=ORIENTED_EDGE('',*,*,#347,.F.);
#473=ORIENTED_EDGE('',*,*,#345,.T.);
#474=ORIENTED_EDGE('',*,*,#346,.T.);
#475=ORIENTED_EDGE('',*,*,#347,.T.);
#476=ORIENTED_EDGE('',*,*,#329,.T.);
#477=ORIENTED_EDGE('',*,*,#322,.T.);
#478=ORIENTED_EDGE('',*,*,#326,.T.);
#479=ORIENTED_EDGE('',*,*,#337,.T.);
#480=ORIENTED_EDGE('',*,*,#348,.T.);
#481=ORIENTED_EDGE('',*,*,#349,.T.);
#482=ORIENTED_EDGE('',*,*,#350,.T.);
#483=ORIENTED_EDGE('',*,*,#351,.T.);
#484=ORIENTED_EDGE('',*,*,#309,.F.);
#485=ORIENTED_EDGE('',*,*,#324,.T.);
#486=ORIENTED_EDGE('',*,*,#320,.T.);
#487=ORIENTED_EDGE('',*,*,#328,.F.);
#488=ORIENTED_EDGE('',*,*,#351,.F.);
#489=ORIENTED_EDGE('',*,*,#352,.T.);
#490=ORIENTED_EDGE('',*,*,#310,.F.);
#491=ORIENTED_EDGE('',*,*,#352,.F.);
#492=ORIENTED_EDGE('',*,*,#350,.F.);
#493=ORIENTED_EDGE('',*,*,#353,.T.);
#494=ORIENTED_EDGE('',*,*,#294,.F.);
#495=ORIENTED_EDGE('',*,*,#295,.F.);
#496=ORIENTED_EDGE('',*,*,#353,.F.);
#497=ORIENTED_EDGE('',*,*,#349,.F.);
#498=ORIENTED_EDGE('',*,*,#354,.T.);
#499=ORIENTED_EDGE('',*,*,#296,.F.);
#500=ORIENTED_EDGE('',*,*,#354,.F.);
#501=ORIENTED_EDGE('',*,*,#348,.F.);
#502=ORIENTED_EDGE('',*,*,#336,.T.);
#503=ORIENTED_EDGE('',*,*,#299,.F.);
#504=ORIENTED_EDGE('',*,*,#355,.T.);
#505=ORIENTED_EDGE('',*,*,#356,.T.);
#506=ORIENTED_EDGE('',*,*,#357,.F.);
#507=ORIENTED_EDGE('',*,*,#300,.F.);
#508=ORIENTED_EDGE('',*,*,#357,.T.);
#509=ORIENTED_EDGE('',*,*,#358,.T.);
#510=ORIENTED_EDGE('',*,*,#359,.F.);
#511=ORIENTED_EDGE('',*,*,#298,.F.);
#512=ORIENTED_EDGE('',*,*,#335,.T.);
#513=ORIENTED_EDGE('',*,*,#360,.T.);
#514=ORIENTED_EDGE('',*,*,#355,.F.);
#515=ORIENTED_EDGE('',*,*,#301,.F.);
#516=ORIENTED_EDGE('',*,*,#359,.T.);
#517=ORIENTED_EDGE('',*,*,#361,.T.);
#518=ORIENTED_EDGE('',*,*,#333,.F.);
#519=ORIENTED_EDGE('',*,*,#317,.T.);
#520=ORIENTED_EDGE('',*,*,#313,.T.);
#521=ORIENTED_EDGE('',*,*,#334,.F.);
#522=ORIENTED_EDGE('',*,*,#361,.F.);
#523=ORIENTED_EDGE('',*,*,#358,.F.);
#524=ORIENTED_EDGE('',*,*,#356,.F.);
#525=ORIENTED_EDGE('',*,*,#360,.F.);
#526=B_SPLINE_SURFACE_WITH_KNOTS('',3,3,((#700,#701,#702,#703),(#704,#705,
#706,#707),(#708,#709,#710,#711),(#712,#713,#714,#715),(#716,#717,#718,
#719),(#720,#721,#722,#723),(#724,#725,#726,#727),(#728,#729,#730,#731),
(#732,#733,#734,#735),(#736,#737,#738,#739),(#740,#741,#742,#743),(#744,
#745,#746,#747),(#748,#749,#750,#751),(#752,#753,#754,#755),(#756,#757,
#758,#759),(#760,#761,#762,#763),(#764,#765,#766,#767),(#768,#769,#770,
#771),(#772,#773,#774,#775),(#776,#777,#778,#779),(#780,#781,#782,#783),
(#784,#785,#786,#787),(#788,#789,#790,#791),(#792,#793,#794,#795),(#796,
#797,#798,#799),(#800,#801,#802,#803),(#804,#805,#806,#807),(#808,#809,
#810,#811),(#812,#813,#814,#815),(#816,#817,#818,#819),(#820,#821,#822,
#823),(#824,#825,#826,#827),(#828,#829,#830,#831),(#832,#833,#834,#835),
(#836,#837,#838,#839),(#840,#841,#842,#843),(#844,#845,#846,#847),(#848,
#849,#850,#851),(#852,#853,#854,#855),(#856,#857,#858,#859),(#860,#861,
#862,#863),(#864,#865,#866,#867),(#868,#869,#870,#871),(#872,#873,#874,
#875),(#876,#877,#878,#879),(#880,#881,#882,#883),(#884,#885,#886,#887),
(#888,#889,#890,#891),(#892,#893,#894,#895),(#896,#897,#898,#899),(#900,
#901,#902,#903),(#904,#905,#906,#907),(#908,#909,#910,#911),(#912,#913,
#914,#915),(#916,#917,#918,#919),(#920,#921,#922,#923),(#924,#925,#926,
#927),(#928,#929,#930,#931),(#932,#933,#934,#935),(#936,#937,#938,#939),
(#940,#941,#942,#943),(#944,#945,#946,#947),(#948,#949,#950,#951),(#952,
#953,#954,#955),(#956,#957,#958,#959),(#960,#961,#962,#963),(#964,#965,
#966,#967),(#968,#969,#970,#971),(#972,#973,#974,#975),(#976,#977,#978,
#979),(#980,#981,#982,#983),(#984,#985,#986,#987),(#988,#989,#990,#991),
(#992,#993,#994,#995),(#996,#997,#998,#999),(#1000,#1001,#1002,#1003),(#1004,
#1005,#1006,#1007),(#1008,#1009,#1010,#1011),(#1012,#1013,#1014,#1015),
(#1016,#1017,#1018,#1019),(#1020,#1021,#1022,#1023),(#1024,#1025,#1026,
#1027),(#1028,#1029,#1030,#1031),(#1032,#1033,#1034,#1035),(#1036,#1037,
#1038,#1039),(#1040,#1041,#1042,#1043)),.UNSPECIFIED.,.T.,.F.,.F.,(4,1,
1,1,1,1,1,1,1,1,1,1,1,1,1,1,2,1,1,1,1,1,1,1,1,1,1,1,1,1,1,1,2,1,1,1,1,1,
1,1,1,1,1,1,1,1,1,1,1,1,1,1,1,1,1,1,2,1,1,1,1,1,1,1,1,1,1,1,1,1,1,1,1,1,
1,1,1,1,1,1,4),(4,4),(0.,0.0228036348112637,0.0456072696225274,0.0684109044337911,
0.0912145392450548,0.114018174056318,0.136821808867582,0.159625443678846,
0.18242907849011,0.205232713301373,0.228036348112637,0.250839982923901,
0.273643617735164,0.296447252546428,0.319250887357692,0.342054522168955,
0.364858156980219,0.387661791791483,0.410465426602746,0.43326906141401,
0.456072696225274,0.478876331036537,0.501679965847801,0.524483600659065,
0.547287235470328,0.570090870281592,0.592894505092856,0.615698139904119,
0.638501774715383,0.661305409526646,0.68410904433791,0.706912679149174,
0.729716313960437,0.733939496554806,0.738162679149174,0.74660904433791,
0.755055409526646,0.763501774715383,0.771948139904119,0.780394505092856,
0.788840870281592,0.797287235470328,0.805733600659065,0.814179965847801,
0.818403148442169,0.822626331036538,0.826849513630906,0.831072696225274,
0.833184287522458,0.835295878819642,0.837407470116826,0.83951906141401,
0.841630652711195,0.843742244008379,0.847965426602747,0.856411791791483,
0.86485815698022,0.873304522168956,0.881750887357692,0.88597406995206,0.888085661249244,
0.890197252546428,0.892308843843612,0.894420435140797,0.896532026437981,
0.898643617735165,0.902866800329533,0.907089982923901,0.911313165518269,
0.915536348112637,0.923982713301373,0.93242907849011,0.940875443678846,
0.949321808867582,0.957768174056319,0.966214539245055,0.974660904433791,
0.983107269622527,0.991553634811264,0.995776817405632,1.),(0.519815245204083,
0.526060209893642),.UNSPECIFIED.);
#527=B_SPLINE_SURFACE_WITH_KNOTS('',3,3,((#1105,#1106,#1107,#1108),(#1109,
#1110,#1111,#1112),(#1113,#1114,#1115,#1116),(#1117,#1118,#1119,#1120),
(#1121,#1122,#1123,#1124),(#1125,#1126,#1127,#1128),(#1129,#1130,#1131,
#1132),(#1133,#1134,#1135,#1136),(#1137,#1138,#1139,#1140),(#1141,#1142,
#1143,#1144),(#1145,#1146,#1147,#1148),(#1149,#1150,#1151,#1152),(#1153,
#1154,#1155,#1156),(#1157,#1158,#1159,#1160),(#1161,#1162,#1163,#1164),
(#1165,#1166,#1167,#1168),(#1169,#1170,#1171,#1172),(#1173,#1174,#1175,
#1176),(#1177,#1178,#1179,#1180),(#1181,#1182,#1183,#1184),(#1185,#1186,
#1187,#1188),(#1189,#1190,#1191,#1192),(#1193,#1194,#1195,#1196),(#1197,
#1198,#1199,#1200),(#1201,#1202,#1203,#1204),(#1205,#1206,#1207,#1208),
(#1209,#1210,#1211,#1212),(#1213,#1214,#1215,#1216),(#1217,#1218,#1219,
#1220),(#1221,#1222,#1223,#1224),(#1225,#1226,#1227,#1228),(#1229,#1230,
#1231,#1232),(#1233,#1234,#1235,#1236),(#1237,#1238,#1239,#1240),(#1241,
#1242,#1243,#1244),(#1245,#1246,#1247,#1248),(#1249,#1250,#1251,#1252),
(#1253,#1254,#1255,#1256),(#1257,#1258,#1259,#1260),(#1261,#1262,#1263,
#1264),(#1265,#1266,#1267,#1268),(#1269,#1270,#1271,#1272),(#1273,#1274,
#1275,#1276),(#1277,#1278,#1279,#1280),(#1281,#1282,#1283,#1284),(#1285,
#1286,#1287,#1288),(#1289,#1290,#1291,#1292),(#1293,#1294,#1295,#1296),
(#1297,#1298,#1299,#1300),(#1301,#1302,#1303,#1304),(#1305,#1306,#1307,
#1308),(#1309,#1310,#1311,#1312),(#1313,#1314,#1315,#1316),(#1317,#1318,
#1319,#1320),(#1321,#1322,#1323,#1324),(#1325,#1326,#1327,#1328),(#1329,
#1330,#1331,#1332),(#1333,#1334,#1335,#1336),(#1337,#1338,#1339,#1340),
(#1341,#1342,#1343,#1344),(#1345,#1346,#1347,#1348),(#1349,#1350,#1351,
#1352),(#1353,#1354,#1355,#1356),(#1357,#1358,#1359,#1360),(#1361,#1362,
#1363,#1364),(#1365,#1366,#1367,#1368),(#1369,#1370,#1371,#1372),(#1373,
#1374,#1375,#1376),(#1377,#1378,#1379,#1380),(#1381,#1382,#1383,#1384),
(#1385,#1386,#1387,#1388),(#1389,#1390,#1391,#1392),(#1393,#1394,#1395,
#1396),(#1397,#1398,#1399,#1400),(#1401,#1402,#1403,#1404),(#1405,#1406,
#1407,#1408),(#1409,#1410,#1411,#1412),(#1413,#1414,#1415,#1416),(#1417,
#1418,#1419,#1420),(#1421,#1422,#1423,#1424),(#1425,#1426,#1427,#1428),
(#1429,#1430,#1431,#1432),(#1433,#1434,#1435,#1436),(#1437,#1438,#1439,
#1440),(#1441,#1442,#1443,#1444),(#1445,#1446,#1447,#1448)),
 .UNSPECIFIED.,.T.,.F.,.F.,(4,1,1,1,1,1,1,1,1,1,1,1,1,1,1,1,2,1,1,1,1,1,
1,1,1,1,1,1,1,1,1,1,2,1,1,1,1,1,1,1,1,1,1,1,1,1,1,1,1,1,1,1,1,1,1,1,2,1,
1,1,1,1,1,1,1,1,1,1,1,1,1,1,1,1,1,1,1,1,1,1,4),(4,4),(0.,0.0228036348112637,
0.0456072696225274,0.0684109044337911,0.0912145392450548,0.114018174056318,
0.136821808867582,0.159625443678846,0.18242907849011,0.205232713301373,
0.228036348112637,0.250839982923901,0.273643617735164,0.296447252546428,
0.319250887357692,0.342054522168955,0.364858156980219,0.387661791791483,
0.410465426602746,0.43326906141401,0.456072696225274,0.478876331036537,
0.501679965847801,0.524483600659065,0.547287235470328,0.570090870281592,
0.592894505092856,0.615698139904119,0.638501774715383,0.661305409526646,
0.68410904433791,0.706912679149174,0.729716313960437,0.733939496554806,
0.738162679149174,0.74660904433791,0.755055409526646,0.763501774715383,
0.771948139904119,0.780394505092856,0.788840870281592,0.797287235470328,
0.805733600659065,0.814179965847801,0.818403148442169,0.822626331036538,
0.826849513630906,0.831072696225274,0.833184287522458,0.835295878819642,
0.837407470116826,0.83951906141401,0.841630652711195,0.843742244008379,
0.847965426602747,0.856411791791483,0.86485815698022,0.873304522168956,
0.881750887357692,0.88597406995206,0.888085661249244,0.890197252546428,
0.892308843843612,0.894420435140797,0.896532026437981,0.898643617735165,
0.902866800329533,0.907089982923901,0.911313165518269,0.915536348112637,
0.923982713301373,0.93242907849011,0.940875443678846,0.949321808867582,
0.957768174056319,0.966214539245055,0.974660904433791,0.983107269622527,
0.991553634811264,0.995776817405632,1.),(0.526060209893642,0.554651204597969),
 .UNSPECIFIED.);
#528=B_SPLINE_SURFACE_WITH_KNOTS('',3,3,((#1479,#1480,#1481,#1482),(#1483,
#1484,#1485,#1486),(#1487,#1488,#1489,#1490),(#1491,#1492,#1493,#1494),
(#1495,#1496,#1497,#1498),(#1499,#1500,#1501,#1502),(#1503,#1504,#1505,
#1506),(#1507,#1508,#1509,#1510),(#1511,#1512,#1513,#1514),(#1515,#1516,
#1517,#1518),(#1519,#1520,#1521,#1522),(#1523,#1524,#1525,#1526),(#1527,
#1528,#1529,#1530),(#1531,#1532,#1533,#1534),(#1535,#1536,#1537,#1538),
(#1539,#1540,#1541,#1542),(#1543,#1544,#1545,#1546),(#1547,#1548,#1549,
#1550),(#1551,#1552,#1553,#1554),(#1555,#1556,#1557,#1558),(#1559,#1560,
#1561,#1562),(#1563,#1564,#1565,#1566),(#1567,#1568,#1569,#1570),(#1571,
#1572,#1573,#1574),(#1575,#1576,#1577,#1578),(#1579,#1580,#1581,#1582),
(#1583,#1584,#1585,#1586),(#1587,#1588,#1589,#1590),(#1591,#1592,#1593,
#1594),(#1595,#1596,#1597,#1598),(#1599,#1600,#1601,#1602),(#1603,#1604,
#1605,#1606),(#1607,#1608,#1609,#1610),(#1611,#1612,#1613,#1614),(#1615,
#1616,#1617,#1618),(#1619,#1620,#1621,#1622),(#1623,#1624,#1625,#1626),
(#1627,#1628,#1629,#1630),(#1631,#1632,#1633,#1634),(#1635,#1636,#1637,
#1638),(#1639,#1640,#1641,#1642),(#1643,#1644,#1645,#1646),(#1647,#1648,
#1649,#1650),(#1651,#1652,#1653,#1654),(#1655,#1656,#1657,#1658),(#1659,
#1660,#1661,#1662),(#1663,#1664,#1665,#1666),(#1667,#1668,#1669,#1670),
(#1671,#1672,#1673,#1674),(#1675,#1676,#1677,#1678),(#1679,#1680,#1681,
#1682),(#1683,#1684,#1685,#1686),(#1687,#1688,#1689,#1690),(#1691,#1692,
#1693,#1694),(#1695,#1696,#1697,#1698),(#1699,#1700,#1701,#1702),(#1703,
#1704,#1705,#1706),(#1707,#1708,#1709,#1710),(#1711,#1712,#1713,#1714),
(#1715,#1716,#1717,#1718),(#1719,#1720,#1721,#1722),(#1723,#1724,#1725,
#1726),(#1727,#1728,#1729,#1730),(#1731,#1732,#1733,#1734),(#1735,#1736,
#1737,#1738),(#1739,#1740,#1741,#1742),(#1743,#1744,#1745,#1746),(#1747,
#1748,#1749,#1750),(#1751,#1752,#1753,#1754),(#1755,#1756,#1757,#1758),
(#1759,#1760,#1761,#1762),(#1763,#1764,#1765,#1766),(#1767,#1768,#1769,
#1770),(#1771,#1772,#1773,#1774),(#1775,#1776,#1777,#1778),(#1779,#1780,
#1781,#1782),(#1783,#1784,#1785,#1786),(#1787,#1788,#1789,#1790),(#1791,
#1792,#1793,#1794),(#1795,#1796,#1797,#1798),(#1799,#1800,#1801,#1802),
(#1803,#1804,#1805,#1806),(#1807,#1808,#1809,#1810),(#1811,#1812,#1813,
#1814),(#1815,#1816,#1817,#1818),(#1819,#1820,#1821,#1822)),
 .UNSPECIFIED.,.T.,.F.,.F.,(4,1,1,1,1,1,1,1,1,1,1,1,1,1,1,1,2,1,1,1,1,1,
1,1,1,1,1,1,1,1,1,1,2,1,1,1,1,1,1,1,1,1,1,1,1,1,1,1,1,1,1,1,1,1,1,1,2,1,
1,1,1,1,1,1,1,1,1,1,1,1,1,1,1,1,1,1,1,1,1,1,4),(4,4),(-5.47128590477897E-6,
0.0228036348112637,0.0456072696225274,0.0684109044337911,0.0912145392450547,
0.114018174056318,0.136821808867582,0.159625443678846,0.182429078490109,
0.205232713301373,0.228036348112637,0.250839982923901,0.273643617735164,
0.296447252546428,0.319250887357692,0.342054522168955,0.364858156980219,
0.387661791791483,0.410465426602746,0.43326906141401,0.456072696225274,
0.478876331036537,0.501679965847801,0.524483600659065,0.547287235470328,
0.570090870281592,0.592894505092856,0.615698139904119,0.638501774715383,
0.661305409526646,0.68410904433791,0.706912679149174,0.729716313960437,
0.733939496554806,0.738162679149174,0.74660904433791,0.755055409526646,
0.763501774715383,0.771948139904119,0.780394505092856,0.788840870281592,
0.797287235470328,0.805733600659065,0.814179965847801,0.818403148442169,
0.822626331036538,0.826849513630906,0.831072696225274,0.833184287522458,
0.835295878819642,0.837407470116826,0.83951906141401,0.841630652711195,
0.843742244008379,0.847965426602747,0.856411791791483,0.86485815698022,
0.873304522168956,0.881750887357692,0.88597406995206,0.888085661249244,
0.890197252546428,0.892308843843612,0.894420435140796,0.896532026437981,
0.898643617735165,0.902866800329533,0.907089982923901,0.911313165518269,
0.915536348112637,0.923982713301374,0.93242907849011,0.940875443678846,
0.949321808867582,0.957768174056319,0.966214539245055,0.974660904433791,
0.983107269622527,0.991553634811264,0.995776817405632,0.999994528714095),
(0.554651204597969,1.),.UNSPECIFIED.);
#529=B_SPLINE_SURFACE_WITH_KNOTS('',3,3,((#1877,#1878,#1879,#1880),(#1881,
#1882,#1883,#1884),(#1885,#1886,#1887,#1888),(#1889,#1890,#1891,#1892),
(#1893,#1894,#1895,#1896),(#1897,#1898,#1899,#1900),(#1901,#1902,#1903,
#1904),(#1905,#1906,#1907,#1908),(#1909,#1910,#1911,#1912),(#1913,#1914,
#1915,#1916),(#1917,#1918,#1919,#1920),(#1921,#1922,#1923,#1924),(#1925,
#1926,#1927,#1928),(#1929,#1930,#1931,#1932),(#1933,#1934,#1935,#1936),
(#1937,#1938,#1939,#1940),(#1941,#1942,#1943,#1944),(#1945,#1946,#1947,
#1948),(#1949,#1950,#1951,#1952),(#1953,#1954,#1955,#1956),(#1957,#1958,
#1959,#1960),(#1961,#1962,#1963,#1964),(#1965,#1966,#1967,#1968),(#1969,
#1970,#1971,#1972),(#1973,#1974,#1975,#1976),(#1977,#1978,#1979,#1980),
(#1981,#1982,#1983,#1984),(#1985,#1986,#1987,#1988),(#1989,#1990,#1991,
#1992),(#1993,#1994,#1995,#1996),(#1997,#1998,#1999,#2000),(#2001,#2002,
#2003,#2004),(#2005,#2006,#2007,#2008),(#2009,#2010,#2011,#2012),(#2013,
#2014,#2015,#2016),(#2017,#2018,#2019,#2020),(#2021,#2022,#2023,#2024),
(#2025,#2026,#2027,#2028),(#2029,#2030,#2031,#2032),(#2033,#2034,#2035,
#2036),(#2037,#2038,#2039,#2040),(#2041,#2042,#2043,#2044),(#2045,#2046,
#2047,#2048),(#2049,#2050,#2051,#2052),(#2053,#2054,#2055,#2056),(#2057,
#2058,#2059,#2060),(#2061,#2062,#2063,#2064),(#2065,#2066,#2067,#2068),
(#2069,#2070,#2071,#2072),(#2073,#2074,#2075,#2076),(#2077,#2078,#2079,
#2080),(#2081,#2082,#2083,#2084),(#2085,#2086,#2087,#2088),(#2089,#2090,
#2091,#2092),(#2093,#2094,#2095,#2096),(#2097,#2098,#2099,#2100),(#2101,
#2102,#2103,#2104),(#2105,#2106,#2107,#2108),(#2109,#2110,#2111,#2112),
(#2113,#2114,#2115,#2116),(#2117,#2118,#2119,#2120),(#2121,#2122,#2123,
#2124),(#2125,#2126,#2127,#2128),(#2129,#2130,#2131,#2132),(#2133,#2134,
#2135,#2136),(#2137,#2138,#2139,#2140),(#2141,#2142,#2143,#2144),(#2145,
#2146,#2147,#2148),(#2149,#2150,#2151,#2152),(#2153,#2154,#2155,#2156),
(#2157,#2158,#2159,#2160),(#2161,#2162,#2163,#2164),(#2165,#2166,#2167,
#2168),(#2169,#2170,#2171,#2172),(#2173,#2174,#2175,#2176),(#2177,#2178,
#2179,#2180),(#2181,#2182,#2183,#2184),(#2185,#2186,#2187,#2188),(#2189,
#2190,#2191,#2192),(#2193,#2194,#2195,#2196),(#2197,#2198,#2199,#2200),
(#2201,#2202,#2203,#2204),(#2205,#2206,#2207,#2208),(#2209,#2210,#2211,
#2212),(#2213,#2214,#2215,#2216),(#2217,#2218,#2219,#2220)),
 .UNSPECIFIED.,.T.,.F.,.F.,(4,1,1,1,1,1,1,1,1,1,1,1,1,1,1,1,2,1,1,1,1,1,
1,1,1,1,1,1,1,1,1,1,2,1,1,1,1,1,1,1,1,1,1,1,1,1,1,1,1,1,1,1,1,1,1,1,2,1,
1,1,1,1,1,1,1,1,1,1,1,1,1,1,1,1,1,1,1,1,1,1,4),(4,4),(0.,0.0228036348112637,
0.0456072696225274,0.0684109044337911,0.0912145392450548,0.114018174056318,
0.136821808867582,0.159625443678846,0.18242907849011,0.205232713301373,
0.228036348112637,0.250839982923901,0.273643617735164,0.296447252546428,
0.319250887357692,0.342054522168955,0.364858156980219,0.387661791791483,
0.410465426602746,0.43326906141401,0.456072696225274,0.478876331036537,
0.501679965847801,0.524483600659065,0.547287235470328,0.570090870281592,
0.592894505092856,0.615698139904119,0.638501774715383,0.661305409526646,
0.68410904433791,0.706912679149174,0.729716313960437,0.733939496554806,
0.738162679149174,0.74660904433791,0.755055409526646,0.763501774715383,
0.771948139904119,0.780394505092856,0.788840870281592,0.797287235470328,
0.805733600659065,0.814179965847801,0.818403148442169,0.822626331036538,
0.826849513630906,0.831072696225274,0.833184287522458,0.835295878819642,
0.837407470116826,0.83951906141401,0.841630652711195,0.843742244008379,
0.847965426602747,0.856411791791483,0.86485815698022,0.873304522168956,
0.881750887357692,0.88597406995206,0.888085661249244,0.890197252546428,
0.892308843843612,0.894420435140797,0.896532026437981,0.898643617735165,
0.902866800329533,0.907089982923901,0.911313165518269,0.915536348112637,
0.923982713301373,0.93242907849011,0.940875443678846,0.949321808867582,
0.957768174056319,0.966214539245055,0.974660904433791,0.983107269622527,
0.991553634811264,0.995776817405632,1.),(0.,0.519815245204083),
 .UNSPECIFIED.);
#530=B_SPLINE_SURFACE_WITH_KNOTS('',3,3,((#2267,#2268,#2269,#2270),(#2271,
#2272,#2273,#2274),(#2275,#2276,#2277,#2278),(#2279,#2280,#2281,#2282),
(#2283,#2284,#2285,#2286),(#2287,#2288,#2289,#2290),(#2291,#2292,#2293,
#2294),(#2295,#2296,#2297,#2298),(#2299,#2300,#2301,#2302),(#2303,#2304,
#2305,#2306),(#2307,#2308,#2309,#2310),(#2311,#2312,#2313,#2314),(#2315,
#2316,#2317,#2318),(#2319,#2320,#2321,#2322),(#2323,#2324,#2325,#2326),
(#2327,#2328,#2329,#2330),(#2331,#2332,#2333,#2334),(#2335,#2336,#2337,
#2338),(#2339,#2340,#2341,#2342),(#2343,#2344,#2345,#2346),(#2347,#2348,
#2349,#2350),(#2351,#2352,#2353,#2354),(#2355,#2356,#2357,#2358),(#2359,
#2360,#2361,#2362),(#2363,#2364,#2365,#2366),(#2367,#2368,#2369,#2370),
(#2371,#2372,#2373,#2374),(#2375,#2376,#2377,#2378),(#2379,#2380,#2381,
#2382),(#2383,#2384,#2385,#2386),(#2387,#2388,#2389,#2390),(#2391,#2392,
#2393,#2394),(#2395,#2396,#2397,#2398),(#2399,#2400,#2401,#2402),(#2403,
#2404,#2405,#2406),(#2407,#2408,#2409,#2410),(#2411,#2412,#2413,#2414),
(#2415,#2416,#2417,#2418),(#2419,#2420,#2421,#2422),(#2423,#2424,#2425,
#2426),(#2427,#2428,#2429,#2430),(#2431,#2432,#2433,#2434),(#2435,#2436,
#2437,#2438),(#2439,#2440,#2441,#2442),(#2443,#2444,#2445,#2446),(#2447,
#2448,#2449,#2450),(#2451,#2452,#2453,#2454),(#2455,#2456,#2457,#2458),
(#2459,#2460,#2461,#2462),(#2463,#2464,#2465,#2466),(#2467,#2468,#2469,
#2470),(#2471,#2472,#2473,#2474),(#2475,#2476,#2477,#2478),(#2479,#2480,
#2481,#2482),(#2483,#2484,#2485,#2486),(#2487,#2488,#2489,#2490),(#2491,
#2492,#2493,#2494),(#2495,#2496,#2497,#2498),(#2499,#2500,#2501,#2502),
(#2503,#2504,#2505,#2506),(#2507,#2508,#2509,#2510),(#2511,#2512,#2513,
#2514),(#2515,#2516,#2517,#2518),(#2519,#2520,#2521,#2522),(#2523,#2524,
#2525,#2526),(#2527,#2528,#2529,#2530),(#2531,#2532,#2533,#2534),(#2535,
#2536,#2537,#2538),(#2539,#2540,#2541,#2542),(#2543,#2544,#2545,#2546),
(#2547,#2548,#2549,#2550),(#2551,#2552,#2553,#2554),(#2555,#2556,#2557,
#2558),(#2559,#2560,#2561,#2562),(#2563,#2564,#2565,#2566),(#2567,#2568,
#2569,#2570),(#2571,#2572,#2573,#2574),(#2575,#2576,#2577,#2578),(#2579,
#2580,#2581,#2582),(#2583,#2584,#2585,#2586),(#2587,#2588,#2589,#2590),
(#2591,#2592,#2593,#2594),(#2595,#2596,#2597,#2598),(#2599,#2600,#2601,
#2602),(#2603,#2604,#2605,#2606),(#2607,#2608,#2609,#2610)),
 .UNSPECIFIED.,.T.,.F.,.F.,(4,1,1,1,1,1,1,1,1,1,1,1,1,1,1,1,2,1,1,1,1,1,
1,1,1,1,1,1,1,1,1,1,2,1,1,1,1,1,1,1,1,1,1,1,1,1,1,1,1,1,1,1,1,1,1,1,2,1,
1,1,1,1,1,1,1,1,1,1,1,1,1,1,1,1,1,1,1,1,1,1,4),(4,4),(0.,0.0228036348112637,
0.0456072696225274,0.0684109044337911,0.0912145392450548,0.114018174056318,
0.136821808867582,0.159625443678846,0.18242907849011,0.205232713301373,
0.228036348112637,0.250839982923901,0.273643617735164,0.296447252546428,
0.319250887357692,0.342054522168955,0.364858156980219,0.387661791791483,
0.410465426602746,0.43326906141401,0.456072696225274,0.478876331036537,
0.501679965847801,0.524483600659065,0.547287235470328,0.570090870281592,
0.592894505092856,0.615698139904119,0.638501774715383,0.661305409526646,
0.68410904433791,0.706912679149174,0.729716313960437,0.733939496554806,
0.738162679149174,0.74660904433791,0.755055409526646,0.763501774715383,
0.771948139904119,0.780394505092856,0.788840870281592,0.797287235470328,
0.805733600659065,0.814179965847801,0.818403148442169,0.822626331036538,
0.826849513630906,0.831072696225274,0.833184287522458,0.835295878819642,
0.837407470116826,0.83951906141401,0.841630652711195,0.843742244008379,
0.847965426602747,0.856411791791483,0.86485815698022,0.873304522168956,
0.881750887357692,0.88597406995206,0.888085661249244,0.890197252546428,
0.892308843843612,0.894420435140797,0.896532026437981,0.898643617735165,
0.902866800329533,0.907089982923901,0.911313165518269,0.915536348112637,
0.923982713301373,0.93242907849011,0.940875443678846,0.949321808867582,
0.957768174056319,0.966214539245055,0.974660904433791,0.983107269622527,
0.991553634811264,0.995776817405632,1.),(0.,0.519815245204083),
 .UNSPECIFIED.);
#531=B_SPLINE_SURFACE_WITH_KNOTS('',3,3,((#2909,#2910,#2911,#2912),(#2913,
#2914,#2915,#2916),(#2917,#2918,#2919,#2920),(#2921,#2922,#2923,#2924),
(#2925,#2926,#2927,#2928),(#2929,#2930,#2931,#2932),(#2933,#2934,#2935,
#2936),(#2937,#2938,#2939,#2940),(#2941,#2942,#2943,#2944),(#2945,#2946,
#2947,#2948),(#2949,#2950,#2951,#2952),(#2953,#2954,#2955,#2956),(#2957,
#2958,#2959,#2960),(#2961,#2962,#2963,#2964),(#2965,#2966,#2967,#2968),
(#2969,#2970,#2971,#2972),(#2973,#2974,#2975,#2976),(#2977,#2978,#2979,
#2980),(#2981,#2982,#2983,#2984),(#2985,#2986,#2987,#2988),(#2989,#2990,
#2991,#2992),(#2993,#2994,#2995,#2996),(#2997,#2998,#2999,#3000),(#3001,
#3002,#3003,#3004),(#3005,#3006,#3007,#3008),(#3009,#3010,#3011,#3012),
(#3013,#3014,#3015,#3016),(#3017,#3018,#3019,#3020),(#3021,#3022,#3023,
#3024),(#3025,#3026,#3027,#3028),(#3029,#3030,#3031,#3032),(#3033,#3034,
#3035,#3036),(#3037,#3038,#3039,#3040),(#3041,#3042,#3043,#3044),(#3045,
#3046,#3047,#3048),(#3049,#3050,#3051,#3052),(#3053,#3054,#3055,#3056),
(#3057,#3058,#3059,#3060),(#3061,#3062,#3063,#3064),(#3065,#3066,#3067,
#3068),(#3069,#3070,#3071,#3072),(#3073,#3074,#3075,#3076),(#3077,#3078,
#3079,#3080),(#3081,#3082,#3083,#3084),(#3085,#3086,#3087,#3088),(#3089,
#3090,#3091,#3092),(#3093,#3094,#3095,#3096),(#3097,#3098,#3099,#3100),
(#3101,#3102,#3103,#3104),(#3105,#3106,#3107,#3108),(#3109,#3110,#3111,
#3112),(#3113,#3114,#3115,#3116),(#3117,#3118,#3119,#3120),(#3121,#3122,
#3123,#3124),(#3125,#3126,#3127,#3128),(#3129,#3130,#3131,#3132),(#3133,
#3134,#3135,#3136),(#3137,#3138,#3139,#3140),(#3141,#3142,#3143,#3144),
(#3145,#3146,#3147,#3148),(#3149,#3150,#3151,#3152),(#3153,#3154,#3155,
#3156),(#3157,#3158,#3159,#3160),(#3161,#3162,#3163,#3164),(#3165,#3166,
#3167,#3168),(#3169,#3170,#3171,#3172),(#3173,#3174,#3175,#3176),(#3177,
#3178,#3179,#3180),(#3181,#3182,#3183,#3184),(#3185,#3186,#3187,#3188),
(#3189,#3190,#3191,#3192),(#3193,#3194,#3195,#3196),(#3197,#3198,#3199,
#3200),(#3201,#3202,#3203,#3204),(#3205,#3206,#3207,#3208),(#3209,#3210,
#3211,#3212),(#3213,#3214,#3215,#3216),(#3217,#3218,#3219,#3220),(#3221,
#3222,#3223,#3224),(#3225,#3226,#3227,#3228),(#3229,#3230,#3231,#3232),
(#3233,#3234,#3235,#3236),(#3237,#3238,#3239,#3240),(#3241,#3242,#3243,
#3244),(#3245,#3246,#3247,#3248),(#3249,#3250,#3251,#3252)),
 .UNSPECIFIED.,.T.,.F.,.F.,(4,1,1,1,1,1,1,1,1,1,1,1,1,1,1,1,2,1,1,1,1,1,
1,1,1,1,1,1,1,1,1,1,2,1,1,1,1,1,1,1,1,1,1,1,1,1,1,1,1,1,1,1,1,1,1,1,2,1,
1,1,1,1,1,1,1,1,1,1,1,1,1,1,1,1,1,1,1,1,1,1,4),(4,4),(0.,0.0228036348112637,
0.0456072696225274,0.0684109044337911,0.0912145392450548,0.114018174056318,
0.136821808867582,0.159625443678846,0.18242907849011,0.205232713301373,
0.228036348112637,0.250839982923901,0.273643617735164,0.296447252546428,
0.319250887357692,0.342054522168955,0.364858156980219,0.387661791791483,
0.410465426602746,0.43326906141401,0.456072696225274,0.478876331036537,
0.501679965847801,0.524483600659065,0.547287235470328,0.570090870281592,
0.592894505092856,0.615698139904119,0.638501774715383,0.661305409526646,
0.68410904433791,0.706912679149174,0.729716313960437,0.733939496554806,
0.738162679149174,0.74660904433791,0.755055409526646,0.763501774715383,
0.771948139904119,0.780394505092856,0.788840870281592,0.797287235470328,
0.805733600659065,0.814179965847801,0.818403148442169,0.822626331036538,
0.826849513630906,0.831072696225274,0.833184287522458,0.835295878819642,
0.837407470116826,0.83951906141401,0.841630652711195,0.843742244008379,
0.847965426602747,0.856411791791483,0.86485815698022,0.873304522168956,
0.881750887357692,0.88597406995206,0.888085661249244,0.890197252546428,
0.892308843843612,0.894420435140797,0.896532026437981,0.898643617735165,
0.902866800329533,0.907089982923901,0.911313165518269,0.915536348112637,
0.923982713301373,0.93242907849011,0.940875443678846,0.949321808867582,
0.957768174056319,0.966214539245055,0.974660904433791,0.983107269622527,
0.991553634811264,0.995776817405632,1.),(0.554651204597969,1.),
 .UNSPECIFIED.);
#532=B_SPLINE_SURFACE_WITH_KNOTS('',3,3,((#3320,#3321,#3322,#3323),(#3324,
#3325,#3326,#3327),(#3328,#3329,#3330,#3331),(#3332,#3333,#3334,#3335),
(#3336,#3337,#3338,#3339),(#3340,#3341,#3342,#3343),(#3344,#3345,#3346,
#3347),(#3348,#3349,#3350,#3351),(#3352,#3353,#3354,#3355),(#3356,#3357,
#3358,#3359),(#3360,#3361,#3362,#3363),(#3364,#3365,#3366,#3367),(#3368,
#3369,#3370,#3371),(#3372,#3373,#3374,#3375),(#3376,#3377,#3378,#3379),
(#3380,#3381,#3382,#3383),(#3384,#3385,#3386,#3387),(#3388,#3389,#3390,
#3391),(#3392,#3393,#3394,#3395),(#3396,#3397,#3398,#3399),(#3400,#3401,
#3402,#3403),(#3404,#3405,#3406,#3407),(#3408,#3409,#3410,#3411),(#3412,
#3413,#3414,#3415),(#3416,#3417,#3418,#3419),(#3420,#3421,#3422,#3423),
(#3424,#3425,#3426,#3427),(#3428,#3429,#3430,#3431),(#3432,#3433,#3434,
#3435),(#3436,#3437,#3438,#3439),(#3440,#3441,#3442,#3443),(#3444,#3445,
#3446,#3447),(#3448,#3449,#3450,#3451),(#3452,#3453,#3454,#3455),(#3456,
#3457,#3458,#3459),(#3460,#3461,#3462,#3463),(#3464,#3465,#3466,#3467),
(#3468,#3469,#3470,#3471),(#3472,#3473,#3474,#3475),(#3476,#3477,#3478,
#3479),(#3480,#3481,#3482,#3483),(#3484,#3485,#3486,#3487),(#3488,#3489,
#3490,#3491),(#3492,#3493,#3494,#3495),(#3496,#3497,#3498,#3499),(#3500,
#3501,#3502,#3503),(#3504,#3505,#3506,#3507),(#3508,#3509,#3510,#3511),
(#3512,#3513,#3514,#3515),(#3516,#3517,#3518,#3519),(#3520,#3521,#3522,
#3523),(#3524,#3525,#3526,#3527),(#3528,#3529,#3530,#3531),(#3532,#3533,
#3534,#3535),(#3536,#3537,#3538,#3539),(#3540,#3541,#3542,#3543),(#3544,
#3545,#3546,#3547),(#3548,#3549,#3550,#3551),(#3552,#3553,#3554,#3555),
(#3556,#3557,#3558,#3559),(#3560,#3561,#3562,#3563),(#3564,#3565,#3566,
#3567),(#3568,#3569,#3570,#3571),(#3572,#3573,#3574,#3575),(#3576,#3577,
#3578,#3579),(#3580,#3581,#3582,#3583),(#3584,#3585,#3586,#3587),(#3588,
#3589,#3590,#3591),(#3592,#3593,#3594,#3595),(#3596,#3597,#3598,#3599),
(#3600,#3601,#3602,#3603),(#3604,#3605,#3606,#3607),(#3608,#3609,#3610,
#3611),(#3612,#3613,#3614,#3615),(#3616,#3617,#3618,#3619),(#3620,#3621,
#3622,#3623),(#3624,#3625,#3626,#3627),(#3628,#3629,#3630,#3631),(#3632,
#3633,#3634,#3635),(#3636,#3637,#3638,#3639),(#3640,#3641,#3642,#3643),
(#3644,#3645,#3646,#3647),(#3648,#3649,#3650,#3651),(#3652,#3653,#3654,
#3655),(#3656,#3657,#3658,#3659),(#3660,#3661,#3662,#3663)),
 .UNSPECIFIED.,.T.,.F.,.F.,(4,1,1,1,1,1,1,1,1,1,1,1,1,1,1,1,2,1,1,1,1,1,
1,1,1,1,1,1,1,1,1,1,2,1,1,1,1,1,1,1,1,1,1,1,1,1,1,1,1,1,1,1,1,1,1,1,2,1,
1,1,1,1,1,1,1,1,1,1,1,1,1,1,1,1,1,1,1,1,1,1,4),(4,4),(0.,0.0228036348112637,
0.0456072696225274,0.0684109044337911,0.0912145392450548,0.114018174056318,
0.136821808867582,0.159625443678846,0.18242907849011,0.205232713301373,
0.228036348112637,0.250839982923901,0.273643617735164,0.296447252546428,
0.319250887357692,0.342054522168955,0.364858156980219,0.387661791791483,
0.410465426602746,0.43326906141401,0.456072696225274,0.478876331036537,
0.501679965847801,0.524483600659065,0.547287235470328,0.570090870281592,
0.592894505092856,0.615698139904119,0.638501774715383,0.661305409526646,
0.68410904433791,0.706912679149174,0.729716313960437,0.733939496554806,
0.738162679149174,0.74660904433791,0.755055409526646,0.763501774715383,
0.771948139904119,0.780394505092856,0.788840870281592,0.797287235470328,
0.805733600659065,0.814179965847801,0.818403148442169,0.822626331036538,
0.826849513630906,0.831072696225274,0.833184287522458,0.835295878819642,
0.837407470116826,0.83951906141401,0.841630652711195,0.843742244008379,
0.847965426602747,0.856411791791483,0.86485815698022,0.873304522168956,
0.881750887357692,0.88597406995206,0.888085661249244,0.890197252546428,
0.892308843843612,0.894420435140797,0.896532026437981,0.898643617735165,
0.902866800329533,0.907089982923901,0.911313165518269,0.915536348112637,
0.923982713301373,0.93242907849011,0.940875443678846,0.949321808867582,
0.957768174056319,0.966214539245055,0.974660904433791,0.983107269622527,
0.991553634811264,0.995776817405632,1.),(0.526060209893642,0.554651204597969),
 .UNSPECIFIED.);
#533=B_SPLINE_SURFACE_WITH_KNOTS('',3,3,((#3731,#3732,#3733,#3734),(#3735,
#3736,#3737,#3738),(#3739,#3740,#3741,#3742),(#3743,#3744,#3745,#3746),
(#3747,#3748,#3749,#3750),(#3751,#3752,#3753,#3754),(#3755,#3756,#3757,
#3758),(#3759,#3760,#3761,#3762),(#3763,#3764,#3765,#3766),(#3767,#3768,
#3769,#3770),(#3771,#3772,#3773,#3774),(#3775,#3776,#3777,#3778),(#3779,
#3780,#3781,#3782),(#3783,#3784,#3785,#3786),(#3787,#3788,#3789,#3790),
(#3791,#3792,#3793,#3794),(#3795,#3796,#3797,#3798),(#3799,#3800,#3801,
#3802),(#3803,#3804,#3805,#3806),(#3807,#3808,#3809,#3810),(#3811,#3812,
#3813,#3814),(#3815,#3816,#3817,#3818),(#3819,#3820,#3821,#3822),(#3823,
#3824,#3825,#3826),(#3827,#3828,#3829,#3830),(#3831,#3832,#3833,#3834),
(#3835,#3836,#3837,#3838),(#3839,#3840,#3841,#3842),(#3843,#3844,#3845,
#3846),(#3847,#3848,#3849,#3850),(#3851,#3852,#3853,#3854),(#3855,#3856,
#3857,#3858),(#3859,#3860,#3861,#3862),(#3863,#3864,#3865,#3866),(#3867,
#3868,#3869,#3870),(#3871,#3872,#3873,#3874),(#3875,#3876,#3877,#3878),
(#3879,#3880,#3881,#3882),(#3883,#3884,#3885,#3886),(#3887,#3888,#3889,
#3890),(#3891,#3892,#3893,#3894),(#3895,#3896,#3897,#3898),(#3899,#3900,
#3901,#3902),(#3903,#3904,#3905,#3906),(#3907,#3908,#3909,#3910),(#3911,
#3912,#3913,#3914),(#3915,#3916,#3917,#3918),(#3919,#3920,#3921,#3922),
(#3923,#3924,#3925,#3926),(#3927,#3928,#3929,#3930),(#3931,#3932,#3933,
#3934),(#3935,#3936,#3937,#3938),(#3939,#3940,#3941,#3942),(#3943,#3944,
#3945,#3946),(#3947,#3948,#3949,#3950),(#3951,#3952,#3953,#3954),(#3955,
#3956,#3957,#3958),(#3959,#3960,#3961,#3962),(#3963,#3964,#3965,#3966),
(#3967,#3968,#3969,#3970),(#3971,#3972,#3973,#3974),(#3975,#3976,#3977,
#3978),(#3979,#3980,#3981,#3982),(#3983,#3984,#3985,#3986),(#3987,#3988,
#3989,#3990),(#3991,#3992,#3993,#3994),(#3995,#3996,#3997,#3998),(#3999,
#4000,#4001,#4002),(#4003,#4004,#4005,#4006),(#4007,#4008,#4009,#4010),
(#4011,#4012,#4013,#4014),(#4015,#4016,#4017,#4018),(#4019,#4020,#4021,
#4022),(#4023,#4024,#4025,#4026),(#4027,#4028,#4029,#4030),(#4031,#4032,
#4033,#4034),(#4035,#4036,#4037,#4038),(#4039,#4040,#4041,#4042),(#4043,
#4044,#4045,#4046),(#4047,#4048,#4049,#4050),(#4051,#4052,#4053,#4054),
(#4055,#4056,#4057,#4058),(#4059,#4060,#4061,#4062),(#4063,#4064,#4065,
#4066),(#4067,#4068,#4069,#4070),(#4071,#4072,#4073,#4074)),
 .UNSPECIFIED.,.T.,.F.,.F.,(4,1,1,1,1,1,1,1,1,1,1,1,1,1,1,1,2,1,1,1,1,1,
1,1,1,1,1,1,1,1,1,1,2,1,1,1,1,1,1,1,1,1,1,1,1,1,1,1,1,1,1,1,1,1,1,1,2,1,
1,1,1,1,1,1,1,1,1,1,1,1,1,1,1,1,1,1,1,1,1,1,4),(4,4),(0.,0.0228036348112637,
0.0456072696225274,0.0684109044337911,0.0912145392450548,0.114018174056318,
0.136821808867582,0.159625443678846,0.18242907849011,0.205232713301373,
0.228036348112637,0.250839982923901,0.273643617735164,0.296447252546428,
0.319250887357692,0.342054522168955,0.364858156980219,0.387661791791483,
0.410465426602746,0.43326906141401,0.456072696225274,0.478876331036537,
0.501679965847801,0.524483600659065,0.547287235470328,0.570090870281592,
0.592894505092856,0.615698139904119,0.638501774715383,0.661305409526646,
0.68410904433791,0.706912679149174,0.729716313960437,0.733939496554806,
0.738162679149174,0.74660904433791,0.755055409526646,0.763501774715383,
0.771948139904119,0.780394505092856,0.788840870281592,0.797287235470328,
0.805733600659065,0.814179965847801,0.818403148442169,0.822626331036538,
0.826849513630906,0.831072696225274,0.833184287522458,0.835295878819642,
0.837407470116826,0.83951906141401,0.841630652711195,0.843742244008379,
0.847965426602747,0.856411791791483,0.86485815698022,0.873304522168956,
0.881750887357692,0.88597406995206,0.888085661249244,0.890197252546428,
0.892308843843612,0.894420435140797,0.896532026437981,0.898643617735165,
0.902866800329533,0.907089982923901,0.911313165518269,0.915536348112637,
0.923982713301373,0.93242907849011,0.940875443678846,0.949321808867582,
0.957768174056319,0.966214539245055,0.974660904433791,0.983107269622527,
0.991553634811264,0.995776817405632,1.),(0.519815245204083,0.526060209893642),
 .UNSPECIFIED.);
#534=ADVANCED_FACE('',(#37),#526,.T.);
#535=ADVANCED_FACE('',(#38),#527,.T.);
#536=ADVANCED_FACE('',(#39),#528,.T.);
#537=ADVANCED_FACE('',(#40),#529,.T.);
#538=ADVANCED_FACE('',(#41),#530,.T.);
#539=ADVANCED_FACE('',(#42),#15,.F.);
#540=ADVANCED_FACE('',(#43),#16,.F.);
#541=ADVANCED_FACE('',(#44),#17,.F.);
#542=ADVANCED_FACE('',(#45),#18,.F.);
#543=ADVANCED_FACE('',(#46),#19,.F.);
#544=ADVANCED_FACE('',(#47),#20,.F.);
#545=ADVANCED_FACE('',(#48),#531,.T.);
#546=ADVANCED_FACE('',(#49),#532,.T.);
#547=ADVANCED_FACE('',(#50),#533,.T.);
#548=ADVANCED_FACE('',(#51),#21,.F.);
#549=ADVANCED_FACE('',(#52),#22,.F.);
#550=ADVANCED_FACE('',(#53),#23,.F.);
#551=ADVANCED_FACE('',(#54),#24,.F.);
#552=ADVANCED_FACE('',(#55),#25,.F.);
#553=ADVANCED_FACE('',(#56),#26,.T.);
#554=ADVANCED_FACE('',(#57),#27,.T.);
#555=ADVANCED_FACE('',(#58),#28,.F.);
#556=ADVANCED_FACE('',(#59),#29,.F.);
#557=ADVANCED_FACE('',(#60),#30,.F.);
#558=ADVANCED_FACE('',(#61),#31,.F.);
#559=ADVANCED_FACE('',(#62),#32,.F.);
#560=ADVANCED_FACE('',(#63),#33,.F.);
#561=ADVANCED_FACE('',(#64),#34,.F.);
#562=ADVANCED_FACE('',(#65),#35,.F.);
#563=ADVANCED_FACE('',(#66),#36,.F.);
#564=CLOSED_SHELL('',(#534,#535,#536,#537,#538,#539,#540,#541,#542,#543,
#544,#545,#546,#547,#548,#549,#550,#551,#552,#553,#554,#555,#556,#557,#558,
#559,#560,#561,#562,#563));
#565=DERIVED_UNIT_ELEMENT(#567,1.);
#566=DERIVED_UNIT_ELEMENT(#4124,-3.);
#567=(
MASS_UNIT()
NAMED_UNIT(*)
SI_UNIT(.KILO.,.GRAM.)
);
#568=DERIVED_UNIT((#565,#566));
#569=MEASURE_REPRESENTATION_ITEM('density measure',
POSITIVE_RATIO_MEASURE(1060.),#568);
#570=PROPERTY_DEFINITION_REPRESENTATION(#575,#572);
#571=PROPERTY_DEFINITION_REPRESENTATION(#576,#573);
#572=REPRESENTATION('material name',(#574),#4121);
#573=REPRESENTATION('density',(#569),#4121);
#574=DESCRIPTIVE_REPRESENTATION_ITEM('ABS Plastic','ABS Plastic');
#575=PROPERTY_DEFINITION('material property','material name',#4131);
#576=PROPERTY_DEFINITION('material property','density of part',#4131);
#577=AXIS2_PLACEMENT_3D('',#699,#602,#603);
#578=AXIS2_PLACEMENT_3D('',#1076,#604,#605);
#579=AXIS2_PLACEMENT_3D('',#1450,#607,#608);
#580=AXIS2_PLACEMENT_3D('',#2847,#611,#612);
#581=AXIS2_PLACEMENT_3D('',#2855,#617,#618);
#582=AXIS2_PLACEMENT_3D('',#2861,#622,#623);
#583=AXIS2_PLACEMENT_3D('',#2870,#628,#629);
#584=AXIS2_PLACEMENT_3D('',#2875,#633,#634);
#585=AXIS2_PLACEMENT_3D('',#2892,#635,#636);
#586=AXIS2_PLACEMENT_3D('',#4075,#647,#648);
#587=AXIS2_PLACEMENT_3D('',#4079,#651,#652);
#588=AXIS2_PLACEMENT_3D('',#4081,#654,#655);
#589=AXIS2_PLACEMENT_3D('',#4082,#656,#657);
#590=AXIS2_PLACEMENT_3D('',#4086,#660,#661);
#591=AXIS2_PLACEMENT_3D('',#4088,#663,#664);
#592=AXIS2_PLACEMENT_3D('',#4089,#665,#666);
#593=AXIS2_PLACEMENT_3D('',#4097,#671,#672);
#594=AXIS2_PLACEMENT_3D('',#4099,#674,#675);
#595=AXIS2_PLACEMENT_3D('',#4101,#677,#678);
#596=AXIS2_PLACEMENT_3D('',#4103,#680,#681);
#597=AXIS2_PLACEMENT_3D('',#4104,#682,#683);
#598=AXIS2_PLACEMENT_3D('',#4110,#687,#688);
#599=AXIS2_PLACEMENT_3D('',#4114,#691,#692);
#600=AXIS2_PLACEMENT_3D('',#4116,#694,#695);
#601=AXIS2_PLACEMENT_3D('',#4118,#697,#698);
#602=DIRECTION('axis',(0.,0.,1.));
#603=DIRECTION('refdir',(1.,0.,0.));
#604=DIRECTION('center_axis',(-0.897807436714877,-0.335026761670671,0.285830151565445));
#605=DIRECTION('ref_axis',(0.38202536930127,-0.915379980892602,0.127027980347988));
#606=DIRECTION('',(-6.00282396273385E-16,-0.499999999999995,0.866025403784442));
#607=DIRECTION('center_axis',(-0.875075553918708,-0.385566957782986,0.292542126880625));
#608=DIRECTION('ref_axis',(0.43302211825795,-0.893705578050295,0.117397550490566));
#609=DIRECTION('',(-6.00282396273386E-16,-0.500000000000002,0.866025403784438));
#610=DIRECTION('',(1.0961143780536E-9,-9.26887993215131E-11,1.));
#611=DIRECTION('center_axis',(5.71392633723143E-16,0.866025403784436,-0.500000000000005));
#612=DIRECTION('ref_axis',(-2.10883719867693E-16,0.500000000000005,0.866025403784436));
#613=DIRECTION('',(-0.0969870316027286,0.497642822640122,0.861942652834667));
#614=DIRECTION('',(-1.,3.8939867640569E-16,-4.68326975511557E-16));
#615=DIRECTION('',(2.10883719867693E-16,-0.500000000000005,-0.866025403784436));
#616=DIRECTION('',(-1.,3.8939867640569E-16,-4.68326975511557E-16));
#617=DIRECTION('center_axis',(3.89398676405688E-16,1.,5.57446754431602E-15));
#618=DIRECTION('ref_axis',(-4.68326975511559E-16,-5.57446754431602E-15,
1.));
#619=DIRECTION('',(-0.111815815852007,-5.49596884123531E-15,0.99372894861997));
#620=DIRECTION('',(-1.,3.8939867640569E-16,-4.68326975511557E-16));
#621=DIRECTION('',(4.68326975511559E-16,5.57446754431602E-15,-1.));
#622=DIRECTION('center_axis',(-3.8939867640569E-16,-1.,-1.67354071480659E-16));
#623=DIRECTION('ref_axis',(1.,-3.8939867640569E-16,4.68326975511557E-16));
#624=DIRECTION('',(0.111815815852007,1.22763654805752E-16,-0.99372894861997));
#625=DIRECTION('',(-1.,3.8939867640569E-16,-4.68326975511557E-16));
#626=DIRECTION('',(-4.68326975511557E-16,-1.67354071480659E-16,1.));
#627=DIRECTION('',(-1.,3.8939867640569E-16,-4.68326975511557E-16));
#628=DIRECTION('center_axis',(-1.03065658211585E-16,-0.866025403784438,
-0.500000000000001));
#629=DIRECTION('ref_axis',(6.00282396273386E-16,0.500000000000001,-0.866025403784438));
#630=DIRECTION('',(0.0969870316027292,0.497642822640118,-0.861942652834669));
#631=DIRECTION('',(-1.,3.8939867640569E-16,-4.68326975511557E-16));
#632=DIRECTION('',(-6.00282396273386E-16,-0.500000000000001,0.866025403784438));
#633=DIRECTION('center_axis',(-2.25562414879166E-16,-3.42947678287464E-17,
-1.));
#634=DIRECTION('ref_axis',(-1.,3.8939867640569E-16,2.25562414879166E-16));
#635=DIRECTION('center_axis',(-9.81596198015739E-49,-4.42071627161198E-33,
1.));
#636=DIRECTION('ref_axis',(1.,-3.8939867640569E-16,0.));
#637=DIRECTION('',(-3.8939867640569E-16,-1.,-1.67354071480659E-16));
#638=DIRECTION('',(3.89398676405691E-16,1.,-1.50952371696894E-15));
#639=DIRECTION('',(-1.,3.8939867640569E-16,-4.68326975511557E-16));
#640=DIRECTION('',(-1.,3.8939867640569E-16,-4.68326975511557E-16));
#641=DIRECTION('',(3.89398676405689E-16,1.,1.84423185993026E-15));
#642=DIRECTION('',(-3.8939867640569E-16,-1.,-1.67354071480659E-16));
#643=DIRECTION('',(-1.,3.8939867640569E-16,-4.68326975511557E-16));
#644=DIRECTION('',(-3.8939867640569E-16,-1.,-1.67354071480659E-16));
#645=DIRECTION('',(-3.8939867640569E-16,-1.,-1.67354071480659E-16));
#646=DIRECTION('',(-1.,3.8939867640569E-16,-4.68326975511557E-16));
#647=DIRECTION('center_axis',(-3.89398676405689E-16,-1.,-3.30541099767976E-15));
#648=DIRECTION('ref_axis',(4.68326975511558E-16,3.30541099767976E-15,-1.));
#649=DIRECTION('',(-1.,3.8939867640569E-16,-4.68326975511557E-16));
#650=DIRECTION('',(-4.68326975511558E-16,-3.30541099767976E-15,1.));
#651=DIRECTION('center_axis',(-1.03065658211589E-16,-0.866025403784441,
-0.499999999999995));
#652=DIRECTION('ref_axis',(6.00282396273385E-16,0.499999999999995,-0.866025403784442));
#653=DIRECTION('',(-6.00282396273385E-16,-0.499999999999995,0.866025403784441));
#654=DIRECTION('center_axis',(-1.,3.8939867640569E-16,-4.68326975511557E-16));
#655=DIRECTION('ref_axis',(-3.8939867640569E-16,-1.,-1.67354071480659E-16));
#656=DIRECTION('center_axis',(5.71392633723141E-16,0.866025403784442,-0.499999999999995));
#657=DIRECTION('ref_axis',(-2.10883719867699E-16,0.499999999999995,0.866025403784442));
#658=DIRECTION('',(-1.,3.8939867640569E-16,-4.68326975511557E-16));
#659=DIRECTION('',(2.10883719867699E-16,-0.499999999999995,-0.866025403784442));
#660=DIRECTION('center_axis',(3.8939867640569E-16,1.,2.25206748868538E-17));
#661=DIRECTION('ref_axis',(-4.68326975511557E-16,-2.25206748868536E-17,
1.));
#662=DIRECTION('',(4.68326975511557E-16,2.25206748868536E-17,-1.));
#663=DIRECTION('center_axis',(1.,-3.8939867640569E-16,4.68326975511557E-16));
#664=DIRECTION('ref_axis',(3.8939867640569E-16,1.,1.67354071480659E-16));
#665=DIRECTION('center_axis',(3.8939867640569E-16,1.,1.67354071480659E-16));
#666=DIRECTION('ref_axis',(-1.,3.8939867640569E-16,-4.68326975511557E-16));
#667=DIRECTION('',(-0.0631388927454943,-1.42433956937671E-16,0.998004749599356));
#668=DIRECTION('',(0.489595336216293,-3.36572120546774E-16,0.8719497730691));
#669=DIRECTION('',(0.510332986193766,-5.48023562204501E-17,-0.859976885272246));
#670=DIRECTION('',(0.111815815852007,1.22763654805753E-16,-0.99372894861997));
#671=DIRECTION('center_axis',(-0.99372894861997,4.05669569337399E-16,-0.111815815852007));
#672=DIRECTION('ref_axis',(-0.111815815852007,-1.22763654805753E-16,0.99372894861997));
#673=DIRECTION('',(-3.8939867640569E-16,-1.,-1.67354071480659E-16));
#674=DIRECTION('center_axis',(-0.859976885272246,4.2028016391491E-16,-0.510332986193766));
#675=DIRECTION('ref_axis',(-0.510332986193766,5.480235622045E-17,0.859976885272246));
#676=DIRECTION('',(-3.8939867640569E-16,-1.,-1.67354071480659E-16));
#677=DIRECTION('center_axis',(0.8719497730691,-2.57600314631611E-16,-0.489595336216293));
#678=DIRECTION('ref_axis',(-0.489595336216293,3.36572120546774E-16,-0.8719497730691));
#679=DIRECTION('',(-3.8939867640569E-16,-1.,-1.67354071480659E-16));
#680=DIRECTION('center_axis',(0.998004749599356,-3.9918827931032E-16,0.0631388927454943));
#681=DIRECTION('ref_axis',(0.0631388927454943,1.42433956937671E-16,-0.998004749599356));
#682=DIRECTION('center_axis',(0.8719497730691,-2.57600314631611E-16,-0.489595336216293));
#683=DIRECTION('ref_axis',(-0.489595336216293,3.36572120546774E-16,-0.8719497730691));
#684=DIRECTION('',(-3.8939867640569E-16,-1.,-1.67354071480659E-16));
#685=DIRECTION('',(0.489595336216293,-3.36572120546774E-16,0.8719497730691));
#686=DIRECTION('',(-3.8939867640569E-16,-1.,-1.67354071480659E-16));
#687=DIRECTION('center_axis',(-0.859976885272246,4.2028016391491E-16,-0.510332986193766));
#688=DIRECTION('ref_axis',(-0.510332986193766,5.480235622045E-17,0.859976885272246));
#689=DIRECTION('',(0.510332986193766,-5.48023562204501E-17,-0.859976885272246));
#690=DIRECTION('',(-3.8939867640569E-16,-1.,-1.67354071480659E-16));
#691=DIRECTION('center_axis',(0.998004749599356,-3.9918827931032E-16,0.0631388927454943));
#692=DIRECTION('ref_axis',(0.0631388927454943,1.42433956937671E-16,-0.998004749599356));
#693=DIRECTION('',(-0.0631388927454943,-1.42433956937671E-16,0.998004749599356));
#694=DIRECTION('center_axis',(-0.99372894861997,4.05669569337399E-16,-0.111815815852007));
#695=DIRECTION('ref_axis',(-0.111815815852007,-1.22763654805753E-16,0.99372894861997));
#696=DIRECTION('',(0.111815815852007,1.22763654805753E-16,-0.99372894861997));
#697=DIRECTION('center_axis',(3.8939867640569E-16,1.,1.67354071480659E-16));
#698=DIRECTION('ref_axis',(-1.,3.8939867640569E-16,-4.68326975511557E-16));
#699=CARTESIAN_POINT('',(0.,0.,0.));
#700=CARTESIAN_POINT('Ctrl Pts',(-5.30059793946268,46.3893581740361,95.));
#701=CARTESIAN_POINT('Ctrl Pts',(-5.30059793946268,46.1891279080209,95.3468089939514));
#702=CARTESIAN_POINT('Ctrl Pts',(-5.30059793946268,45.9888976420056,95.6936179879028));
#703=CARTESIAN_POINT('Ctrl Pts',(-5.30059793946268,45.7886673759904,96.0404269818543));
#704=CARTESIAN_POINT('Ctrl Pts',(-6.32704669857443,47.372862534026,95.));
#705=CARTESIAN_POINT('Ctrl Pts',(-6.31872040068746,47.1724628034828,95.3468089939514));
#706=CARTESIAN_POINT('Ctrl Pts',(-6.31041325315662,46.9720112014734,95.6936179879028));
#707=CARTESIAN_POINT('Ctrl Pts',(-6.30212564966679,46.7715077773704,96.0404269818543));
#708=CARTESIAN_POINT('Ctrl Pts',(-8.32606157855705,48.8361080990923,94.9884242620697));
#709=CARTESIAN_POINT('Ctrl Pts',(-8.30320089681489,48.63667800389,95.3356060524007));
#710=CARTESIAN_POINT('Ctrl Pts',(-8.28039287855215,48.4371052621558,95.6827878427316));
#711=CARTESIAN_POINT('Ctrl Pts',(-8.25763860640212,48.2373900096639,96.0299696330626));
#712=CARTESIAN_POINT('Ctrl Pts',(-11.4418036597257,49.7285241492445,94.9406743431073));
#713=CARTESIAN_POINT('Ctrl Pts',(-11.4017281920321,49.5337819853548,95.2893939185038));
#714=CARTESIAN_POINT('Ctrl Pts',(-11.3617426412451,49.3387962687217,95.6381134939004));
#715=CARTESIAN_POINT('Ctrl Pts',(-11.321848855838,49.1435672311643,95.9868330692969));
#716=CARTESIAN_POINT('Ctrl Pts',(-14.752719862654,49.4777900159045,94.8668790138018));
#717=CARTESIAN_POINT('Ctrl Pts',(-14.6991195347245,49.2904917867608,95.2179751661179));
#718=CARTESIAN_POINT('Ctrl Pts',(-14.6456347073805,49.1028807078369,95.569071318434));
#719=CARTESIAN_POINT('Ctrl Pts',(-14.5922677550338,48.9149570769103,95.9201674707502));
#720=CARTESIAN_POINT('Ctrl Pts',(-18.2799699939729,48.2262774374802,94.771379175877));
#721=CARTESIAN_POINT('Ctrl Pts',(-18.2158710258338,48.0487518773539,95.1255508983243));
#722=CARTESIAN_POINT('Ctrl Pts',(-18.1519028187202,47.8708721323727,95.4797226207717));
#723=CARTESIAN_POINT('Ctrl Pts',(-18.0880680607616,47.692638539658,95.833894343219));
#724=CARTESIAN_POINT('Ctrl Pts',(-22.0057893118802,46.1057548583961,94.6585157310568));
#725=CARTESIAN_POINT('Ctrl Pts',(-21.9337229601619,45.9399493988679,95.0163222182047));
#726=CARTESIAN_POINT('Ctrl Pts',(-21.8617936531798,45.7737727341602,95.3741287053526));
#727=CARTESIAN_POINT('Ctrl Pts',(-21.790004208241,45.6072252175943,95.7319351925004));
#728=CARTESIAN_POINT('Ctrl Pts',(-25.8923565901868,43.2403068322303,94.5326295810651));
#729=CARTESIAN_POINT('Ctrl Pts',(-25.8144120927909,43.087801622507,94.8944902288405));
#730=CARTESIAN_POINT('Ctrl Pts',(-25.7366032936219,42.9349288548166,95.2563508766158));
#731=CARTESIAN_POINT('Ctrl Pts',(-25.6589329823058,42.781688879009,95.6182115243912));
#732=CARTESIAN_POINT('Ctrl Pts',(-29.8873966693682,39.748677910297,94.3980616276257));
#733=CARTESIAN_POINT('Ctrl Pts',(-29.8052839048938,39.6107089667214,94.7642560333132));
#734=CARTESIAN_POINT('Ctrl Pts',(-29.7232992084261,39.4723931327159,95.1304504390007));
#735=CARTESIAN_POINT('Ctrl Pts',(-29.6414452127326,39.3337307384587,95.4966448446882));
#736=CARTESIAN_POINT('Ctrl Pts',(-33.9219949444193,35.7458370490155,94.2591527724624));
#737=CARTESIAN_POINT('Ctrl Pts',(-33.8370605796139,35.6233178679399,94.6298207347044));
#738=CARTESIAN_POINT('Ctrl Pts',(-33.752241715394,35.500485837084,95.0004886969464));
#739=CARTESIAN_POINT('Ctrl Pts',(-33.6675407261714,35.3773412542255,95.3711566591884));
#740=CARTESIAN_POINT('Ctrl Pts',(-37.9164423687042,31.3423154579297,94.120243917299));
#741=CARTESIAN_POINT('Ctrl Pts',(-37.8297166535821,31.2358562538475,94.4953854360955));
#742=CARTESIAN_POINT('Ctrl Pts',(-37.7430902809324,31.1291279665347,94.870526954892));
#743=CARTESIAN_POINT('Ctrl Pts',(-37.6565652929954,31.0221308521107,95.2456684736885));
#744=CARTESIAN_POINT('Ctrl Pts',(-41.7732577711359,26.6517809063153,93.9856759638595));
#745=CARTESIAN_POINT('Ctrl Pts',(-41.6854801662314,26.5617311467998,94.3651512405681));
#746=CARTESIAN_POINT('Ctrl Pts',(-41.5977835015041,26.4714621492907,94.7446265172768));
#747=CARTESIAN_POINT('Ctrl Pts',(-41.5101694408876,26.3809741224636,95.1241017939854));
#748=CARTESIAN_POINT('Ctrl Pts',(-45.3807840537411,21.7863290538225,93.8597898138678));
#749=CARTESIAN_POINT('Ctrl Pts',(-45.2924646843458,21.7127842747988,94.243319251204));
#750=CARTESIAN_POINT('Ctrl Pts',(-45.2042069551593,21.6390725344935,94.6268486885401));
#751=CARTESIAN_POINT('Ctrl Pts',(-45.1160121333548,21.565193991824,95.0103781258763));
#752=CARTESIAN_POINT('Ctrl Pts',(-48.6125652377321,16.8721159370877,93.7469263690477));
#753=CARTESIAN_POINT('Ctrl Pts',(-48.5240570712651,16.814945639813,94.1340905710844));
#754=CARTESIAN_POINT('Ctrl Pts',(-48.4355916938751,16.7576594422311,94.5212547731211));
#755=CARTESIAN_POINT('Ctrl Pts',(-48.3471699852017,16.7002574546586,94.9084189751577));
#756=CARTESIAN_POINT('Ctrl Pts',(-51.3284248499221,12.0470977691685,93.6514265311229));
#757=CARTESIAN_POINT('Ctrl Pts',(-51.2399831758162,12.0058942651406,94.0416663032908));
#758=CARTESIAN_POINT('Ctrl Pts',(-51.1515672350014,11.9646210588301,94.4319060754586));
#759=CARTESIAN_POINT('Ctrl Pts',(-51.0631775564916,11.9232782165812,94.8221458476265));
#760=CARTESIAN_POINT('Ctrl Pts',(-53.3940802345414,7.4769558649226,93.5776312018174));
#761=CARTESIAN_POINT('Ctrl Pts',(-53.3059106089635,7.45096658355448,93.9702475509048));
#762=CARTESIAN_POINT('Ctrl Pts',(-53.2177528027461,7.42494528776586,94.3628638999923));
#763=CARTESIAN_POINT('Ctrl Pts',(-53.1296070588665,7.39889200802877,94.7554802490797));
#764=CARTESIAN_POINT('Ctrl Pts',(-54.691164143269,3.35013474213398,93.529881282855));
#765=CARTESIAN_POINT('Ctrl Pts',(-54.6033533940398,3.33816354970986,93.924035417008));
#766=CARTESIAN_POINT('Ctrl Pts',(-54.5155450386051,3.32618587335247,94.3181895511611));
#767=CARTESIAN_POINT('Ctrl Pts',(-54.4277391261756,3.31420171923337,94.7123436853142));
#768=CARTESIAN_POINT('Ctrl Pts',(-54.9910398489974,1.02524015155178,93.5183055449247));
#769=CARTESIAN_POINT('Ctrl Pts',(-54.9033822291872,1.02148674793897,93.9128324754573));
#770=CARTESIAN_POINT('Ctrl Pts',(-54.8157246093771,1.01773334432615,94.3073594059899));
#771=CARTESIAN_POINT('Ctrl Pts',(-54.7280669895669,1.01397994071334,94.7018863365225));
#772=CARTESIAN_POINT('Ctrl Pts',(-54.9910398489974,-1.02524015155173,93.5183055449247));
#773=CARTESIAN_POINT('Ctrl Pts',(-54.9033822291872,-1.02148674793892,93.9128324754573));
#774=CARTESIAN_POINT('Ctrl Pts',(-54.8157246093771,-1.0177333443261,94.3073594059899));
#775=CARTESIAN_POINT('Ctrl Pts',(-54.7280669895669,-1.01397994071329,94.7018863365225));
#776=CARTESIAN_POINT('Ctrl Pts',(-54.6911641431879,-3.35013473949616,93.5298812828551));
#777=CARTESIAN_POINT('Ctrl Pts',(-54.6033533939582,-3.33816354708428,93.9240354170081));
#778=CARTESIAN_POINT('Ctrl Pts',(-54.5155450385231,-3.32618587073912,94.3181895511612));
#779=CARTESIAN_POINT('Ctrl Pts',(-54.4277391260932,-3.31420171663223,94.7123436853142));
#780=CARTESIAN_POINT('Ctrl Pts',(-53.3940802341414,-7.47695586488533,93.5776312018175));
#781=CARTESIAN_POINT('Ctrl Pts',(-53.3059106085614,-7.45096658352137,93.970247550905));
#782=CARTESIAN_POINT('Ctrl Pts',(-53.2177528023419,-7.42494528773685,94.3628638999924));
#783=CARTESIAN_POINT('Ctrl Pts',(-53.1296070584602,-7.39889200800376,94.7554802490799));
#784=CARTESIAN_POINT('Ctrl Pts',(-51.3284248490494,-12.0470977695616,93.651426531123));
#785=CARTESIAN_POINT('Ctrl Pts',(-51.2399831749389,-12.0058942655407,94.0416663032909));
#786=CARTESIAN_POINT('Ctrl Pts',(-51.1515672341194,-11.964621059237,94.4319060754587));
#787=CARTESIAN_POINT('Ctrl Pts',(-51.0631775556052,-11.9232782169947,94.8221458476266));
#788=CARTESIAN_POINT('Ctrl Pts',(-48.6125652362817,-16.8721159395175,93.7469263690477));
#789=CARTESIAN_POINT('Ctrl Pts',(-48.524057069807,-16.8149456422467,94.1340905710844));
#790=CARTESIAN_POINT('Ctrl Pts',(-48.4355916924093,-16.7576594446686,94.5212547731211));
#791=CARTESIAN_POINT('Ctrl Pts',(-48.3471699837286,-16.7002574570994,94.9084189751577));
#792=CARTESIAN_POINT('Ctrl Pts',(-45.3807840516458,-21.7863290577673,93.8597898138679));
#793=CARTESIAN_POINT('Ctrl Pts',(-45.2924646822393,-21.7127842787473,94.243319251204));
#794=CARTESIAN_POINT('Ctrl Pts',(-45.2042069530418,-21.6390725384455,94.6268486885402));
#795=CARTESIAN_POINT('Ctrl Pts',(-45.1160121312266,-21.5651939957789,95.0103781258763));
#796=CARTESIAN_POINT('Ctrl Pts',(-41.7732577683881,-26.651780912205,93.9856759638596));
#797=CARTESIAN_POINT('Ctrl Pts',(-41.685480163469,-26.5617311526913,94.3651512405683));
#798=CARTESIAN_POINT('Ctrl Pts',(-41.5977834987272,-26.4714621551837,94.7446265172769));
#799=CARTESIAN_POINT('Ctrl Pts',(-41.5101694380966,-26.3809741283573,95.1241017939856));
#800=CARTESIAN_POINT('Ctrl Pts',(-37.9164423653132,-31.3423154654931,94.120243917299));
#801=CARTESIAN_POINT('Ctrl Pts',(-37.8297166501733,-31.2358562614116,94.4953854360955));
#802=CARTESIAN_POINT('Ctrl Pts',(-37.7430902775059,-31.1291279740992,94.870526954892));
#803=CARTESIAN_POINT('Ctrl Pts',(-37.6565652895518,-31.0221308596747,95.2456684736885));
#804=CARTESIAN_POINT('Ctrl Pts',(-33.9219949404939,-35.7458370581731,94.2591527724623));
#805=CARTESIAN_POINT('Ctrl Pts',(-33.8370605756677,-35.6233178770967,94.6298207347044));
#806=CARTESIAN_POINT('Ctrl Pts',(-33.7522417114271,-35.5004858462397,95.0004886969464));
#807=CARTESIAN_POINT('Ctrl Pts',(-33.6675407221845,-35.377341263379,95.3711566591883));
#808=CARTESIAN_POINT('Ctrl Pts',(-29.8873966649592,-39.7486779206808,94.3980616276258));
#809=CARTESIAN_POINT('Ctrl Pts',(-29.805283900462,-39.6107089771034,94.7642560333133));
#810=CARTESIAN_POINT('Ctrl Pts',(-29.7232992039716,-39.4723931430957,95.1304504390008));
#811=CARTESIAN_POINT('Ctrl Pts',(-29.6414452082562,-39.3337307488351,95.4966448446883));
#812=CARTESIAN_POINT('Ctrl Pts',(-25.8923565855855,-43.2403068434364,94.5326295810653));
#813=CARTESIAN_POINT('Ctrl Pts',(-25.8144120881652,-43.0878016337103,94.8944902288407));
#814=CARTESIAN_POINT('Ctrl Pts',(-25.7366032889717,-42.9349288660166,95.256350876616));
#815=CARTESIAN_POINT('Ctrl Pts',(-25.6589329776321,-42.7816888902045,95.6182115243914));
#816=CARTESIAN_POINT('Ctrl Pts',(-22.0057893070495,-46.1057548698627,94.6585157310569));
#817=CARTESIAN_POINT('Ctrl Pts',(-21.9337229553072,-45.9399494103311,95.0163222182048));
#818=CARTESIAN_POINT('Ctrl Pts',(-21.8617936483013,-45.7737727456195,95.3741287053526));
#819=CARTESIAN_POINT('Ctrl Pts',(-21.7900042033396,-45.6072252290483,95.7319351925005));
#820=CARTESIAN_POINT('Ctrl Pts',(-18.2799699896796,-48.2262774485236,94.771379175877));
#821=CARTESIAN_POINT('Ctrl Pts',(-18.2158710215163,-48.0487518883935,95.1255508983243));
#822=CARTESIAN_POINT('Ctrl Pts',(-18.1519028143786,-47.8708721434082,95.4797226207717));
#823=CARTESIAN_POINT('Ctrl Pts',(-18.0880680563968,-47.6926385506881,95.833894343219));
#824=CARTESIAN_POINT('Ctrl Pts',(-14.7527198581219,-49.4777900257636,94.8668790138018));
#825=CARTESIAN_POINT('Ctrl Pts',(-14.6991195301742,-49.2904917966161,95.217975166118));
#826=CARTESIAN_POINT('Ctrl Pts',(-14.6456347028122,-49.1028807176881,95.5690713184341));
#827=CARTESIAN_POINT('Ctrl Pts',(-14.5922677504481,-48.9149570867563,95.9201674707502));
#828=CARTESIAN_POINT('Ctrl Pts',(-11.4418036574174,-49.7285241569249,94.9406743431074));
#829=CARTESIAN_POINT('Ctrl Pts',(-11.4017281897043,-49.5337819930323,95.289393918504));
#830=CARTESIAN_POINT('Ctrl Pts',(-11.3617426388979,-49.338796276396,95.6381134939005));
#831=CARTESIAN_POINT('Ctrl Pts',(-11.3218488534721,-49.1435672388344,95.9868330692971));
#832=CARTESIAN_POINT('Ctrl Pts',(-8.32606157471203,-48.8361081037115,94.9884242620698));
#833=CARTESIAN_POINT('Ctrl Pts',(-8.30320089296928,-48.636678008507,95.3356060524007));
#834=CARTESIAN_POINT('Ctrl Pts',(-8.28039287470599,-48.4371052667703,95.6827878427317));
#835=CARTESIAN_POINT('Ctrl Pts',(-8.25763860255579,-48.2373900142755,96.0299696330626));
#836=CARTESIAN_POINT('Ctrl Pts',(-6.32704670021206,-47.3728625355951,95.));
#837=CARTESIAN_POINT('Ctrl Pts',(-6.31872040231169,-47.1724628050516,95.3468089939514));
#838=CARTESIAN_POINT('Ctrl Pts',(-6.31041325476751,-46.9720112030418,95.6936179879028));
#839=CARTESIAN_POINT('Ctrl Pts',(-6.30212565126445,-46.7715077789382,96.0404269818542));
#840=CARTESIAN_POINT('Ctrl Pts',(-5.11050190537491,-46.2072153474386,95.));
#841=CARTESIAN_POINT('Ctrl Pts',(-5.11204391728044,-46.0070164658782,95.3468089939514));
#842=CARTESIAN_POINT('Ctrl Pts',(-5.11358238258248,-45.8068271907983,95.6936179879028));
#843=CARTESIAN_POINT('Ctrl Pts',(-5.11511722837144,-45.6066475130552,96.0404269818542));
#844=CARTESIAN_POINT('Ctrl Pts',(-4.69452634085269,-45.8416726346773,94.9962351600643));
#845=CARTESIAN_POINT('Ctrl Pts',(-4.69906364980426,-45.6418393897015,95.3431338654779));
#846=CARTESIAN_POINT('Ctrl Pts',(-4.7035907622708,-45.4420337633572,95.6900325708916));
#847=CARTESIAN_POINT('Ctrl Pts',(-4.70810746863726,-45.2422557293563,96.0369312763053));
#848=CARTESIAN_POINT('Ctrl Pts',(-3.71383351334057,-44.9904605225934,94.9745873304343));
#849=CARTESIAN_POINT('Ctrl Pts',(-3.72400659390486,-44.7920411679736,95.322001876756));
#850=CARTESIAN_POINT('Ctrl Pts',(-3.73415786839926,-44.5936808781989,95.6694164230778));
#851=CARTESIAN_POINT('Ctrl Pts',(-3.74428688854375,-44.39537959705,96.0168309693996));
#852=CARTESIAN_POINT('Ctrl Pts',(-2.22130708919557,-43.759533281282,94.9228207813184));
#853=CARTESIAN_POINT('Ctrl Pts',(-2.23795077375778,-43.564267401392,95.2714688602464));
#854=CARTESIAN_POINT('Ctrl Pts',(-2.2545611534966,-43.369091732358,95.6201169391744));
#855=CARTESIAN_POINT('Ctrl Pts',(-2.27113754374547,-43.1740061883154,95.9687650181024));
#856=CARTESIAN_POINT('Ctrl Pts',(-0.0254461091577163,-42.0277025809935,
94.8268173629584));
#857=CARTESIAN_POINT('Ctrl Pts',(-0.0491840211852601,-41.838101835619,95.1777530841744));
#858=CARTESIAN_POINT('Ctrl Pts',(-0.0728791523082073,-41.6486169684157,
95.5286888053904));
#859=CARTESIAN_POINT('Ctrl Pts',(-0.0965306230547114,-41.4592478690882,
95.8796245266065));
#860=CARTESIAN_POINT('Ctrl Pts',(2.5548656558764,-40.0791379588974,94.7025776450808));
#861=CARTESIAN_POINT('Ctrl Pts',(2.52442930682618,-39.8968805588311,95.0564738445518));
#862=CARTESIAN_POINT('Ctrl Pts',(2.49404139107988,-39.7147543472643,95.4103700440229));
#863=CARTESIAN_POINT('Ctrl Pts',(2.46370290430897,-39.5327591993289,95.764266243494));
#864=CARTESIAN_POINT('Ctrl Pts',(5.5044745010267,-37.9367455330394,94.555748887589));
#865=CARTESIAN_POINT('Ctrl Pts',(5.46744477690716,-37.7632923169831,94.9131438340888));
#866=CARTESIAN_POINT('Ctrl Pts',(5.43046581355008,-37.5899765936791,95.2705387805885));
#867=CARTESIAN_POINT('Ctrl Pts',(5.39353865447386,-37.4167982322589,95.6279337270883));
#868=CARTESIAN_POINT('Ctrl Pts',(8.81334001535543,-35.6180174820991,94.3919783503866));
#869=CARTESIAN_POINT('Ctrl Pts',(8.76950684574089,-35.4546623256806,94.7532757454953));
#870=CARTESIAN_POINT('Ctrl Pts',(8.72572393814769,-35.291443311103,95.114573140604));
#871=CARTESIAN_POINT('Ctrl Pts',(8.68199232584131,-35.1283603087836,95.4758705357126));
#872=CARTESIAN_POINT('Ctrl Pts',(12.4752659064247,-33.1275779140345,94.2169132933772));
#873=CARTESIAN_POINT('Ctrl Pts',(12.4240874238246,-32.9755035143404,94.5823822714816));
#874=CARTESIAN_POINT('Ctrl Pts',(12.3729563770461,-32.823557601323,94.947851249586));
#875=CARTESIAN_POINT('Ctrl Pts',(12.321873741255,-32.6717400526862,95.3133202276905));
#876=CARTESIAN_POINT('Ctrl Pts',(16.4850744140712,-30.4488461927014,94.0362009764642));
#877=CARTESIAN_POINT('Ctrl Pts',(16.4256728547478,-30.3092120967453,94.4059761047578));
#878=CARTESIAN_POINT('Ctrl Pts',(16.366314076329,-30.1696938789603,94.7757512330514));
#879=CARTESIAN_POINT('Ctrl Pts',(16.3069989582866,-30.0302914290511,95.145526361345));
#880=CARTESIAN_POINT('Ctrl Pts',(20.8224388549952,-27.5355943868644,93.8554886595514));
#881=CARTESIAN_POINT('Ctrl Pts',(20.7536662312488,-27.409665515944,94.2295699380341));
#882=CARTESIAN_POINT('Ctrl Pts',(20.6849304035136,-27.2838363122588,94.6036512165168));
#883=CARTESIAN_POINT('Ctrl Pts',(20.6162321282266,-27.1581066809435,94.9777324949996));
#884=CARTESIAN_POINT('Ctrl Pts',(24.6540603465773,-24.8401926435587,93.7096011120435));
#885=CARTESIAN_POINT('Ctrl Pts',(24.5764650281896,-24.7269747272416,94.0871587096893));
#886=CARTESIAN_POINT('Ctrl Pts',(24.4989008257058,-24.6138410927808,94.4647163073352));
#887=CARTESIAN_POINT('Ctrl Pts',(24.4213683787939,-24.5007916599551,94.8422739049811));
#888=CARTESIAN_POINT('Ctrl Pts',(27.7530033329094,-22.4665094123215,93.5985383339407));
#889=CARTESIAN_POINT('Ctrl Pts',(27.6679814787617,-22.3644337735864,93.9787424197237));
#890=CARTESIAN_POINT('Ctrl Pts',(27.5829860301852,-22.2624296581007,94.3589465055066));
#891=CARTESIAN_POINT('Ctrl Pts',(27.4980175300147,-22.1604969977872,94.7391505912895));
#892=CARTESIAN_POINT('Ctrl Pts',(30.0473415636515,-20.5664552342096,93.5187707878033));
#893=CARTESIAN_POINT('Ctrl Pts',(29.9567232258542,-20.473259476466,93.9008756351932));
#894=CARTESIAN_POINT('Ctrl Pts',(29.8661277400978,-20.3801256167286,94.2829804825831));
#895=CARTESIAN_POINT('Ctrl Pts',(29.7755555761649,-20.2870535960817,94.665085329973));
#896=CARTESIAN_POINT('Ctrl Pts',(32.2600564470458,-18.5421756278794,93.4432386865936));
#897=CARTESIAN_POINT('Ctrl Pts',(32.1639945981786,-18.4583903935358,93.8271433701953));
#898=CARTESIAN_POINT('Ctrl Pts',(32.0679520893836,-18.3746575445312,94.2110480537971));
#899=CARTESIAN_POINT('Ctrl Pts',(31.9719293182458,-18.2909770310042,94.5949527373988));
#900=CARTESIAN_POINT('Ctrl Pts',(33.9815712562946,-16.7588457202838,93.3844130625985));
#901=CARTESIAN_POINT('Ctrl Pts',(33.8812990942217,-16.6833042583041,93.7697194877983));
#902=CARTESIAN_POINT('Ctrl Pts',(33.7810434321674,-16.607807488974,94.155025912998));
#903=CARTESIAN_POINT('Ctrl Pts',(33.680804609332,-16.532355369754,94.5403323381978));
#904=CARTESIAN_POINT('Ctrl Pts',(35.25476473539,-15.2868718125816,93.3401761933542));
#905=CARTESIAN_POINT('Ctrl Pts',(35.1514300107035,-15.2181060970933,93.7265367282357));
#906=CARTESIAN_POINT('Ctrl Pts',(35.0481095971162,-15.1493791452549,94.1128972631172));
#907=CARTESIAN_POINT('Ctrl Pts',(34.9448037888297,-15.0806909201703,94.4992577979986));
#908=CARTESIAN_POINT('Ctrl Pts',(36.1507075842019,-14.1655490250744,93.3084985948328));
#909=CARTESIAN_POINT('Ctrl Pts',(36.0452532788862,-14.101930989975,93.6956139675648));
#910=CARTESIAN_POINT('Ctrl Pts',(35.9398116923348,-14.0383474054597,94.0827293402969));
#911=CARTESIAN_POINT('Ctrl Pts',(35.8343830860147,-13.9747982387376,94.4698447130289));
#912=CARTESIAN_POINT('Ctrl Pts',(36.9822222885962,-13.032040614478,93.2784092881593));
#913=CARTESIAN_POINT('Ctrl Pts',(36.8748438808933,-12.9736123123542,93.6662416517188));
#914=CARTESIAN_POINT('Ctrl Pts',(36.7674766567673,-12.9152143025405,94.0540740152782));
#915=CARTESIAN_POINT('Ctrl Pts',(36.6601208461253,-12.8568465562041,94.4419063788376));
#916=CARTESIAN_POINT('Ctrl Pts',(37.7446871983051,-11.8935180539133,93.2499965117697));
#917=CARTESIAN_POINT('Ctrl Pts',(37.6355946001696,-11.8402889852957,93.638505916521));
#918=CARTESIAN_POINT('Ctrl Pts',(37.5265117153637,-11.7870862266142,94.0270153212723));
#919=CARTESIAN_POINT('Ctrl Pts',(37.4174387435699,-11.7339097528264,94.4155247260235));
#920=CARTESIAN_POINT('Ctrl Pts',(38.4357924156864,-10.7557330771499,93.2233485040999));
#921=CARTESIAN_POINT('Ctrl Pts',(38.3251999510775,-10.7076863452429,93.6124928977951));
#922=CARTESIAN_POINT('Ctrl Pts',(38.214615802284,-10.6596621379059,94.0016372914903));
#923=CARTESIAN_POINT('Ctrl Pts',(38.104040140259,-10.6116604336995,94.3907816851855));
#924=CARTESIAN_POINT('Ctrl Pts',(39.2595649440207,-9.25136501903418,93.1902885034147));
#925=CARTESIAN_POINT('Ctrl Pts',(39.1472620293565,-9.21015289008136,93.580220675888));
#926=CARTESIAN_POINT('Ctrl Pts',(39.0349656745234,-9.16895852936494,93.9701528483613));
#927=CARTESIAN_POINT('Ctrl Pts',(38.9226760143757,-9.12778191997275,94.3600850208346));
#928=CARTESIAN_POINT('Ctrl Pts',(40.4478148965221,-6.66918070601081,93.139227861787));
#929=CARTESIAN_POINT('Ctrl Pts',(40.3332451927617,-6.63965219547086,93.5303767459674));
#930=CARTESIAN_POINT('Ctrl Pts',(40.2186792849753,-6.61013396686708,93.9215256301477));
#931=CARTESIAN_POINT('Ctrl Pts',(40.104117251199,-6.58062601041291,94.3126745143281));
#932=CARTESIAN_POINT('Ctrl Pts',(41.4530228563279,-3.26459781089587,93.0874613126713));
#933=CARTESIAN_POINT('Ctrl Pts',(41.3370416962188,-3.25033241071176,93.479843729458));
#934=CARTESIAN_POINT('Ctrl Pts',(41.2210614227605,-3.23606941214777,93.8722261462446));
#935=CARTESIAN_POINT('Ctrl Pts',(41.1050820541806,-3.221808812918,94.2646085630313));
#936=CARTESIAN_POINT('Ctrl Pts',(41.6764487117443,-1.00245757591789,93.0724019529285));
#937=CARTESIAN_POINT('Ctrl Pts',(41.560364308769,-0.998130013026006,93.4651432155643));
#938=CARTESIAN_POINT('Ctrl Pts',(41.4442799057938,-0.993802450134124,93.8578844782));
#939=CARTESIAN_POINT('Ctrl Pts',(41.3281955028186,-0.989474887242243,94.2506257408357));
#940=CARTESIAN_POINT('Ctrl Pts',(41.6764487117443,1.00245757591787,93.0724019529285));
#941=CARTESIAN_POINT('Ctrl Pts',(41.560364308769,0.998130013025989,93.4651432155643));
#942=CARTESIAN_POINT('Ctrl Pts',(41.4442799057938,0.993802450134108,93.8578844782));
#943=CARTESIAN_POINT('Ctrl Pts',(41.3281955028186,0.989474887242226,94.2506257408357));
#944=CARTESIAN_POINT('Ctrl Pts',(41.453022856355,3.264597812024,93.0874613126713));
#945=CARTESIAN_POINT('Ctrl Pts',(41.337041696246,3.2503324118353,93.479843729458));
#946=CARTESIAN_POINT('Ctrl Pts',(41.221061422788,3.23606941326672,93.8722261462446));
#947=CARTESIAN_POINT('Ctrl Pts',(41.1050820542081,3.22180881403234,94.2646085630313));
#948=CARTESIAN_POINT('Ctrl Pts',(40.4478148966378,6.66918070663656,93.139227861787));
#949=CARTESIAN_POINT('Ctrl Pts',(40.3332451928781,6.63965219609518,93.5303767459674));
#950=CARTESIAN_POINT('Ctrl Pts',(40.2186792850925,6.61013396748996,93.9215256301478));
#951=CARTESIAN_POINT('Ctrl Pts',(40.1041172513169,6.5806260110343,94.3126745143282));
#952=CARTESIAN_POINT('Ctrl Pts',(39.2595649442203,9.25136502025348,93.1902885034147));
#953=CARTESIAN_POINT('Ctrl Pts',(39.1472620295574,9.21015289129759,93.580220675888));
#954=CARTESIAN_POINT('Ctrl Pts',(39.0349656747256,9.16895853057808,93.9701528483613));
#955=CARTESIAN_POINT('Ctrl Pts',(38.922676014579,9.12778192118274,94.3600850208346));
#956=CARTESIAN_POINT('Ctrl Pts',(38.4357924159391,10.7557330783268,93.2233485041));
#957=CARTESIAN_POINT('Ctrl Pts',(38.3251999513319,10.7076863464175,93.6124928977951));
#958=CARTESIAN_POINT('Ctrl Pts',(38.21461580254,10.6596621390782,94.0016372914903));
#959=CARTESIAN_POINT('Ctrl Pts',(38.1040401405166,10.6116604348695,94.3907816851855));
#960=CARTESIAN_POINT('Ctrl Pts',(37.7446871986002,11.8935180553055,93.2499965117697));
#961=CARTESIAN_POINT('Ctrl Pts',(37.6355946004666,11.8402889866852,93.638505916521));
#962=CARTESIAN_POINT('Ctrl Pts',(37.5265117156626,11.7870862280009,94.0270153212723));
#963=CARTESIAN_POINT('Ctrl Pts',(37.4174387438706,11.7339097542103,94.4155247260236));
#964=CARTESIAN_POINT('Ctrl Pts',(36.9822222889358,13.0320406159314,93.2784092881594));
#965=CARTESIAN_POINT('Ctrl Pts',(36.8748438812351,12.973612313805,93.6662416517188));
#966=CARTESIAN_POINT('Ctrl Pts',(36.7674766571112,12.9152143039888,94.0540740152782));
#967=CARTESIAN_POINT('Ctrl Pts',(36.6601208464714,12.8568465576497,94.4419063788377));
#968=CARTESIAN_POINT('Ctrl Pts',(36.1507075845877,14.1655490266813,93.3084985948328));
#969=CARTESIAN_POINT('Ctrl Pts',(36.0452532792745,14.1019309915793,93.6956139675649));
#970=CARTESIAN_POINT('Ctrl Pts',(35.9398116927255,14.0383474070613,94.0827293402969));
#971=CARTESIAN_POINT('Ctrl Pts',(35.8343830864078,13.9747982403364,94.4698447130289));
#972=CARTESIAN_POINT('Ctrl Pts',(35.2547647358239,15.2868718143026,93.3401761933542));
#973=CARTESIAN_POINT('Ctrl Pts',(35.1514300111402,15.2181060988117,93.7265367282357));
#974=CARTESIAN_POINT('Ctrl Pts',(35.0481095975557,15.1493791469706,94.1128972631172));
#975=CARTESIAN_POINT('Ctrl Pts',(34.9448037892719,15.0806909218831,94.4992577979987));
#976=CARTESIAN_POINT('Ctrl Pts',(33.9815712567943,16.7588457221871,93.3844130625985));
#977=CARTESIAN_POINT('Ctrl Pts',(33.8812990947246,16.6833042602047,93.7697194877983));
#978=CARTESIAN_POINT('Ctrl Pts',(33.7810434326735,16.6078074908719,94.1550259129981));
#979=CARTESIAN_POINT('Ctrl Pts',(33.6808046098413,16.532355371649,94.5403323381979));
#980=CARTESIAN_POINT('Ctrl Pts',(32.2600564476309,18.5421756300071,93.4432386865936));
#981=CARTESIAN_POINT('Ctrl Pts',(32.1639945987675,18.4583903956607,93.8271433701954));
#982=CARTESIAN_POINT('Ctrl Pts',(32.0679520899762,18.3746575466534,94.2110480537971));
#983=CARTESIAN_POINT('Ctrl Pts',(31.9719293188421,18.2909770331234,94.5949527373989));
#984=CARTESIAN_POINT('Ctrl Pts',(30.0473415643415,20.5664552366199,93.5187707878034));
#985=CARTESIAN_POINT('Ctrl Pts',(29.9567232265487,20.4732594788736,93.9008756351933));
#986=CARTESIAN_POINT('Ctrl Pts',(29.8661277407968,20.3801256191335,94.2829804825831));
#987=CARTESIAN_POINT('Ctrl Pts',(29.7755555768682,20.2870535984835,94.665085329973));
#988=CARTESIAN_POINT('Ctrl Pts',(27.7530033337056,22.4665094150143,93.5985383339408));
#989=CARTESIAN_POINT('Ctrl Pts',(27.667981479563,22.3644337762765,93.9787424197237));
#990=CARTESIAN_POINT('Ctrl Pts',(27.5829860309918,22.262429660788,94.3589465055066));
#991=CARTESIAN_POINT('Ctrl Pts',(27.4980175308263,22.1604970004713,94.7391505912896));
#992=CARTESIAN_POINT('Ctrl Pts',(24.6540603475122,24.8401926466257,93.7096011120436));
#993=CARTESIAN_POINT('Ctrl Pts',(24.5764650291306,24.7269747303058,94.0871587096894));
#994=CARTESIAN_POINT('Ctrl Pts',(24.498900826653,24.6138410958421,94.4647163073353));
#995=CARTESIAN_POINT('Ctrl Pts',(24.4213683797469,24.5007916630132,94.8422739049811));
#996=CARTESIAN_POINT('Ctrl Pts',(20.8224388560983,27.5355943903785,93.8554886595513));
#997=CARTESIAN_POINT('Ctrl Pts',(20.7536662323591,27.4096655194553,94.229569938034));
#998=CARTESIAN_POINT('Ctrl Pts',(20.6849304046312,27.2838363157671,94.6036512165167));
#999=CARTESIAN_POINT('Ctrl Pts',(20.6162321293511,27.1581066844486,94.9777324949994));
#1000=CARTESIAN_POINT('Ctrl Pts',(16.4850744153435,30.4488461966785,94.0362009764642));
#1001=CARTESIAN_POINT('Ctrl Pts',(16.4256728560285,30.3092121007196,94.4059761047578));
#1002=CARTESIAN_POINT('Ctrl Pts',(16.3663140776182,30.1696938829316,94.7757512330513));
#1003=CARTESIAN_POINT('Ctrl Pts',(16.306998959584,30.0302914330191,95.1455263613449));
#1004=CARTESIAN_POINT('Ctrl Pts',(12.4752659078295,33.12757791836,94.2169132933773));
#1005=CARTESIAN_POINT('Ctrl Pts',(12.4240874252388,32.9755035186631,94.5823822714817));
#1006=CARTESIAN_POINT('Ctrl Pts',(12.3729563784697,32.8235576056429,94.9478512495861));
#1007=CARTESIAN_POINT('Ctrl Pts',(12.3218737426876,32.6717400570027,95.3133202276906));
#1008=CARTESIAN_POINT('Ctrl Pts',(8.81334001681958,35.6180174866159,94.3919783503869));
#1009=CARTESIAN_POINT('Ctrl Pts',(8.76950684721515,35.4546623301947,94.7532757454955));
#1010=CARTESIAN_POINT('Ctrl Pts',(8.72572393963202,35.2914433156143,95.1145731406042));
#1011=CARTESIAN_POINT('Ctrl Pts',(8.68199232733538,35.1283603132917,95.4758705357129));
#1012=CARTESIAN_POINT('Ctrl Pts',(5.50447450250576,37.9367455375509,94.5557488875889));
#1013=CARTESIAN_POINT('Ctrl Pts',(5.46744477839644,37.7632923214923,94.9131438340887));
#1014=CARTESIAN_POINT('Ctrl Pts',(5.43046581504954,37.5899765981857,95.2705387805884));
#1015=CARTESIAN_POINT('Ctrl Pts',(5.39353865598313,37.4167982367624,95.6279337270882));
#1016=CARTESIAN_POINT('Ctrl Pts',(2.55486565721073,40.0791379631618,94.7025776450806));
#1017=CARTESIAN_POINT('Ctrl Pts',(2.52442930817059,39.8968805630934,95.0564738445516));
#1018=CARTESIAN_POINT('Ctrl Pts',(2.49404139243433,39.7147543515242,95.4103700440227));
#1019=CARTESIAN_POINT('Ctrl Pts',(2.46370290567313,39.5327592035861,95.7642662434937));
#1020=CARTESIAN_POINT('Ctrl Pts',(-0.0254461079317059,42.0277025847356,
94.8268173629588));
#1021=CARTESIAN_POINT('Ctrl Pts',(-0.0491840199505589,41.8381018393594,
95.1777530841749));
#1022=CARTESIAN_POINT('Ctrl Pts',(-0.072879151064833,41.6486169721541,95.5286888053909));
#1023=CARTESIAN_POINT('Ctrl Pts',(-0.0965306218029749,41.4592478728243,
95.8796245266069));
#1024=CARTESIAN_POINT('Ctrl Pts',(-2.22130708847877,43.7595332841692,94.9228207813182));
#1025=CARTESIAN_POINT('Ctrl Pts',(-2.23795077303319,43.5642674042779,95.2714688602462));
#1026=CARTESIAN_POINT('Ctrl Pts',(-2.25456115276423,43.3690917352425,95.6201169391742));
#1027=CARTESIAN_POINT('Ctrl Pts',(-2.27113754300556,43.1740061911982,95.9687650181022));
#1028=CARTESIAN_POINT('Ctrl Pts',(-3.71383351272938,44.9904605244818,94.9745873304344));
#1029=CARTESIAN_POINT('Ctrl Pts',(-3.72400659328919,44.7920411698612,95.3220018767561));
#1030=CARTESIAN_POINT('Ctrl Pts',(-3.73415786777911,44.5936808800856,95.6694164230779));
#1031=CARTESIAN_POINT('Ctrl Pts',(-3.74428688791928,44.3953795989356,96.0168309693997));
#1032=CARTESIAN_POINT('Ctrl Pts',(-4.6945263409568,45.8416726355431,94.9962351600642));
#1033=CARTESIAN_POINT('Ctrl Pts',(-4.69906364990458,45.641839390567,95.3431338654779));
#1034=CARTESIAN_POINT('Ctrl Pts',(-4.70359076236733,45.4420337642223,95.6900325708916));
#1035=CARTESIAN_POINT('Ctrl Pts',(-4.70810746873008,45.242255730221,96.0369312763053));
#1036=CARTESIAN_POINT('Ctrl Pts',(-5.11050190567818,46.2072153477292,95.));
#1037=CARTESIAN_POINT('Ctrl Pts',(-5.11204391758124,46.0070164661687,95.3468089939514));
#1038=CARTESIAN_POINT('Ctrl Pts',(-5.1135823828808,45.8068271910887,95.6936179879028));
#1039=CARTESIAN_POINT('Ctrl Pts',(-5.11511722866732,45.6066475133456,96.0404269818543));
#1040=CARTESIAN_POINT('Ctrl Pts',(-5.30059793946268,46.3893581740361,95.));
#1041=CARTESIAN_POINT('Ctrl Pts',(-5.30059793946268,46.1891279080209,95.3468089939514));
#1042=CARTESIAN_POINT('Ctrl Pts',(-5.30059793946268,45.9888976420056,95.6936179879028));
#1043=CARTESIAN_POINT('Ctrl Pts',(-5.30059793946268,45.7886673759904,96.0404269818543));
#1044=CARTESIAN_POINT('',(-5.30059793946268,46.3893581740361,95.));
#1045=CARTESIAN_POINT('',(-54.9910398489974,2.21142287875265E-14,93.5183055449247));
#1046=CARTESIAN_POINT('Ctrl Pts',(-5.30059793946268,46.3893581740361,95.));
#1047=CARTESIAN_POINT('Ctrl Pts',(-6.32704669857443,47.372862534026,95.));
#1048=CARTESIAN_POINT('Ctrl Pts',(-8.32606157855705,48.8361080990923,94.9884242620697));
#1049=CARTESIAN_POINT('Ctrl Pts',(-11.4418036597257,49.7285241492445,94.9406743431073));
#1050=CARTESIAN_POINT('Ctrl Pts',(-14.752719862654,49.4777900159045,94.8668790138018));
#1051=CARTESIAN_POINT('Ctrl Pts',(-18.2799699939729,48.2262774374802,94.771379175877));
#1052=CARTESIAN_POINT('Ctrl Pts',(-22.0057893118802,46.1057548583961,94.6585157310568));
#1053=CARTESIAN_POINT('Ctrl Pts',(-25.8923565901868,43.2403068322303,94.5326295810651));
#1054=CARTESIAN_POINT('Ctrl Pts',(-29.8873966693682,39.748677910297,94.3980616276257));
#1055=CARTESIAN_POINT('Ctrl Pts',(-33.9219949444193,35.7458370490155,94.2591527724624));
#1056=CARTESIAN_POINT('Ctrl Pts',(-37.9164423687042,31.3423154579297,94.120243917299));
#1057=CARTESIAN_POINT('Ctrl Pts',(-41.7732577711359,26.6517809063153,93.9856759638595));
#1058=CARTESIAN_POINT('Ctrl Pts',(-45.3807840537411,21.7863290538225,93.8597898138678));
#1059=CARTESIAN_POINT('Ctrl Pts',(-48.6125652377321,16.8721159370877,93.7469263690477));
#1060=CARTESIAN_POINT('Ctrl Pts',(-51.3284248499221,12.0470977691685,93.6514265311229));
#1061=CARTESIAN_POINT('Ctrl Pts',(-53.3940802345414,7.4769558649226,93.5776312018174));
#1062=CARTESIAN_POINT('Ctrl Pts',(-54.691164143269,3.35013474213398,93.529881282855));
#1063=CARTESIAN_POINT('Ctrl Pts',(-54.9910398489974,1.02524015155178,93.5183055449247));
#1064=CARTESIAN_POINT('Ctrl Pts',(-54.9910398489974,2.22044604925031E-14,
93.5183055449247));
#1065=CARTESIAN_POINT('',(-42.005977295672,-26.2701623778196,93.977552827296));
#1066=CARTESIAN_POINT('Ctrl Pts',(-54.9910398489974,2.22044604925031E-14,
93.5183055449247));
#1067=CARTESIAN_POINT('Ctrl Pts',(-54.9910398489974,-1.02524015155173,93.5183055449247));
#1068=CARTESIAN_POINT('Ctrl Pts',(-54.6911641431879,-3.35013473949616,93.5298812828551));
#1069=CARTESIAN_POINT('Ctrl Pts',(-53.3940802341414,-7.47695586488533,93.5776312018175));
#1070=CARTESIAN_POINT('Ctrl Pts',(-51.3284248490494,-12.0470977695616,93.651426531123));
#1071=CARTESIAN_POINT('Ctrl Pts',(-48.6125652362817,-16.8721159395175,93.7469263690477));
#1072=CARTESIAN_POINT('Ctrl Pts',(-45.4601468675987,-21.665650778832,93.8570182274617));
#1073=CARTESIAN_POINT('Ctrl Pts',(-43.1526066108963,-24.7909578212813,93.9375429241171));
#1074=CARTESIAN_POINT('Ctrl Pts',(-42.005977295672,-26.2701623778196,93.977552827296));
#1075=CARTESIAN_POINT('',(-41.742967386626,-26.0030538668077,95.1167634737126));
#1076=CARTESIAN_POINT('Origin',(-444.406227940194,938.82786410556,-38.7735612500312));
#1077=CARTESIAN_POINT('',(-5.30059793946268,45.7886673759904,96.0404269818543));
#1078=CARTESIAN_POINT('Ctrl Pts',(-5.30059793946268,45.7886673759904,96.0404269818543));
#1079=CARTESIAN_POINT('Ctrl Pts',(-6.30212564966679,46.7715077773704,96.0404269818543));
#1080=CARTESIAN_POINT('Ctrl Pts',(-8.25763860640212,48.2373900096639,96.0299696330626));
#1081=CARTESIAN_POINT('Ctrl Pts',(-11.321848855838,49.1435672311643,95.9868330692969));
#1082=CARTESIAN_POINT('Ctrl Pts',(-14.5922677550338,48.9149570769103,95.9201674707502));
#1083=CARTESIAN_POINT('Ctrl Pts',(-18.0880680607616,47.692638539658,95.833894343219));
#1084=CARTESIAN_POINT('Ctrl Pts',(-21.790004208241,45.6072252175943,95.7319351925004));
#1085=CARTESIAN_POINT('Ctrl Pts',(-25.6589329823058,42.781688879009,95.6182115243912));
#1086=CARTESIAN_POINT('Ctrl Pts',(-29.6414452127326,39.3337307384587,95.4966448446882));
#1087=CARTESIAN_POINT('Ctrl Pts',(-33.6675407261714,35.3773412542255,95.3711566591884));
#1088=CARTESIAN_POINT('Ctrl Pts',(-37.6565652929954,31.0221308521107,95.2456684736885));
#1089=CARTESIAN_POINT('Ctrl Pts',(-41.5101694408876,26.3809741224636,95.1241017939854));
#1090=CARTESIAN_POINT('Ctrl Pts',(-45.1160121333548,21.565193991824,95.0103781258763));
#1091=CARTESIAN_POINT('Ctrl Pts',(-48.3471699852017,16.7002574546586,94.9084189751577));
#1092=CARTESIAN_POINT('Ctrl Pts',(-51.0631775564916,11.9232782165812,94.8221458476265));
#1093=CARTESIAN_POINT('Ctrl Pts',(-53.1296070588665,7.39889200802877,94.7554802490797));
#1094=CARTESIAN_POINT('Ctrl Pts',(-54.4277391261756,3.31420171923337,94.7123436853142));
#1095=CARTESIAN_POINT('Ctrl Pts',(-54.7280669895669,1.01397994071334,94.7018863365225));
#1096=CARTESIAN_POINT('Ctrl Pts',(-54.7280669895669,-1.01397994071329,94.7018863365225));
#1097=CARTESIAN_POINT('Ctrl Pts',(-54.4277391260932,-3.31420171663223,94.7123436853142));
#1098=CARTESIAN_POINT('Ctrl Pts',(-53.1296070584602,-7.39889200800376,94.7554802490799));
#1099=CARTESIAN_POINT('Ctrl Pts',(-51.0631775556052,-11.9232782169947,94.8221458476266));
#1100=CARTESIAN_POINT('Ctrl Pts',(-48.3471699837286,-16.7002574570994,94.9084189751577));
#1101=CARTESIAN_POINT('Ctrl Pts',(-45.195359640019,-21.4457258012806,95.0078743161037));
#1102=CARTESIAN_POINT('Ctrl Pts',(-42.8888753551622,-24.539147496504,95.0806191246281));
#1103=CARTESIAN_POINT('Ctrl Pts',(-41.742967386626,-26.0030538668077,95.1167634737126));
#1104=CARTESIAN_POINT('',(-5.30059793946268,46.3893581740361,95.));
#1105=CARTESIAN_POINT('Ctrl Pts',(-5.30059793946268,45.7886673759904,96.0404269818543));
#1106=CARTESIAN_POINT('Ctrl Pts',(-5.30059793946268,44.8719636378798,97.6282044317501));
#1107=CARTESIAN_POINT('Ctrl Pts',(-5.30059793946268,43.9552598997692,99.2159818816459));
#1108=CARTESIAN_POINT('Ctrl Pts',(-5.30059793946269,43.0385561616586,100.803759331542));
#1109=CARTESIAN_POINT('Ctrl Pts',(-6.30212564966679,46.7715077773704,96.0404269818543));
#1110=CARTESIAN_POINT('Ctrl Pts',(-6.26444344323011,45.8528934047601,97.6282044317501));
#1111=CARTESIAN_POINT('Ctrl Pts',(-6.22721614358283,44.9332009581558,99.2159818816459));
#1112=CARTESIAN_POINT('Ctrl Pts',(-6.19047989779319,44.0124396509587,100.803759331542));
#1113=CARTESIAN_POINT('Ctrl Pts',(-8.25763860640212,48.2373900096639,96.0299696330626));
#1114=CARTESIAN_POINT('Ctrl Pts',(-8.15418027400576,47.3212289958672,97.6194538370944));
#1115=CARTESIAN_POINT('Ctrl Pts',(-8.05197293528028,46.4021032785871,99.2089380411263));
#1116=CARTESIAN_POINT('Ctrl Pts',(-7.95111599466332,45.4800381946767,100.798422245158));
#1117=CARTESIAN_POINT('Ctrl Pts',(-11.321848855838,49.1435672311643,95.9868330692969));
#1118=CARTESIAN_POINT('Ctrl Pts',(-11.1404283309069,48.2466612183647,97.5833576341399));
#1119=CARTESIAN_POINT('Ctrl Pts',(-10.9611437355104,47.3446933112652,99.1798821989829));
#1120=CARTESIAN_POINT('Ctrl Pts',(-10.7841647914298,46.4377067696635,100.776406763826));
#1121=CARTESIAN_POINT('Ctrl Pts',(-14.5922677550338,48.9149570769103,95.9201674707502));
#1122=CARTESIAN_POINT('Ctrl Pts',(-14.3495117400286,48.0506152402138,97.5275725932103));
#1123=CARTESIAN_POINT('Ctrl Pts',(-14.109499381597,47.1797712697411,99.1349777156704));
#1124=CARTESIAN_POINT('Ctrl Pts',(-13.8724486917443,46.3024807338178,100.742382838131));
#1125=CARTESIAN_POINT('Ctrl Pts',(-18.0880680607616,47.692638539658,95.833894343219));
#1126=CARTESIAN_POINT('Ctrl Pts',(-17.7975954212086,46.8721341206529,97.4553801873013));
#1127=CARTESIAN_POINT('Ctrl Pts',(-17.5102289420771,46.0442684776576,99.0768660313837));
#1128=CARTESIAN_POINT('Ctrl Pts',(-17.2262154400674,45.2091045209268,100.698351875466));
#1129=CARTESIAN_POINT('Ctrl Pts',(-21.790004208241,45.6072252175943,95.7319351925004));
#1130=CARTESIAN_POINT('Ctrl Pts',(-21.4631985167354,44.8400059702399,97.370061889409));
#1131=CARTESIAN_POINT('Ctrl Pts',(-21.1396482519415,44.065071755866,99.0081885863176));
#1132=CARTESIAN_POINT('Ctrl Pts',(-20.8196120913164,43.2824885078747,100.646315283226));
#1133=CARTESIAN_POINT('Ctrl Pts',(-25.6589329823058,42.781688879009,95.6182115243912));
#1134=CARTESIAN_POINT('Ctrl Pts',(-25.3051849123074,42.075441258116,97.274899172529));
#1135=CARTESIAN_POINT('Ctrl Pts',(-24.9546602833871,41.3615544722812,98.9315868206669));
#1136=CARTESIAN_POINT('Ctrl Pts',(-24.6076152314112,40.6400938070893,100.588274468805));
#1137=CARTESIAN_POINT('Ctrl Pts',(-29.6414452127326,39.3337307384587,95.4966448446882));
#1138=CARTESIAN_POINT('Ctrl Pts',(-29.2684394089338,38.6944858838787,97.1731735096574));
#1139=CARTESIAN_POINT('Ctrl Pts',(-28.8984757942892,38.0480314094638,98.8497021746265));
#1140=CARTESIAN_POINT('Ctrl Pts',(-28.5317961023175,37.3944289298344,100.526230839596));
#1141=CARTESIAN_POINT('Ctrl Pts',(-33.6675407261714,35.3773412542255,95.3711566591884));
#1142=CARTESIAN_POINT('Ctrl Pts',(-33.2813297315276,34.8095739399375,97.0681663737899));
#1143=CARTESIAN_POINT('Ctrl Pts',(-32.8978623934574,34.2353044918732,98.7651760883913));
#1144=CARTESIAN_POINT('Ctrl Pts',(-32.5173567239661,33.6545884783585,100.462185802993));
#1145=CARTESIAN_POINT('Ctrl Pts',(-37.6565652929954,31.0221308521107,95.2456684736885));
#1146=CARTESIAN_POINT('Ctrl Pts',(-37.2617837883627,30.5288475631516,96.9631592379222));
#1147=CARTESIAN_POINT('Ctrl Pts',(-36.8693621127001,30.0299717653486,98.680650002156));
#1148=CARTESIAN_POINT('Ctrl Pts',(-36.4794877789241,29.5255512532203,100.39814076639));
#1149=CARTESIAN_POINT('Ctrl Pts',(-41.5101694408876,26.3809741224636,95.1241017939854));
#1150=CARTESIAN_POINT('Ctrl Pts',(-41.1101515729354,25.9639077904094,96.8614335750505));
#1151=CARTESIAN_POINT('Ctrl Pts',(-40.7120563969603,25.5422849112399,98.5987653561155));
#1152=CARTESIAN_POINT('Ctrl Pts',(-40.3160366908054,25.116144425971,100.336097137181));
#1153=CARTESIAN_POINT('Ctrl Pts',(-45.1160121333548,21.565193991824,95.0103781258763));
#1154=CARTESIAN_POINT('Ctrl Pts',(-44.7130728672786,21.2248351967924,96.7662708581706));
#1155=CARTESIAN_POINT('Ctrl Pts',(-44.3115978324309,20.8810063510928,98.5221635904649));
#1156=CARTESIAN_POINT('Ctrl Pts',(-43.9117033771875,20.5337371103599,100.278056322759));
#1157=CARTESIAN_POINT('Ctrl Pts',(-48.3471699852017,16.7002574546586,94.9084189751577));
#1158=CARTESIAN_POINT('Ctrl Pts',(-47.9429355505994,16.4359821445931,96.6809525602783));
#1159=CARTESIAN_POINT('Ctrl Pts',(-47.5397175483546,16.1692980129474,98.4534861453989));
#1160=CARTESIAN_POINT('Ctrl Pts',(-47.137596744573,15.9002256459145,100.226019730519));
#1161=CARTESIAN_POINT('Ctrl Pts',(-51.0631775564916,11.9232782165812,94.8221458476265));
#1162=CARTESIAN_POINT('Ctrl Pts',(-50.6588577610079,11.7331135065754,96.6087601543693));
#1163=CARTESIAN_POINT('Ctrl Pts',(-50.2551492465224,11.5415001346402,98.3953744611121));
#1164=CARTESIAN_POINT('Ctrl Pts',(-49.8521005856581,11.3484504812834,100.181988767855));
#1165=CARTESIAN_POINT('Ctrl Pts',(-53.1296070588665,7.39889200802877,94.7554802490797));
#1166=CARTESIAN_POINT('Ctrl Pts',(-52.7262147909966,7.27920626809806,96.5529751134396));
#1167=CARTESIAN_POINT('Ctrl Pts',(-52.3231032859108,7.1588551543742,98.3504699777996));
#1168=CARTESIAN_POINT('Ctrl Pts',(-51.9202948531277,7.0378443532532,100.147964842159));
#1169=CARTESIAN_POINT('Ctrl Pts',(-54.4277391261756,3.31420171923337,94.7123436853142));
#1170=CARTESIAN_POINT('Ctrl Pts',(-54.025774478702,3.2592527880614,96.5168789104852));
#1171=CARTESIAN_POINT('Ctrl Pts',(-53.6238666945772,3.20416909764019,98.3214141356562));
#1172=CARTESIAN_POINT('Ctrl Pts',(-53.2220202921845,3.14895179964487,100.125949360827));
#1173=CARTESIAN_POINT('Ctrl Pts',(-54.7280669895669,1.01397994071334,94.7018863365225));
#1174=CARTESIAN_POINT('Ctrl Pts',(-54.3267487006138,0.996795929569668,96.5081283158296));
#1175=CARTESIAN_POINT('Ctrl Pts',(-53.9254304116606,0.979611918425998,98.3143702951367));
#1176=CARTESIAN_POINT('Ctrl Pts',(-53.5241121227075,0.962427907282328,100.120612274444));
#1177=CARTESIAN_POINT('Ctrl Pts',(-54.7280669895669,-1.01397994071329,94.7018863365225));
#1178=CARTESIAN_POINT('Ctrl Pts',(-54.3267487006138,-0.996795929569613,
96.5081283158296));
#1179=CARTESIAN_POINT('Ctrl Pts',(-53.9254304116606,-0.979611918425941,
98.3143702951367));
#1180=CARTESIAN_POINT('Ctrl Pts',(-53.5241121227075,-0.962427907282268,
100.120612274444));
#1181=CARTESIAN_POINT('Ctrl Pts',(-54.4277391260932,-3.31420171663223,94.7123436853142));
#1182=CARTESIAN_POINT('Ctrl Pts',(-54.0257744786177,-3.25925278551608,96.5168789104853));
#1183=CARTESIAN_POINT('Ctrl Pts',(-53.6238666944911,-3.20416909515047,98.3214141356563));
#1184=CARTESIAN_POINT('Ctrl Pts',(-53.2220202920967,-3.14895179721053,100.125949360827));
#1185=CARTESIAN_POINT('Ctrl Pts',(-53.1296070584602,-7.39889200800376,94.7554802490799));
#1186=CARTESIAN_POINT('Ctrl Pts',(-52.726214790581,-7.2792062680909,96.5529751134398));
#1187=CARTESIAN_POINT('Ctrl Pts',(-52.3231032854863,-7.15885515438384,98.3504699777997));
#1188=CARTESIAN_POINT('Ctrl Pts',(-51.9202948526949,-7.03784435327853,100.14796484216));
#1189=CARTESIAN_POINT('Ctrl Pts',(-51.0631775556052,-11.9232782169947,94.8221458476266));
#1190=CARTESIAN_POINT('Ctrl Pts',(-50.6588577601012,-11.7331135070184,96.6087601543694));
#1191=CARTESIAN_POINT('Ctrl Pts',(-50.2551492455964,-11.5415001351104,98.3953744611122));
#1192=CARTESIAN_POINT('Ctrl Pts',(-49.8521005847139,-11.3484504817783,100.181988767855));
#1193=CARTESIAN_POINT('Ctrl Pts',(-48.3471699837286,-16.7002574570994,94.9084189751577));
#1194=CARTESIAN_POINT('Ctrl Pts',(-47.9429355490925,-16.4359821470477,96.6809525602783));
#1195=CARTESIAN_POINT('Ctrl Pts',(-47.5397175468156,-16.1692980154119,98.4534861453989));
#1196=CARTESIAN_POINT('Ctrl Pts',(-47.1375967430037,-15.9002256483849,100.226019730519));
#1197=CARTESIAN_POINT('Ctrl Pts',(-45.1160121312266,-21.5651939957789,95.0103781258763));
#1198=CARTESIAN_POINT('Ctrl Pts',(-44.7130728651021,-21.2248352007583,96.7662708581707));
#1199=CARTESIAN_POINT('Ctrl Pts',(-44.3115978302082,-20.8810063550641,98.522163590465));
#1200=CARTESIAN_POINT('Ctrl Pts',(-43.9117033749212,-20.5337371143309,100.278056322759));
#1201=CARTESIAN_POINT('Ctrl Pts',(-41.5101694380966,-26.3809741283573,95.1241017939856));
#1202=CARTESIAN_POINT('Ctrl Pts',(-41.1101515700808,-25.9639077963034,96.8614335750506));
#1203=CARTESIAN_POINT('Ctrl Pts',(-40.712056394045,-25.542284917127,98.5987653561156));
#1204=CARTESIAN_POINT('Ctrl Pts',(-40.3160366878329,-25.1161444318436,100.336097137181));
#1205=CARTESIAN_POINT('Ctrl Pts',(-37.6565652895518,-31.0221308596747,95.2456684736885));
#1206=CARTESIAN_POINT('Ctrl Pts',(-37.2617837848414,-30.5288475707093,96.9631592379222));
#1207=CARTESIAN_POINT('Ctrl Pts',(-36.8693621091046,-30.0299717728912,98.680650002156));
#1208=CARTESIAN_POINT('Ctrl Pts',(-36.4794877752587,-29.5255512607385,100.39814076639));
#1209=CARTESIAN_POINT('Ctrl Pts',(-33.6675407221845,-35.377341263379,95.3711566591883));
#1210=CARTESIAN_POINT('Ctrl Pts',(-33.28132972745,-34.8095739490765,97.0681663737898));
#1211=CARTESIAN_POINT('Ctrl Pts',(-32.8978623892932,-34.2353045009874,98.7651760883912));
#1212=CARTESIAN_POINT('Ctrl Pts',(-32.5173567197205,-33.6545884874371,100.462185802993));
#1213=CARTESIAN_POINT('Ctrl Pts',(-29.6414452082562,-39.3337307488351,95.4966448446883));
#1214=CARTESIAN_POINT('Ctrl Pts',(-29.2684394043579,-38.6944858942343,97.1731735096574));
#1215=CARTESIAN_POINT('Ctrl Pts',(-28.8984757896184,-38.0480314197874,98.8497021746266));
#1216=CARTESIAN_POINT('Ctrl Pts',(-28.5317960975575,-37.394428940114,100.526230839596));
#1217=CARTESIAN_POINT('Ctrl Pts',(-25.6589329776321,-42.7816888902045,95.6182115243914));
#1218=CARTESIAN_POINT('Ctrl Pts',(-25.3051849075269,-42.0754412692855,97.2748991725292));
#1219=CARTESIAN_POINT('Ctrl Pts',(-24.9546602785047,-41.3615544834127,98.9315868206671));
#1220=CARTESIAN_POINT('Ctrl Pts',(-24.6076152264329,-40.6400938181702,100.588274468805));
#1221=CARTESIAN_POINT('Ctrl Pts',(-21.7900042033396,-45.6072252290483,95.7319351925005));
#1222=CARTESIAN_POINT('Ctrl Pts',(-21.4631985117297,-44.8400059816648,97.3700618894091));
#1223=CARTESIAN_POINT('Ctrl Pts',(-21.1396482468366,-44.0650717672496,99.0081885863176));
#1224=CARTESIAN_POINT('Ctrl Pts',(-20.8196120861182,-43.2824885192041,100.646315283226));
#1225=CARTESIAN_POINT('Ctrl Pts',(-18.0880680563968,-47.6926385506881,95.833894343219));
#1226=CARTESIAN_POINT('Ctrl Pts',(-17.7975954167381,-46.8721341316531,97.4553801873013));
#1227=CARTESIAN_POINT('Ctrl Pts',(-17.5102289375056,-46.0442684886163,99.0768660313836));
#1228=CARTESIAN_POINT('Ctrl Pts',(-17.2262154354005,-45.2091045318318,100.698351875466));
#1229=CARTESIAN_POINT('Ctrl Pts',(-14.5922677504481,-48.9149570867563,95.9201674707502));
#1230=CARTESIAN_POINT('Ctrl Pts',(-14.3495117353642,-48.0506152500313,97.5275725932103));
#1231=CARTESIAN_POINT('Ctrl Pts',(-14.1094993768581,-47.1797712795199,99.1349777156704));
#1232=CARTESIAN_POINT('Ctrl Pts',(-13.8724486869359,-46.302480743547,100.742382838131));
#1233=CARTESIAN_POINT('Ctrl Pts',(-11.3218488534721,-49.1435672388344,95.9868330692971));
#1234=CARTESIAN_POINT('Ctrl Pts',(-11.1404283284555,-48.2466612260126,97.58335763414));
#1235=CARTESIAN_POINT('Ctrl Pts',(-10.9611437329767,-47.3446933188829,99.179882198983));
#1236=CARTESIAN_POINT('Ctrl Pts',(-10.7841647888179,-46.4377067772425,100.776406763826));
#1237=CARTESIAN_POINT('Ctrl Pts',(-8.25763860255579,-48.2373900142755,96.0299696330626));
#1238=CARTESIAN_POINT('Ctrl Pts',(-8.15418027015885,-47.3212290004634,97.6194538370945));
#1239=CARTESIAN_POINT('Ctrl Pts',(-8.05197293143468,-46.4021032831632,99.2089380411263));
#1240=CARTESIAN_POINT('Ctrl Pts',(-7.95111599082134,-45.4800381992278,100.798422245158));
#1241=CARTESIAN_POINT('Ctrl Pts',(-6.30212565126445,-46.7715077789382,96.0404269818542));
#1242=CARTESIAN_POINT('Ctrl Pts',(-6.2644434447673,-45.8528934063245,97.6282044317501));
#1243=CARTESIAN_POINT('Ctrl Pts',(-6.22721614506024,-44.9332009597151,99.2159818816459));
#1244=CARTESIAN_POINT('Ctrl Pts',(-6.19047989921168,-44.012439652511,100.803759331542));
#1245=CARTESIAN_POINT('Ctrl Pts',(-5.11511722837144,-45.6066475130552,96.0404269818542));
#1246=CARTESIAN_POINT('Ctrl Pts',(-5.12209588944514,-44.6902976202173,97.6282044317501));
#1247=CARTESIAN_POINT('Ctrl Pts',(-5.12899030279018,-43.7741473842925,99.2159818816459));
#1248=CARTESIAN_POINT('Ctrl Pts',(-5.13579377404966,-42.8581950989794,100.803759331542));
#1249=CARTESIAN_POINT('Ctrl Pts',(-4.70810746863726,-45.2422557293563,96.0369312763053));
#1250=CARTESIAN_POINT('Ctrl Pts',(-4.7294403775989,-44.3279738603414,97.6247790204318));
#1251=CARTESIAN_POINT('Ctrl Pts',(-4.75053107434066,-43.4142660049517,99.2126267645583));
#1252=CARTESIAN_POINT('Ctrl Pts',(-4.77136031258644,-42.5011272575706,100.800474508685));
#1253=CARTESIAN_POINT('Ctrl Pts',(-3.74428688854375,-44.39537959705,96.0168309693996));
#1254=CARTESIAN_POINT('Ctrl Pts',(-3.79571623197748,-43.4882588120686,97.6050829053526));
#1255=CARTESIAN_POINT('Ctrl Pts',(-3.84662758351704,-42.5823656051389,99.1933348413057));
#1256=CARTESIAN_POINT('Ctrl Pts',(-3.89697978332742,-41.677689485173,100.781586777259));
#1257=CARTESIAN_POINT('Ctrl Pts',(-2.27113754374547,-43.1740061883154,95.9687650181024));
#1258=CARTESIAN_POINT('Ctrl Pts',(-2.36283198335128,-42.2820041678963,97.5579834997277));
#1259=CARTESIAN_POINT('Ctrl Pts',(-2.45373528413016,-41.3918770506767,99.1472019813529));
#1260=CARTESIAN_POINT('Ctrl Pts',(-2.54378458188685,-40.5036088134198,100.736420462978));
#1261=CARTESIAN_POINT('Ctrl Pts',(-0.0965306230547114,-41.4592478690882,
95.8796245266065));
#1262=CARTESIAN_POINT('Ctrl Pts',(-0.240709323378305,-40.5937437570878,
97.4706355111147));
#1263=CARTESIAN_POINT('Ctrl Pts',(-0.383871785474956,-39.7306480066017,
99.0616464956228));
#1264=CARTESIAN_POINT('Ctrl Pts',(-0.525937258664562,-38.8699400353686,
100.652657480131));
#1265=CARTESIAN_POINT('Ctrl Pts',(2.46370290430897,-39.5327591993289,95.764266243494));
#1266=CARTESIAN_POINT('Ctrl Pts',(2.26281703077795,-38.7012096821327,97.3575969376154));
#1267=CARTESIAN_POINT('Ctrl Pts',(2.06308166529142,-37.872386729656,98.9509276317367));
#1268=CARTESIAN_POINT('Ctrl Pts',(1.8645882276608,-37.0462670402198,100.544258325858));
#1269=CARTESIAN_POINT('Ctrl Pts',(5.39353865447386,-37.4167982322589,95.6279337270883));
#1270=CARTESIAN_POINT('Ctrl Pts',(5.1315925772164,-36.6256943666711,97.2240058962071));
#1271=CARTESIAN_POINT('Ctrl Pts',(4.87085229557534,-35.8374480906521,98.8200780653259));
#1272=CARTESIAN_POINT('Ctrl Pts',(4.61141362253385,-35.0520349827624,100.416150234445));
#1273=CARTESIAN_POINT('Ctrl Pts',(8.68199232584131,-35.1283603087836,95.4758705357126));
#1274=CARTESIAN_POINT('Ctrl Pts',(8.35439116925891,-34.3834583069871,97.075000503867));
#1275=CARTESIAN_POINT('Ctrl Pts',(8.02798396095609,-33.6413858180059,98.6741304720214));
#1276=CARTESIAN_POINT('Ctrl Pts',(7.70286557252203,-32.9021186603493,100.273260440176));
#1277=CARTESIAN_POINT('Ctrl Pts',(12.321873741255,-32.6717400526862,95.3133202276905));
#1278=CARTESIAN_POINT('Ctrl Pts',(11.9237044896113,-31.9783166776487,96.9157188775726));
#1279=CARTESIAN_POINT('Ctrl Pts',(11.5266620513385,-31.2875637138241,98.5181175274546));
#1280=CARTESIAN_POINT('Ctrl Pts',(11.13083596346,-30.5994583394303,100.120516177337));
#1281=CARTESIAN_POINT('Ctrl Pts',(16.3069989582866,-30.0302914290511,95.145526361345));
#1282=CARTESIAN_POINT('Ctrl Pts',(15.833011688637,-29.3935470106485,96.7512991343008));
#1283=CARTESIAN_POINT('Ctrl Pts',(15.3600406572142,-28.7592109537602,98.3570719072567));
#1284=CARTESIAN_POINT('Ctrl Pts',(14.8881666146985,-28.1272626761249,99.9628446802126));
#1285=CARTESIAN_POINT('Ctrl Pts',(20.6162321282266,-27.1581066809435,94.9777324949996));
#1286=CARTESIAN_POINT('Ctrl Pts',(20.0611406743995,-26.5837535322915,96.5868793910292));
#1287=CARTESIAN_POINT('Ctrl Pts',(19.5069232907572,-26.011471824113,98.1960262870588));
#1288=CARTESIAN_POINT('Ctrl Pts',(18.9536494312526,-25.4412438535303,99.8051731830884));
#1289=CARTESIAN_POINT('Ctrl Pts',(24.4213683787939,-24.5007916599551,94.8422739049811));
#1290=CARTESIAN_POINT('Ctrl Pts',(23.7950255975402,-23.9842958253959,96.4541447024504));
#1291=CARTESIAN_POINT('Ctrl Pts',(23.1694219584684,-23.4695516682852,98.0660154999198));
#1292=CARTESIAN_POINT('Ctrl Pts',(22.5446161941004,-22.956544218494,99.6778862973891));
#1293=CARTESIAN_POINT('Ctrl Pts',(27.4980175300147,-22.1604969977872,94.7391505912895));
#1294=CARTESIAN_POINT('Ctrl Pts',(26.8141728636214,-21.6947341509666,96.3530950685646));
#1295=CARTESIAN_POINT('Ctrl Pts',(26.1309554478954,-21.2304578122569,97.9670395458397));
#1296=CARTESIAN_POINT('Ctrl Pts',(25.4484151244158,-20.7676552777105,99.5809840231148));
#1297=CARTESIAN_POINT('Ctrl Pts',(29.7755555761649,-20.2870535960817,94.665085329973));
#1298=CARTESIAN_POINT('Ctrl Pts',(29.0492057672785,-19.8617344733091,96.2805191662611));
#1299=CARTESIAN_POINT('Ctrl Pts',(28.3233987967843,-19.4377018117794,97.8959530025492));
#1300=CARTESIAN_POINT('Ctrl Pts',(27.5981777988298,-19.014944617179,99.5113868388373));
#1301=CARTESIAN_POINT('Ctrl Pts',(31.9719293182458,-18.2909770310042,94.5949527373988));
#1302=CARTESIAN_POINT('Ctrl Pts',(31.2046677963967,-17.9085335074277,96.2117968516904));
#1303=CARTESIAN_POINT('Ctrl Pts',(30.4378656879429,-17.5271787379554,97.828640965982));
#1304=CARTESIAN_POINT('Ctrl Pts',(29.6715594980494,-17.1469034179123,99.4454850802736));
#1305=CARTESIAN_POINT('Ctrl Pts',(33.680804609332,-16.532355369754,94.5403323381978));
#1306=CARTESIAN_POINT('Ctrl Pts',(32.881811585604,-16.1874855855918,96.1582747998441));
#1307=CARTESIAN_POINT('Ctrl Pts',(32.0832105112699,-15.8435446740214,97.7762172614905));
#1308=CARTESIAN_POINT('Ctrl Pts',(31.2850325307791,-15.5005246967419,99.3941597231368));
#1309=CARTESIAN_POINT('Ctrl Pts',(34.9448037888297,-15.0806909201703,94.4992577979986));
#1310=CARTESIAN_POINT('Ctrl Pts',(34.1224217339459,-14.7667124734353,96.1180262168558));
#1311=CARTESIAN_POINT('Ctrl Pts',(33.3003796318109,-14.4535396735411,97.7367946357129));
#1312=CARTESIAN_POINT('Ctrl Pts',(32.4787044952009,-14.1411656352947,99.35556305457));
#1313=CARTESIAN_POINT('Ctrl Pts',(35.8343830860147,-13.9747982387376,94.4698447130289));
#1314=CARTESIAN_POINT('Ctrl Pts',(34.9955882620996,-13.6842927912085,96.0892045919365));
#1315=CARTESIAN_POINT('Ctrl Pts',(34.1570955658423,-13.3945033496356,97.7085644708441));
#1316=CARTESIAN_POINT('Ctrl Pts',(33.3189290044226,-13.1054237949119,99.3279243497518));
#1317=CARTESIAN_POINT('Ctrl Pts',(36.6601208461253,-12.8568465562041,94.4419063788376));
#1318=CARTESIAN_POINT('Ctrl Pts',(35.8061440569879,-12.5900100213937,96.0618280624172));
#1319=CARTESIAN_POINT('Ctrl Pts',(34.9524329279246,-12.323803068783,97.6817497459968));
#1320=CARTESIAN_POINT('Ctrl Pts',(34.0990085683869,-12.0582203178569,99.3016714295763));
#1321=CARTESIAN_POINT('Ctrl Pts',(37.4174387435699,-11.7339097528264,94.4155247260235));
#1322=CARTESIAN_POINT('Ctrl Pts',(36.5495956383312,-11.4907894746515,96.0359769113754));
#1323=CARTESIAN_POINT('Ctrl Pts',(35.6819832682047,-11.2482160107468,97.6564290967274));
#1324=CARTESIAN_POINT('Ctrl Pts',(34.8146199674913,-11.006184687946,99.2768812820793));
#1325=CARTESIAN_POINT('Ctrl Pts',(38.104040140259,-10.6116604336995,94.3907816851855));
#1326=CARTESIAN_POINT('Ctrl Pts',(37.2236853314932,-10.3921833643568,96.0117314218891));
#1327=CARTESIAN_POINT('Ctrl Pts',(36.3435280606146,-10.1731744358815,97.6326811585927));
#1328=CARTESIAN_POINT('Ctrl Pts',(35.4635840240596,-9.95462964746349,99.2536308952963));
#1329=CARTESIAN_POINT('Ctrl Pts',(38.9226760143757,-9.12778191997275,94.3600850208346));
#1330=CARTESIAN_POINT('Ctrl Pts',(38.0274866153226,-8.93949130174953,95.9816520287515));
#1331=CARTESIAN_POINT('Ctrl Pts',(37.1324530416582,-8.75156997082456,97.6032190366685));
#1332=CARTESIAN_POINT('Ctrl Pts',(36.2375876753279,-8.5640147712067,99.2247860445855));
#1333=CARTESIAN_POINT('Ctrl Pts',(40.104117251199,-6.58062601041291,94.3126745143281));
#1334=CARTESIAN_POINT('Ctrl Pts',(39.1877316040563,-6.44566211372301,95.935194887749));
#1335=CARTESIAN_POINT('Ctrl Pts',(38.2714361283106,-6.31091191232292,97.5577152611699));
#1336=CARTESIAN_POINT('Ctrl Pts',(37.355237989016,-6.17637357993687,99.1802356345908));
#1337=CARTESIAN_POINT('Ctrl Pts',(41.1050820541806,-3.221808812918,94.2646085630313));
#1338=CARTESIAN_POINT('Ctrl Pts',(40.1712640707994,-3.15655081839524,95.8880954821243));
#1339=CARTESIAN_POINT('Ctrl Pts',(39.2374671493504,-3.09134273810076,97.5115824012174));
#1340=CARTESIAN_POINT('Ctrl Pts',(38.3036929634228,-3.02618414545919,99.1350693203104));
#1341=CARTESIAN_POINT('Ctrl Pts',(41.3281955028186,-0.989474887242243,94.2506257408357));
#1342=CARTESIAN_POINT('Ctrl Pts',(40.3907125554823,-0.969662232747767,95.8743938368516));
#1343=CARTESIAN_POINT('Ctrl Pts',(39.453229608146,-0.949849578253291,97.4981619328675));
#1344=CARTESIAN_POINT('Ctrl Pts',(38.5157466608097,-0.930036923758815,99.1219300288834));
#1345=CARTESIAN_POINT('Ctrl Pts',(41.3281955028186,0.989474887242226,94.2506257408357));
#1346=CARTESIAN_POINT('Ctrl Pts',(40.3907125554823,0.96966223274775,95.8743938368516));
#1347=CARTESIAN_POINT('Ctrl Pts',(39.453229608146,0.949849578253275,97.4981619328675));
#1348=CARTESIAN_POINT('Ctrl Pts',(38.5157466608097,0.930036923758799,99.1219300288834));
#1349=CARTESIAN_POINT('Ctrl Pts',(41.1050820542081,3.22180881403234,94.2646085630313));
#1350=CARTESIAN_POINT('Ctrl Pts',(40.1712640708277,3.15655081948848,95.8880954821243));
#1351=CARTESIAN_POINT('Ctrl Pts',(39.2374671493794,3.09134273917281,97.5115824012174));
#1352=CARTESIAN_POINT('Ctrl Pts',(38.3036929634525,3.02618414650997,99.1350693203104));
#1353=CARTESIAN_POINT('Ctrl Pts',(40.1041172513169,6.5806260110343,94.3126745143282));
#1354=CARTESIAN_POINT('Ctrl Pts',(39.1877316041774,6.44566211433748,95.935194887749));
#1355=CARTESIAN_POINT('Ctrl Pts',(38.2714361284349,6.31091191293013,97.5577152611699));
#1356=CARTESIAN_POINT('Ctrl Pts',(37.3552379891432,6.17637358053646,99.1802356345908));
#1357=CARTESIAN_POINT('Ctrl Pts',(38.922676014579,9.12778192118274,94.3600850208346));
#1358=CARTESIAN_POINT('Ctrl Pts',(38.0274866155315,8.93949130294481,95.9816520287516));
#1359=CARTESIAN_POINT('Ctrl Pts',(37.1324530418726,8.75156997200455,97.6032190366686));
#1360=CARTESIAN_POINT('Ctrl Pts',(36.2375876755473,8.5640147723708,99.2247860445855));
#1361=CARTESIAN_POINT('Ctrl Pts',(38.1040401405166,10.6116604348695,94.3907816851855));
#1362=CARTESIAN_POINT('Ctrl Pts',(37.2236853317579,10.3921833655154,96.0117314218891));
#1363=CARTESIAN_POINT('Ctrl Pts',(36.3435280608861,10.1731744370281,97.6326811585927));
#1364=CARTESIAN_POINT('Ctrl Pts',(35.4635840243376,9.95462964859722,99.2536308952964));
#1365=CARTESIAN_POINT('Ctrl Pts',(37.4174387438706,11.7339097542103,94.4155247260236));
#1366=CARTESIAN_POINT('Ctrl Pts',(36.5495956386402,11.4907894760217,96.0359769113755));
#1367=CARTESIAN_POINT('Ctrl Pts',(35.6819832685217,11.2482160121026,97.6564290967274));
#1368=CARTESIAN_POINT('Ctrl Pts',(34.8146199678159,11.0061846892865,99.2768812820793));
#1369=CARTESIAN_POINT('Ctrl Pts',(36.6601208464714,12.8568465576497,94.4419063788377));
#1370=CARTESIAN_POINT('Ctrl Pts',(35.8061440573436,12.5900100228267,96.0618280624172));
#1371=CARTESIAN_POINT('Ctrl Pts',(34.9524329282895,12.3238030702023,97.6817497459968));
#1372=CARTESIAN_POINT('Ctrl Pts',(34.0990085687605,12.0582203192615,99.3016714295764));
#1373=CARTESIAN_POINT('Ctrl Pts',(35.8343830864078,13.9747982403364,94.4698447130289));
#1374=CARTESIAN_POINT('Ctrl Pts',(34.9955882625036,13.6842927927938,96.0892045919366));
#1375=CARTESIAN_POINT('Ctrl Pts',(34.1570955662568,13.3945033512062,97.7085644708442));
#1376=CARTESIAN_POINT('Ctrl Pts',(33.318929004847,13.1054237964667,99.3279243497519));
#1377=CARTESIAN_POINT('Ctrl Pts',(34.9448037892719,15.0806909218831,94.4992577979987));
#1378=CARTESIAN_POINT('Ctrl Pts',(34.1224217344004,14.7667124751347,96.1180262168558));
#1379=CARTESIAN_POINT('Ctrl Pts',(33.3003796322772,14.4535396752258,97.7367946357129));
#1380=CARTESIAN_POINT('Ctrl Pts',(32.4787044956783,14.1411656369633,99.35556305457));
#1381=CARTESIAN_POINT('Ctrl Pts',(33.6808046098413,16.532355371649,94.5403323381979));
#1382=CARTESIAN_POINT('Ctrl Pts',(32.8818115861274,16.1874855874729,96.1582747998442));
#1383=CARTESIAN_POINT('Ctrl Pts',(32.0832105118069,15.8435446758871,97.7762172614905));
#1384=CARTESIAN_POINT('Ctrl Pts',(31.285032531329,15.5005246985908,99.3941597231369));
#1385=CARTESIAN_POINT('Ctrl Pts',(31.9719293188421,18.2909770331234,94.5949527373989));
#1386=CARTESIAN_POINT('Ctrl Pts',(31.2046677970096,17.9085335095326,96.2117968516905));
#1387=CARTESIAN_POINT('Ctrl Pts',(30.4378656885718,17.5271787400444,97.8286409659821));
#1388=CARTESIAN_POINT('Ctrl Pts',(29.6715594986934,17.1469034199836,99.4454850802737));
#1389=CARTESIAN_POINT('Ctrl Pts',(29.7755555768682,20.2870535984835,94.665085329973));
#1390=CARTESIAN_POINT('Ctrl Pts',(29.0492057680014,19.8617344756962,96.2805191662611));
#1391=CARTESIAN_POINT('Ctrl Pts',(28.3233987975262,19.4377018141496,97.8959530025493));
#1392=CARTESIAN_POINT('Ctrl Pts',(27.5981777995895,19.0149446195303,99.5113868388374));
#1393=CARTESIAN_POINT('Ctrl Pts',(27.4980175308263,22.1604970004713,94.7391505912896));
#1394=CARTESIAN_POINT('Ctrl Pts',(26.8141728644558,21.6947341536355,96.3530950685647));
#1395=CARTESIAN_POINT('Ctrl Pts',(26.1309554487516,21.2304578149082,97.9670395458398));
#1396=CARTESIAN_POINT('Ctrl Pts',(25.4484151252926,20.7676552803418,99.5809840231149));
#1397=CARTESIAN_POINT('Ctrl Pts',(24.4213683797469,24.5007916630132,94.8422739049811));
#1398=CARTESIAN_POINT('Ctrl Pts',(23.7950255985201,23.9842958284381,96.4541447024505));
#1399=CARTESIAN_POINT('Ctrl Pts',(23.1694219594741,23.4695516713088,98.0660154999198));
#1400=CARTESIAN_POINT('Ctrl Pts',(22.5446161951305,22.9565442214962,99.6778862973892));
#1401=CARTESIAN_POINT('Ctrl Pts',(20.6162321293511,27.1581066844486,94.9777324949994));
#1402=CARTESIAN_POINT('Ctrl Pts',(20.0611406755559,26.5837535357801,96.5868793910291));
#1403=CARTESIAN_POINT('Ctrl Pts',(19.5069232919441,26.0114718275817,98.1960262870587));
#1404=CARTESIAN_POINT('Ctrl Pts',(18.9536494324684,25.441243856976,99.8051731830883));
#1405=CARTESIAN_POINT('Ctrl Pts',(16.306998959584,30.0302914330191,95.1455263613449));
#1406=CARTESIAN_POINT('Ctrl Pts',(15.8330116899715,29.3935470145995,96.7512991343007));
#1407=CARTESIAN_POINT('Ctrl Pts',(15.3600406585845,28.7592109576903,98.3570719072566));
#1408=CARTESIAN_POINT('Ctrl Pts',(14.8881666161026,28.1272626800303,99.9628446802124));
#1409=CARTESIAN_POINT('Ctrl Pts',(12.3218737426876,32.6717400570027,95.3133202276906));
#1410=CARTESIAN_POINT('Ctrl Pts',(11.9237044910854,31.9783166819481,96.9157188775726));
#1411=CARTESIAN_POINT('Ctrl Pts',(11.5266620528522,31.2875637181019,98.5181175274548));
#1412=CARTESIAN_POINT('Ctrl Pts',(11.1308359650113,30.5994583436824,100.120516177337));
#1413=CARTESIAN_POINT('Ctrl Pts',(8.68199232733538,35.1283603132917,95.4758705357129));
#1414=CARTESIAN_POINT('Ctrl Pts',(8.35439117079729,34.3834583114783,97.0750005038673));
#1415=CARTESIAN_POINT('Ctrl Pts',(8.02798396253699,33.6413858224757,98.6741304720217));
#1416=CARTESIAN_POINT('Ctrl Pts',(7.70286557414326,32.9021186647931,100.273260440176));
#1417=CARTESIAN_POINT('Ctrl Pts',(5.39353865598313,37.4167982367624,95.6279337270882));
#1418=CARTESIAN_POINT('Ctrl Pts',(5.13159257877043,36.6256943711585,97.224005896207));
#1419=CARTESIAN_POINT('Ctrl Pts',(4.87085229717232,35.8374480951189,98.8200780653258));
#1420=CARTESIAN_POINT('Ctrl Pts',(4.61141362417153,35.0520349872039,100.416150234445));
#1421=CARTESIAN_POINT('Ctrl Pts',(2.46370290567313,39.5327592035861,95.7642662434937));
#1422=CARTESIAN_POINT('Ctrl Pts',(2.26281703218634,38.7012096863753,97.3575969376151));
#1423=CARTESIAN_POINT('Ctrl Pts',(2.06308166674232,37.8723867338798,98.9509276317365));
#1424=CARTESIAN_POINT('Ctrl Pts',(1.86458822915206,37.0462670444203,100.544258325858));
#1425=CARTESIAN_POINT('Ctrl Pts',(-0.0965306218029749,41.4592478728243,
95.8796245266069));
#1426=CARTESIAN_POINT('Ctrl Pts',(-0.240709322088435,40.5937437608115,97.4706355111151));
#1427=CARTESIAN_POINT('Ctrl Pts',(-0.383871784148488,39.7306480103092,99.0616464956233));
#1428=CARTESIAN_POINT('Ctrl Pts',(-0.525937257303379,38.8699400390561,100.652657480131));
#1429=CARTESIAN_POINT('Ctrl Pts',(-2.27113754300556,43.1740061911982,95.9687650181022));
#1430=CARTESIAN_POINT('Ctrl Pts',(-2.36283198257697,42.28200417077,97.5579834997275));
#1431=CARTESIAN_POINT('Ctrl Pts',(-2.45373528332264,41.3918770535383,99.1472019813527));
#1432=CARTESIAN_POINT('Ctrl Pts',(-2.54378458104758,40.5036088162663,100.736420462978));
#1433=CARTESIAN_POINT('Ctrl Pts',(-3.74428688791928,44.3953795989356,96.0168309693997));
#1434=CARTESIAN_POINT('Ctrl Pts',(-3.7957162313333,43.4882588139483,97.6050829053527));
#1435=CARTESIAN_POINT('Ctrl Pts',(-3.84662758285394,42.5823656070107,99.1933348413058));
#1436=CARTESIAN_POINT('Ctrl Pts',(-3.89697978264636,41.677689487035,100.781586777259));
#1437=CARTESIAN_POINT('Ctrl Pts',(-4.70810746873008,45.242255730221,96.0369312763053));
#1438=CARTESIAN_POINT('Ctrl Pts',(-4.72944037767477,44.3279738612037,97.6247790204318));
#1439=CARTESIAN_POINT('Ctrl Pts',(-4.75053107439994,43.4142660058107,99.2126267645584));
#1440=CARTESIAN_POINT('Ctrl Pts',(-4.77136031262958,42.5011272584252,100.800474508685));
#1441=CARTESIAN_POINT('Ctrl Pts',(-5.11511722866732,45.6066475133456,96.0404269818543));
#1442=CARTESIAN_POINT('Ctrl Pts',(-5.12209588972982,44.690297620507,97.6282044317501));
#1443=CARTESIAN_POINT('Ctrl Pts',(-5.12899030306379,43.7741473845813,99.2159818816459));
#1444=CARTESIAN_POINT('Ctrl Pts',(-5.13579377431235,42.8581950992668,100.803759331542));
#1445=CARTESIAN_POINT('Ctrl Pts',(-5.30059793946268,45.7886673759904,96.0404269818543));
#1446=CARTESIAN_POINT('Ctrl Pts',(-5.30059793946268,44.8719636378798,97.6282044317501));
#1447=CARTESIAN_POINT('Ctrl Pts',(-5.30059793946268,43.9552598997692,99.2159818816459));
#1448=CARTESIAN_POINT('Ctrl Pts',(-5.30059793946269,43.0385561616586,100.803759331542));
#1449=CARTESIAN_POINT('',(-40.5489966357828,-24.7556318422828,100.33235190022));
#1450=CARTESIAN_POINT('Origin',(-491.716080225065,906.39897258888,-21.9845188601846));
#1451=CARTESIAN_POINT('',(-5.30059793946269,43.0385561616586,100.803759331542));
#1452=CARTESIAN_POINT('Ctrl Pts',(-5.30059793946269,43.0385561616586,100.803759331542));
#1453=CARTESIAN_POINT('Ctrl Pts',(-6.19047989779319,44.0124396509587,100.803759331542));
#1454=CARTESIAN_POINT('Ctrl Pts',(-7.95111599466332,45.4800381946767,100.798422245158));
#1455=CARTESIAN_POINT('Ctrl Pts',(-10.7841647914298,46.4377067696635,100.776406763826));
#1456=CARTESIAN_POINT('Ctrl Pts',(-13.8724486917443,46.3024807338178,100.742382838131));
#1457=CARTESIAN_POINT('Ctrl Pts',(-17.2262154400674,45.2091045209268,100.698351875466));
#1458=CARTESIAN_POINT('Ctrl Pts',(-20.8196120913164,43.2824885078747,100.646315283226));
#1459=CARTESIAN_POINT('Ctrl Pts',(-24.6076152314112,40.6400938070893,100.588274468805));
#1460=CARTESIAN_POINT('Ctrl Pts',(-28.5317961023175,37.3944289298344,100.526230839596));
#1461=CARTESIAN_POINT('Ctrl Pts',(-32.5173567239661,33.6545884783585,100.462185802993));
#1462=CARTESIAN_POINT('Ctrl Pts',(-36.4794877789241,29.5255512532203,100.39814076639));
#1463=CARTESIAN_POINT('Ctrl Pts',(-40.3160366908054,25.116144425971,100.336097137181));
#1464=CARTESIAN_POINT('Ctrl Pts',(-43.9117033771875,20.5337371103599,100.278056322759));
#1465=CARTESIAN_POINT('Ctrl Pts',(-47.137596744573,15.9002256459145,100.226019730519));
#1466=CARTESIAN_POINT('Ctrl Pts',(-49.8521005856581,11.3484504812834,100.181988767855));
#1467=CARTESIAN_POINT('Ctrl Pts',(-51.9202948531277,7.0378443532532,100.147964842159));
#1468=CARTESIAN_POINT('Ctrl Pts',(-53.2220202921845,3.14895179964487,100.125949360827));
#1469=CARTESIAN_POINT('Ctrl Pts',(-53.5241121227075,0.962427907282328,100.120612274444));
#1470=CARTESIAN_POINT('Ctrl Pts',(-53.5241121227075,-0.962427907282268,
100.120612274444));
#1471=CARTESIAN_POINT('Ctrl Pts',(-53.2220202920967,-3.14895179721053,100.125949360827));
#1472=CARTESIAN_POINT('Ctrl Pts',(-51.9202948526949,-7.03784435327853,100.14796484216));
#1473=CARTESIAN_POINT('Ctrl Pts',(-49.8521005847139,-11.3484504817783,100.181988767855));
#1474=CARTESIAN_POINT('Ctrl Pts',(-47.1375967430037,-15.9002256483849,100.226019730519));
#1475=CARTESIAN_POINT('Ctrl Pts',(-43.9909216038261,-20.4199520228662,100.276778460721));
#1476=CARTESIAN_POINT('Ctrl Pts',(-41.6908552615499,-23.3635688439213,100.313905014954));
#1477=CARTESIAN_POINT('Ctrl Pts',(-40.5489966357828,-24.7556318422828,100.33235190022));
#1478=CARTESIAN_POINT('',(-5.30059793946268,45.7886673759904,96.0404269818543));
#1479=CARTESIAN_POINT('Ctrl Pts',(-5.2999573225019,43.0378551779721,100.803759323272));
#1480=CARTESIAN_POINT('Ctrl Pts',(-5.30030769609348,28.7589167194386,125.535839548848));
#1481=CARTESIAN_POINT('Ctrl Pts',(-5.30051646790186,14.4800933635059,150.267919774424));
#1482=CARTESIAN_POINT('Ctrl Pts',(-5.30059102842064,0.201251099685002,175.));
#1483=CARTESIAN_POINT('Ctrl Pts',(-6.19047989779319,44.0124396509587,100.803759331542));
#1484=CARTESIAN_POINT('Ctrl Pts',(-5.70373854539574,29.5462684025436,125.535839554361));
#1485=CARTESIAN_POINT('Ctrl Pts',(-5.41373929242243,14.9201731275716,150.267919777181));
#1486=CARTESIAN_POINT('Ctrl Pts',(-5.31021374123728,0.320348358121473,175.));
#1487=CARTESIAN_POINT('Ctrl Pts',(-7.95111599466332,45.4800381946767,100.798422245158));
#1488=CARTESIAN_POINT('Ctrl Pts',(-6.55144474430019,30.7767420435482,125.532281496772));
#1489=CARTESIAN_POINT('Ctrl Pts',(-5.69281426735346,15.6336548193884,150.266140748386));
#1490=CARTESIAN_POINT('Ctrl Pts',(-5.34698647034375,0.562811485656151,175.));
#1491=CARTESIAN_POINT('Ctrl Pts',(-10.7841647914298,46.4377067696635,100.776406763826));
#1492=CARTESIAN_POINT('Ctrl Pts',(-8.10211656747213,31.7282672983206,125.517604509217));
#1493=CARTESIAN_POINT('Ctrl Pts',(-6.34383398221687,16.2679345460348,150.258802254609));
#1494=CARTESIAN_POINT('Ctrl Pts',(-5.46110369993044,0.930950027222701,175.));
#1495=CARTESIAN_POINT('Ctrl Pts',(-13.8724486917443,46.3024807338178,100.742382838131));
#1496=CARTESIAN_POINT('Ctrl Pts',(-9.96251337330561,31.8900860843634,125.494921892087));
#1497=CARTESIAN_POINT('Ctrl Pts',(-7.23917884201884,16.5131496497377,150.247460946043));
#1498=CARTESIAN_POINT('Ctrl Pts',(-5.64051382469895,1.29465720224768,175.));
#1499=CARTESIAN_POINT('Ctrl Pts',(-17.2262154400674,45.2091045209268,100.698351875466));
#1500=CARTESIAN_POINT('Ctrl Pts',(-12.1269821996784,31.3541672763037,125.465567916977));
#1501=CARTESIAN_POINT('Ctrl Pts',(-8.37112860691999,16.4072487878468,150.232783958489));
#1502=CARTESIAN_POINT('Ctrl Pts',(-5.88854075925049,1.63970859573216,175.));
#1503=CARTESIAN_POINT('Ctrl Pts',(-20.8196120913164,43.2824885078747,100.646315283226));
#1504=CARTESIAN_POINT('Ctrl Pts',(-14.5658029581061,30.2059237108332,125.430876855484));
#1505=CARTESIAN_POINT('Ctrl Pts',(-9.71992947389983,15.984902598744,150.215438427742));
#1506=CARTESIAN_POINT('Ctrl Pts',(-6.20850841818624,1.95187979267717,175.));
#1507=CARTESIAN_POINT('Ctrl Pts',(-24.6076152314112,40.6400938070893,100.588274468805));
#1508=CARTESIAN_POINT('Ctrl Pts',(-17.2338607479598,28.5243187946703,125.392182979203));
#1509=CARTESIAN_POINT('Ctrl Pts',(-11.2542084846468,15.2753321253209,150.196091489602));
#1510=CARTESIAN_POINT('Ctrl Pts',(-6.59589721766958,2.21249661707643,175.));
#1511=CARTESIAN_POINT('Ctrl Pts',(-28.5317961023175,37.3944289298344,100.526230839596));
#1512=CARTESIAN_POINT('Ctrl Pts',(-20.0771037726416,26.385014200424,125.350820559731));
#1513=CARTESIAN_POINT('Ctrl Pts',(-12.9381242328646,14.3061075434145,150.175410279865));
#1514=CARTESIAN_POINT('Ctrl Pts',(-7.04618757386382,2.40288489292361,175.));
#1515=CARTESIAN_POINT('Ctrl Pts',(-32.5173567239661,33.6545884783585,100.462185802993));
#1516=CARTESIAN_POINT('Ctrl Pts',(-23.026262540927,23.8617989761702,125.308123868662));
#1517=CARTESIAN_POINT('Ctrl Pts',(-14.7217691450398,13.1044676888108,150.154061934331));
#1518=CARTESIAN_POINT('Ctrl Pts',(-7.54194526312405,2.50558038864354,175.));
#1519=CARTESIAN_POINT('Ctrl Pts',(-36.4794877789241,29.5255512532203,100.39814076639));
#1520=CARTESIAN_POINT('Ctrl Pts',(-26.0053933366829,21.0257183021916,125.265427177593));
#1521=CARTESIAN_POINT('Ctrl Pts',(-16.5518985352044,11.696279463399,150.132713588797));
#1522=CARTESIAN_POINT('Ctrl Pts',(-8.06573606180534,2.50311887266101,175.));
#1523=CARTESIAN_POINT('Ctrl Pts',(-40.3160366908054,25.116144425971,100.336097137181));
#1524=CARTESIAN_POINT('Ctrl Pts',(-28.9230367478394,17.9546990349354,125.22406475812));
#1525=CARTESIAN_POINT('Ctrl Pts',(-18.3615795844708,10.1173247504054,150.11203237906));
#1526=CARTESIAN_POINT('Ctrl Pts',(-8.58826517635986,2.39098439990995,175.));
#1527=CARTESIAN_POINT('Ctrl Pts',(-43.9117033771875,20.5337371103599,100.278056322759));
#1528=CARTESIAN_POINT('Ctrl Pts',(-31.6789683583026,14.7256959923144,125.185370881839));
#1529=CARTESIAN_POINT('Ctrl Pts',(-20.0794969719392,8.40289941378884,150.09268544092));
#1530=CARTESIAN_POINT('Ctrl Pts',(-9.08023781323977,2.16466102532429,175.));
#1531=CARTESIAN_POINT('Ctrl Pts',(-47.137596744573,15.9002256459145,100.226019730519));
#1532=CARTESIAN_POINT('Ctrl Pts',(-34.1645199445688,11.4321806426516,125.150679820346));
#1533=CARTESIAN_POINT('Ctrl Pts',(-21.6310387729655,6.60680539255062,150.075339910173));
#1534=CARTESIAN_POINT('Ctrl Pts',(-9.51420977881818,1.84012830351216,175.));
#1535=CARTESIAN_POINT('Ctrl Pts',(-49.8521005856581,11.3484504812834,100.181988767855));
#1536=CARTESIAN_POINT('Ctrl Pts',(-36.2625398739301,8.17492052701732,125.121325845237));
#1537=CARTESIAN_POINT('Ctrl Pts',(-22.9373513583032,4.78649266206548,150.060662922618));
#1538=CARTESIAN_POINT('Ctrl Pts',(-9.86273687946819,1.4333657890817,175.));
#1539=CARTESIAN_POINT('Ctrl Pts',(-51.9202948531277,7.0378443532532,100.147964842159));
#1540=CARTESIAN_POINT('Ctrl Pts',(-37.8659917680369,5.07644811415324,125.098643228106));
#1541=CARTESIAN_POINT('Ctrl Pts',(-23.9331154474344,3.01634876491271,150.049321614053));
#1542=CARTESIAN_POINT('Ctrl Pts',(-10.1153283646607,0.972463243378604,175.));
#1543=CARTESIAN_POINT('Ctrl Pts',(-53.2220202921845,3.14895179964487,100.125949360827));
#1544=CARTESIAN_POINT('Ctrl Pts',(-38.8776797768849,2.27337040682371,125.083966240551));
#1545=CARTESIAN_POINT('Ctrl Pts',(-24.5579320240132,1.37779851068294,150.041983120276));
#1546=CARTESIAN_POINT('Ctrl Pts',(-10.2614934838664,0.485510427748561,175.));
#1547=CARTESIAN_POINT('Ctrl Pts',(-53.5241121227075,0.962427907282328,100.120612274444));
#1548=CARTESIAN_POINT('Ctrl Pts',(-39.1135672360063,0.694760456668897,125.080408182962));
#1549=CARTESIAN_POINT('Ctrl Pts',(-24.7030223493051,0.427093006055465,150.040204091481));
#1550=CARTESIAN_POINT('Ctrl Pts',(-10.2924774626039,0.15942555544202,175.));
#1551=CARTESIAN_POINT('Ctrl Pts',(-53.5241121227075,-0.962427907282268,
100.120612274444));
#1552=CARTESIAN_POINT('Ctrl Pts',(-39.1135672360063,-0.694760456668857,
125.080408182962));
#1553=CARTESIAN_POINT('Ctrl Pts',(-24.7030223493051,-0.427093006055447,
150.040204091481));
#1554=CARTESIAN_POINT('Ctrl Pts',(-10.2924774626039,-0.159425555442051,
175.));
#1555=CARTESIAN_POINT('Ctrl Pts',(-53.2220202920967,-3.14895179721053,100.125949360827));
#1556=CARTESIAN_POINT('Ctrl Pts',(-38.8776797767878,-2.2733704052269,125.083966240552));
#1557=CARTESIAN_POINT('Ctrl Pts',(-24.5579320239462,-1.37779850988962,150.041983120276));
#1558=CARTESIAN_POINT('Ctrl Pts',(-10.2614934838664,-0.485510427748592,
175.));
#1559=CARTESIAN_POINT('Ctrl Pts',(-51.9202948526949,-7.03784435327853,100.14796484216));
#1560=CARTESIAN_POINT('Ctrl Pts',(-37.8659917675579,-5.07644811429892,125.098643228106));
#1561=CARTESIAN_POINT('Ctrl Pts',(-23.9331154471034,-3.01634876501066,150.049321614053));
#1562=CARTESIAN_POINT('Ctrl Pts',(-10.1153283646606,-0.972463243378635,
175.));
#1563=CARTESIAN_POINT('Ctrl Pts',(-49.8521005847139,-11.3484504817783,100.181988767855));
#1564=CARTESIAN_POINT('Ctrl Pts',(-36.2625398728861,-8.17492052762771,125.121325845237));
#1565=CARTESIAN_POINT('Ctrl Pts',(-22.9373513575822,-4.78649266242534,150.060662922619));
#1566=CARTESIAN_POINT('Ctrl Pts',(-9.86273687946819,-1.43336578908173,175.));
#1567=CARTESIAN_POINT('Ctrl Pts',(-47.1375967430037,-15.9002256483849,100.226019730519));
#1568=CARTESIAN_POINT('Ctrl Pts',(-34.1645199428335,-11.4321806447648,125.150679820346));
#1569=CARTESIAN_POINT('Ctrl Pts',(-21.6310387717667,-6.60680539369811,150.075339910173));
#1570=CARTESIAN_POINT('Ctrl Pts',(-9.51420977881819,-1.84012830351219,175.));
#1571=CARTESIAN_POINT('Ctrl Pts',(-43.9117033749212,-20.5337371143309,100.278056322759));
#1572=CARTESIAN_POINT('Ctrl Pts',(-31.678968355799,-14.7256959956334,125.18537088184));
#1573=CARTESIAN_POINT('Ctrl Pts',(-20.0794969702105,-8.40289941557931,150.09268544092));
#1574=CARTESIAN_POINT('Ctrl Pts',(-9.08023781323978,-2.16466102532432,175.));
#1575=CARTESIAN_POINT('Ctrl Pts',(-40.3160366878329,-25.1161444318436,100.336097137181));
#1576=CARTESIAN_POINT('Ctrl Pts',(-28.9230367445541,-17.9546990397324,125.22406475812));
#1577=CARTESIAN_POINT('Ctrl Pts',(-18.361579582202,-10.1173247529758,150.11203237906));
#1578=CARTESIAN_POINT('Ctrl Pts',(-8.58826517635987,-2.39098439990998,175.));
#1579=CARTESIAN_POINT('Ctrl Pts',(-36.4794877752587,-29.5255512607385,100.39814076639));
#1580=CARTESIAN_POINT('Ctrl Pts',(-26.0053933326392,-21.0257183082862,125.265427177593));
#1581=CARTESIAN_POINT('Ctrl Pts',(-16.551898532414,-11.6962794666573,150.132713588797));
#1582=CARTESIAN_POINT('Ctrl Pts',(-8.06573606180536,-2.50311887266104,175.));
#1583=CARTESIAN_POINT('Ctrl Pts',(-32.5173567197205,-33.6545884874371,100.462185802993));
#1584=CARTESIAN_POINT('Ctrl Pts',(-23.0262625362363,-23.8617989834812,125.308123868662));
#1585=CARTESIAN_POINT('Ctrl Pts',(-14.7217691418008,-13.1044676927116,150.154061934331));
#1586=CARTESIAN_POINT('Ctrl Pts',(-7.54194526312407,-2.50558038864357,175.));
#1587=CARTESIAN_POINT('Ctrl Pts',(-28.5317960975575,-37.394428940114,100.526230839596));
#1588=CARTESIAN_POINT('Ctrl Pts',(-20.0771037674055,-26.3850142086726,125.350820559731));
#1589=CARTESIAN_POINT('Ctrl Pts',(-12.9381242292557,-14.3061075478109,150.175410279865));
#1590=CARTESIAN_POINT('Ctrl Pts',(-7.04618757386384,-2.40288489292366,175.));
#1591=CARTESIAN_POINT('Ctrl Pts',(-24.6076152264329,-40.6400938181702,100.588274468805));
#1592=CARTESIAN_POINT('Ctrl Pts',(-17.2338607424553,-28.5243188035363,125.392182979203));
#1593=CARTESIAN_POINT('Ctrl Pts',(-11.2542084808446,-15.2753321300422,150.196091489602));
#1594=CARTESIAN_POINT('Ctrl Pts',(-6.59589721766958,-2.21249661707648,175.));
#1595=CARTESIAN_POINT('Ctrl Pts',(-20.8196120861182,-43.2824885192041,100.646315283226));
#1596=CARTESIAN_POINT('Ctrl Pts',(-14.5658029524333,-30.2059237198795,125.430876855484));
#1597=CARTESIAN_POINT('Ctrl Pts',(-9.71992947000314,-15.9849026035583,150.215438427742));
#1598=CARTESIAN_POINT('Ctrl Pts',(-6.20850841818626,-1.95187979267723,175.));
#1599=CARTESIAN_POINT('Ctrl Pts',(-17.2262154354005,-45.2091045318318,100.698351875466));
#1600=CARTESIAN_POINT('Ctrl Pts',(-12.1269821944611,-31.3541672849986,125.465567916977));
#1601=CARTESIAN_POINT('Ctrl Pts',(-8.37112860329967,-16.4072487924721,150.232783958489));
#1602=CARTESIAN_POINT('Ctrl Pts',(-5.88854075925051,-1.63970859573221,175.));
#1603=CARTESIAN_POINT('Ctrl Pts',(-13.8724486869359,-46.302480743547,100.742382838131));
#1604=CARTESIAN_POINT('Ctrl Pts',(-9.96251336823972,-31.8900860921081,125.494921892087));
#1605=CARTESIAN_POINT('Ctrl Pts',(-7.2391788385923,-16.5131496538555,150.247460946043));
#1606=CARTESIAN_POINT('Ctrl Pts',(-5.64051382469898,-1.29465720224774,175.));
#1607=CARTESIAN_POINT('Ctrl Pts',(-10.7841647888179,-46.4377067772425,100.776406763826));
#1608=CARTESIAN_POINT('Ctrl Pts',(-8.10211656428258,-31.7282673043531,125.517604509217));
#1609=CARTESIAN_POINT('Ctrl Pts',(-6.34383397992643,-16.2679345492421,150.258802254609));
#1610=CARTESIAN_POINT('Ctrl Pts',(-5.46110369993046,-0.930950027222765,
175.));
#1611=CARTESIAN_POINT('Ctrl Pts',(-7.95111599082134,-45.4800381992278,100.798422245158));
#1612=CARTESIAN_POINT('Ctrl Pts',(-6.55144474089064,-30.7767420471562,125.532281496772));
#1613=CARTESIAN_POINT('Ctrl Pts',(-5.69281426524124,-15.6336548213042,150.266140748386));
#1614=CARTESIAN_POINT('Ctrl Pts',(-5.34698647034376,-0.562811485656217,
175.));
#1615=CARTESIAN_POINT('Ctrl Pts',(-6.19047989921168,-44.012439652511,100.803759331542));
#1616=CARTESIAN_POINT('Ctrl Pts',(-5.70373854603296,-29.5462684037872,125.535839554361));
#1617=CARTESIAN_POINT('Ctrl Pts',(-5.41373929259288,-14.9201731282342,150.267919777181));
#1618=CARTESIAN_POINT('Ctrl Pts',(-5.31021374123728,-0.32034835812154,175.));
#1619=CARTESIAN_POINT('Ctrl Pts',(-5.13579377404966,-42.8581950989794,100.803759331542));
#1620=CARTESIAN_POINT('Ctrl Pts',(-5.22593719318952,-28.613772073169,125.535839554361));
#1621=CARTESIAN_POINT('Ctrl Pts',(-5.27964441178184,-14.3989666224565,150.267919777181));
#1622=CARTESIAN_POINT('Ctrl Pts',(-5.29881711428627,-0.179295932233967,
175.));
#1623=CARTESIAN_POINT('Ctrl Pts',(-4.77136031258644,-42.5011272575706,100.800474508685));
#1624=CARTESIAN_POINT('Ctrl Pts',(-5.05029329746844,-28.3435515075725,125.533649672457));
#1625=CARTESIAN_POINT('Ctrl Pts',(-5.22447220577629,-14.2711262859807,150.266824836228));
#1626=CARTESIAN_POINT('Ctrl Pts',(-5.29936438035238,-0.184713501056992,
175.));
#1627=CARTESIAN_POINT('Ctrl Pts',(-3.89697978332742,-41.677689485173,100.781586777259));
#1628=CARTESIAN_POINT('Ctrl Pts',(-4.58395617377773,-27.7270415906613,125.521057851506));
#1629=CARTESIAN_POINT('Ctrl Pts',(-5.0469068624241,-13.9584955055403,150.260528925753));
#1630=CARTESIAN_POINT('Ctrl Pts',(-5.29752423736889,-0.160035800082695,
175.));
#1631=CARTESIAN_POINT('Ctrl Pts',(-2.54378458188685,-40.5036088134198,100.736420462978));
#1632=CARTESIAN_POINT('Ctrl Pts',(-3.79777695108127,-26.8829313328171,125.490946975319));
#1633=CARTESIAN_POINT('Ctrl Pts',(-4.70961062450907,-13.5403813933677,150.245473487659));
#1634=CARTESIAN_POINT('Ctrl Pts',(-5.29714360789305,-0.15214381530959,175.));
#1635=CARTESIAN_POINT('Ctrl Pts',(-0.525937258664562,-38.8699400353686,
100.652657480131));
#1636=CARTESIAN_POINT('Ctrl Pts',(-2.54786291010358,-25.7398626374233,125.435104986754));
#1637=CARTESIAN_POINT('Ctrl Pts',(-4.13027689243805,-12.9670472390957,150.217552493377));
#1638=CARTESIAN_POINT('Ctrl Pts',(-5.29611827458673,-0.135544890719759,
175.));
#1639=CARTESIAN_POINT('Ctrl Pts',(1.8645882276608,-37.0462670402198,100.544258325858));
#1640=CARTESIAN_POINT('Ctrl Pts',(-1.01105905288844,-24.4915241990554,125.362838883905));
#1641=CARTESIAN_POINT('Ctrl Pts',(-3.38912446971053,-12.3412463678208,150.181419441953));
#1642=CARTESIAN_POINT('Ctrl Pts',(-5.29557790135024,-0.124527611298018,
175.));
#1643=CARTESIAN_POINT('Ctrl Pts',(4.61141362253385,-35.0520349827624,100.416150234445));
#1644=CARTESIAN_POINT('Ctrl Pts',(0.796839574371591,-23.1464176003139,125.27743348963));
#1645=CARTESIAN_POINT('Ctrl Pts',(-2.4962413534542,-11.6647017614532,150.138716744815));
#1646=CARTESIAN_POINT('Ctrl Pts',(-5.29504701992311,-0.113352183976987,
175.));
#1647=CARTESIAN_POINT('Ctrl Pts',(7.70286557252203,-32.9021186603493,100.273260440176));
#1648=CARTESIAN_POINT('Ctrl Pts',(2.86300250565322,-21.7120688977056,125.182173626784));
#1649=CARTESIAN_POINT('Ctrl Pts',(-1.46049128158112,-10.9417557071517,150.091086813392));
#1650=CARTESIAN_POINT('Ctrl Pts',(-5.29456622378282,-0.102492952280649,
175.));
#1651=CARTESIAN_POINT('Ctrl Pts',(11.13083596346,-30.5994583394303,100.120516177337));
#1652=CARTESIAN_POINT('Ctrl Pts',(5.17697610111129,-20.1880477938022,125.080344118225));
#1653=CARTESIAN_POINT('Ctrl Pts',(-0.289549578914265,-10.1727723151077,
150.040172059112));
#1654=CARTESIAN_POINT('Ctrl Pts',(-5.29417610640682,-0.0924242597329883,
175.));
#1655=CARTESIAN_POINT('Ctrl Pts',(14.8881666146985,-28.1272626761249,99.9628446802126));
#1656=CARTESIAN_POINT('Ctrl Pts',(7.7289643283754,-18.5604699779207,124.975229786808));
#1657=CARTESIAN_POINT('Ctrl Pts',(1.00927371115677,-9.35093927933429,149.987614893404));
#1658=CARTESIAN_POINT('Ctrl Pts',(-5.29384430588062,-0.0827216307561144,
175.));
#1659=CARTESIAN_POINT('Ctrl Pts',(18.9536494312526,-25.4412438535303,99.8051731830884));
#1660=CARTESIAN_POINT('Ctrl Pts',(10.4998045455179,-16.7971201573638,124.870115455392));
#1661=CARTESIAN_POINT('Ctrl Pts',(2.42398524046376,-8.46027880283737,149.935057727696));
#1662=CARTESIAN_POINT('Ctrl Pts',(-5.29353846028971,-0.072960589772136,
175.));
#1663=CARTESIAN_POINT('Ctrl Pts',(22.5446161941004,-22.956544218494,99.6778862973891));
#1664=CARTESIAN_POINT('Ctrl Pts',(12.9511971323499,-15.16697026577,124.785257531593));
#1665=CARTESIAN_POINT('Ctrl Pts',(3.6774487988406,-7.63724425706844,149.892628765796));
#1666=CARTESIAN_POINT('Ctrl Pts',(-5.29331311627303,-0.0648333747699681,
175.));
#1667=CARTESIAN_POINT('Ctrl Pts',(25.4484151244158,-20.7676552777105,99.5809840231148));
#1668=CARTESIAN_POINT('Ctrl Pts',(14.93466562982,-13.7296262568437,124.72065601541));
#1669=CARTESIAN_POINT('Ctrl Pts',(4.69219503461323,-6.91210933807257,149.860328007705));
#1670=CARTESIAN_POINT('Ctrl Pts',(-5.29315529636293,-0.0583691917531622,
175.));
#1671=CARTESIAN_POINT('Ctrl Pts',(27.5981777988298,-19.014944617179,99.5113868388373));
#1672=CARTESIAN_POINT('Ctrl Pts',(16.4037489884278,-12.5776935396866,124.674257892558));
#1673=CARTESIAN_POINT('Ctrl Pts',(5.44409171241294,-6.33127914236557,149.837128946279));
#1674=CARTESIAN_POINT('Ctrl Pts',(-5.29304726567512,-0.0535162592945184,
175.));
#1675=CARTESIAN_POINT('Ctrl Pts',(29.6715594980494,-17.1469034179123,99.4454850802736));
#1676=CARTESIAN_POINT('Ctrl Pts',(17.8214889916897,-11.3486519526137,124.630323386849));
#1677=CARTESIAN_POINT('Ctrl Pts',(6.17010964144067,-5.71190882652057,149.815161693425));
#1678=CARTESIAN_POINT('Ctrl Pts',(-5.29294867582526,-0.0486349419513308,
175.));
#1679=CARTESIAN_POINT('Ctrl Pts',(31.2850325307791,-15.5005246967419,99.3941597231368));
#1680=CARTESIAN_POINT('Ctrl Pts',(18.9258325070897,-10.2642085813504,124.596106482091));
#1681=CARTESIAN_POINT('Ctrl Pts',(6.73614621329139,-5.16568360635551,149.798053241046));
#1682=CARTESIAN_POINT('Ctrl Pts',(-5.29287364047628,-0.0445238653544688,
175.));
#1683=CARTESIAN_POINT('Ctrl Pts',(32.4787044952009,-14.1411656352947,99.35556305457));
#1684=CARTESIAN_POINT('Ctrl Pts',(19.743729286024,-9.36804580236063,124.570375369713));
#1685=CARTESIAN_POINT('Ctrl Pts',(7.15577983921273,-4.7144375126925,149.785187684857));
#1686=CARTESIAN_POINT('Ctrl Pts',(-5.29281743920922,-0.0411972219462037,
175.));
#1687=CARTESIAN_POINT('Ctrl Pts',(33.3189290044226,-13.1054237949119,99.3279243497518));
#1688=CARTESIAN_POINT('Ctrl Pts',(20.3199666691906,-8.68484966160432,124.551949566501));
#1689=CARTESIAN_POINT('Ctrl Pts',(7.45167116741624,-4.3704895323525,149.775974783251));
#1690=CARTESIAN_POINT('Ctrl Pts',(-5.29277728683447,-0.0386817709712727,
175.));
#1691=CARTESIAN_POINT('Ctrl Pts',(34.0990085683869,-12.0582203178569,99.3016714295763));
#1692=CARTESIAN_POINT('Ctrl Pts',(20.8555298350157,-7.99371305525435,124.534447619718));
#1693=CARTESIAN_POINT('Ctrl Pts',(7.7269461129413,-4.02259949381487,149.767223809859));
#1694=CARTESIAN_POINT('Ctrl Pts',(-5.29273921810479,-0.0361442742242637,
175.));
#1695=CARTESIAN_POINT('Ctrl Pts',(34.8146199674913,-11.006184687946,99.2768812820793));
#1696=CARTESIAN_POINT('Ctrl Pts',(21.3474579415655,-7.29901529169181,124.517920854719));
#1697=CARTESIAN_POINT('Ctrl Pts',(7.9800862715337,-3.67296160770508,149.75896042736));
#1698=CARTESIAN_POINT('Ctrl Pts',(-5.29270331808964,-0.0335831543518323,
175.));
#1699=CARTESIAN_POINT('Ctrl Pts',(35.4635840240596,-9.95462964746349,99.2536308952963));
#1700=CARTESIAN_POINT('Ctrl Pts',(21.7942195081903,-6.60425785160966,124.502420596864));
#1701=CARTESIAN_POINT('Ctrl Pts',(8.21028791958136,-3.32333117080457,149.751210298432));
#1702=CARTESIAN_POINT('Ctrl Pts',(-5.29266967185853,-0.0309968340006335,
175.));
#1703=CARTESIAN_POINT('Ctrl Pts',(36.2375876753279,-8.5640147712067,99.2247860445855));
#1704=CARTESIAN_POINT('Ctrl Pts',(22.3279621936753,-5.68499304957789,124.48319069639));
#1705=CARTESIAN_POINT('Ctrl Pts',(8.4857294501448,-2.86075227251482,149.741595348195));
#1706=CARTESIAN_POINT('Ctrl Pts',(-5.29262792868841,-0.0275127030895521,
175.));
#1707=CARTESIAN_POINT('Ctrl Pts',(37.355237989016,-6.17637357993687,99.1802356345908));
#1708=CARTESIAN_POINT('Ctrl Pts',(23.1009845500416,-4.10529019851531,124.453490423061));
#1709=CARTESIAN_POINT('Ctrl Pts',(8.88572923196575,-2.06590687794066,149.72674521153));
#1710=CARTESIAN_POINT('Ctrl Pts',(-5.2925633618713,-0.0213162308460592,
175.));
#1711=CARTESIAN_POINT('Ctrl Pts',(38.3036929634228,-3.02618414545919,99.1350693203104));
#1712=CARTESIAN_POINT('Ctrl Pts',(23.7626790444572,-2.01697494731103,124.423379546874));
#1713=CARTESIAN_POINT('Ctrl Pts',(9.23077417562831,-1.01517014293733,149.711689773437));
#1714=CARTESIAN_POINT('Ctrl Pts',(-5.29249706418123,-0.0121490287195988,
175.));
#1715=CARTESIAN_POINT('Ctrl Pts',(38.5157466608097,-0.930036923758815,99.1219300288834));
#1716=CARTESIAN_POINT('Ctrl Pts',(23.9130052863386,-0.621424302754204,124.414620019256));
#1717=CARTESIAN_POINT('Ctrl Pts',(9.31026391186732,-0.312811681749592,149.707310009628));
#1718=CARTESIAN_POINT('Ctrl Pts',(-5.29247746260388,-0.00419906074497958,
175.));
#1719=CARTESIAN_POINT('Ctrl Pts',(38.5157466608097,0.930036923758799,99.1219300288834));
#1720=CARTESIAN_POINT('Ctrl Pts',(23.9130052863386,0.62142430275419,124.414620019256));
#1721=CARTESIAN_POINT('Ctrl Pts',(9.31026391186731,0.312811681749582,149.707310009628));
#1722=CARTESIAN_POINT('Ctrl Pts',(-5.29247746260388,0.00419906074497258,
175.));
#1723=CARTESIAN_POINT('Ctrl Pts',(38.3036929634525,3.02618414650997,99.1350693203104));
#1724=CARTESIAN_POINT('Ctrl Pts',(23.7626790444913,2.01697494802121,124.423379546874));
#1725=CARTESIAN_POINT('Ctrl Pts',(9.23077417565219,1.0151701432943,149.711689773437));
#1726=CARTESIAN_POINT('Ctrl Pts',(-5.29249706418124,0.0121490287195913,
175.));
#1727=CARTESIAN_POINT('Ctrl Pts',(37.3552379891432,6.17637358053646,99.1802356345908));
#1728=CARTESIAN_POINT('Ctrl Pts',(23.1009845501876,4.10529019895639,124.453490423061));
#1729=CARTESIAN_POINT('Ctrl Pts',(8.88572923206806,2.06590687816926,149.72674521153));
#1730=CARTESIAN_POINT('Ctrl Pts',(-5.29256336187132,0.0213162308460501,
175.));
#1731=CARTESIAN_POINT('Ctrl Pts',(36.2375876755473,8.5640147723708,99.2247860445855));
#1732=CARTESIAN_POINT('Ctrl Pts',(22.3279621939273,5.68499305042543,124.48319069639));
#1733=CARTESIAN_POINT('Ctrl Pts',(8.48572945032149,2.86075227295252,149.741595348195));
#1734=CARTESIAN_POINT('Ctrl Pts',(-5.29262792868842,0.0275127030895418,
175.));
#1735=CARTESIAN_POINT('Ctrl Pts',(35.4635840243376,9.95462964859722,99.2536308952964));
#1736=CARTESIAN_POINT('Ctrl Pts',(21.7942195085096,6.60425785245608,124.502420596864));
#1737=CARTESIAN_POINT('Ctrl Pts',(8.21028791980528,3.32333117124545,149.751210298432));
#1738=CARTESIAN_POINT('Ctrl Pts',(-5.29266967185853,0.0309968340006226,
175.));
#1739=CARTESIAN_POINT('Ctrl Pts',(34.8146199678159,11.0061846892865,99.2768812820793));
#1740=CARTESIAN_POINT('Ctrl Pts',(21.3474579419383,7.29901529269129,124.51792085472));
#1741=CARTESIAN_POINT('Ctrl Pts',(7.98008627179521,3.67296160822545,149.75896042736));
#1742=CARTESIAN_POINT('Ctrl Pts',(-5.29270331808963,0.0335831543518208,
175.));
#1743=CARTESIAN_POINT('Ctrl Pts',(34.0990085687605,12.0582203192615,99.3016714295764));
#1744=CARTESIAN_POINT('Ctrl Pts',(20.8555298354449,7.9937130563126,124.534447619718));
#1745=CARTESIAN_POINT('Ctrl Pts',(7.72694611324238,4.02259949436774,149.767223809859));
#1746=CARTESIAN_POINT('Ctrl Pts',(-5.29273921810477,0.0361442742242516,
175.));
#1747=CARTESIAN_POINT('Ctrl Pts',(33.318929004847,13.1054237964667,99.3279243497519));
#1748=CARTESIAN_POINT('Ctrl Pts',(20.3199666696784,8.68484966277947,124.551949566501));
#1749=CARTESIAN_POINT('Ctrl Pts',(7.45167116775851,4.37048953296709,149.775974783251));
#1750=CARTESIAN_POINT('Ctrl Pts',(-5.29277728683446,0.03868177097126,175.));
#1751=CARTESIAN_POINT('Ctrl Pts',(32.4787044956783,14.1411656369633,99.35556305457));
#1752=CARTESIAN_POINT('Ctrl Pts',(19.7437292865728,9.368045803629,124.570375369713));
#1753=CARTESIAN_POINT('Ctrl Pts',(7.15577983959782,4.71443751335708,149.785187684857));
#1754=CARTESIAN_POINT('Ctrl Pts',(-5.29281743920919,0.0411972219461907,
175.));
#1755=CARTESIAN_POINT('Ctrl Pts',(31.285032531329,15.5005246985908,99.3941597231369));
#1756=CARTESIAN_POINT('Ctrl Pts',(18.9258325077221,10.2642085827627,124.596106482091));
#1757=CARTESIAN_POINT('Ctrl Pts',(6.7361462137352,5.16568360709671,149.798053241046));
#1758=CARTESIAN_POINT('Ctrl Pts',(-5.29287364047625,0.0445238653544549,
175.));
#1759=CARTESIAN_POINT('Ctrl Pts',(29.6715594986934,17.1469034199836,99.4454850802737));
#1760=CARTESIAN_POINT('Ctrl Pts',(17.8214889924305,11.3486519542053,124.630323386849));
#1761=CARTESIAN_POINT('Ctrl Pts',(6.17010964196069,5.71190882735744,149.815161693425));
#1762=CARTESIAN_POINT('Ctrl Pts',(-5.29294867582523,0.0486349419513157,
175.));
#1763=CARTESIAN_POINT('Ctrl Pts',(27.5981777995895,19.0149446195303,99.5113868388374));
#1764=CARTESIAN_POINT('Ctrl Pts',(16.4037489893023,12.5776935415031,124.674257892558));
#1765=CARTESIAN_POINT('Ctrl Pts',(5.44409171302697,6.33127914332237,149.837128946279));
#1766=CARTESIAN_POINT('Ctrl Pts',(-5.29304726567511,0.0535162592945018,
175.));
#1767=CARTESIAN_POINT('Ctrl Pts',(25.4484151252926,20.7676552803418,99.5809840231149));
#1768=CARTESIAN_POINT('Ctrl Pts',(14.9346656308299,13.7296262588856,124.72065601541));
#1769=CARTESIAN_POINT('Ctrl Pts',(4.6921950353224,6.91210933914961,149.860328007705));
#1770=CARTESIAN_POINT('Ctrl Pts',(-5.29315529636293,0.0583691917531444,
175.));
#1771=CARTESIAN_POINT('Ctrl Pts',(22.5446161951305,22.9565442214962,99.6778862973892));
#1772=CARTESIAN_POINT('Ctrl Pts',(12.9511971335378,15.1669702681105,124.785257531593));
#1773=CARTESIAN_POINT('Ctrl Pts',(3.67744879967524,7.63724425830476,149.892628765796));
#1774=CARTESIAN_POINT('Ctrl Pts',(-5.29331311627304,0.0648333747699484,
175.));
#1775=CARTESIAN_POINT('Ctrl Pts',(18.9536494324684,25.441243856976,99.8051731830883));
#1776=CARTESIAN_POINT('Ctrl Pts',(10.4998045469211,16.7971201600618,124.870115455392));
#1777=CARTESIAN_POINT('Ctrl Pts',(2.42398524144999,8.46027880426453,149.935057727696));
#1778=CARTESIAN_POINT('Ctrl Pts',(-5.29353846028971,0.0729605897721142,
175.));
#1779=CARTESIAN_POINT('Ctrl Pts',(14.8881666161026,28.1272626800303,99.9628446802124));
#1780=CARTESIAN_POINT('Ctrl Pts',(7.72896433000052,18.5604699809905,124.975229786808));
#1781=CARTESIAN_POINT('Ctrl Pts',(1.00927371230029,9.35093928096002,149.987614893404));
#1782=CARTESIAN_POINT('Ctrl Pts',(-5.2938443058806,0.0827216307560892,175.));
#1783=CARTESIAN_POINT('Ctrl Pts',(11.1308359650113,30.5994583436824,100.120516177337));
#1784=CARTESIAN_POINT('Ctrl Pts',(5.17697610290953,20.1880477971537,125.080344118225));
#1785=CARTESIAN_POINT('Ctrl Pts',(-0.28954957764818,10.1727723168842,150.040172059112));
#1786=CARTESIAN_POINT('Ctrl Pts',(-5.29417610640683,0.09242425973296,175.));
#1787=CARTESIAN_POINT('Ctrl Pts',(7.70286557414326,32.9021186647931,100.273260440176));
#1788=CARTESIAN_POINT('Ctrl Pts',(2.86300250754359,21.7120689012158,125.182173626784));
#1789=CARTESIAN_POINT('Ctrl Pts',(-1.46049128024713,10.9417557090136,150.091086813392));
#1790=CARTESIAN_POINT('Ctrl Pts',(-5.29456622378285,0.102492952280617,175.));
#1791=CARTESIAN_POINT('Ctrl Pts',(4.61141362417153,35.0520349872039,100.416150234445));
#1792=CARTESIAN_POINT('Ctrl Pts',(0.796839576280974,23.146417603828,125.27743348963));
#1793=CARTESIAN_POINT('Ctrl Pts',(-2.49624135210681,11.6647017633181,150.138716744815));
#1794=CARTESIAN_POINT('Ctrl Pts',(-5.29504701992311,0.113352183976951,175.));
#1795=CARTESIAN_POINT('Ctrl Pts',(1.86458822915206,37.0462670444203,100.544258325858));
#1796=CARTESIAN_POINT('Ctrl Pts',(-1.01105905111416,24.4915242023834,125.362838883905));
#1797=CARTESIAN_POINT('Ctrl Pts',(-3.38912446844868,12.3412463695877,150.181419441952));
#1798=CARTESIAN_POINT('Ctrl Pts',(-5.29557790135021,0.124527611297978,175.));
#1799=CARTESIAN_POINT('Ctrl Pts',(-0.525937257303379,38.8699400390561,100.652657480131));
#1800=CARTESIAN_POINT('Ctrl Pts',(-2.54786290850707,25.7398626403478,125.435104986755));
#1801=CARTESIAN_POINT('Ctrl Pts',(-4.13027689130885,12.9670472406488,150.217552493378));
#1802=CARTESIAN_POINT('Ctrl Pts',(-5.29611827458678,0.135544890719715,175.000000000001));
#1803=CARTESIAN_POINT('Ctrl Pts',(-2.54378458104758,40.5036088162663,100.736420462978));
#1804=CARTESIAN_POINT('Ctrl Pts',(-3.79777694998531,26.8829313350777,125.490946975318));
#1805=CARTESIAN_POINT('Ctrl Pts',(-4.70961062370338,13.5403813945687,150.245473487659));
#1806=CARTESIAN_POINT('Ctrl Pts',(-5.29714360789298,0.152143815309542,174.999999999999));
#1807=CARTESIAN_POINT('Ctrl Pts',(-3.89697978264636,41.677689487035,100.781586777259));
#1808=CARTESIAN_POINT('Ctrl Pts',(-4.58395617297247,27.7270415921402,125.521057851506));
#1809=CARTESIAN_POINT('Ctrl Pts',(-5.04690686185277,13.958495506326,150.260528925753));
#1810=CARTESIAN_POINT('Ctrl Pts',(-5.29752423736892,0.160035800082642,175.));
#1811=CARTESIAN_POINT('Ctrl Pts',(-4.7710771147236,42.5008605600661,100.80046839125));
#1812=CARTESIAN_POINT('Ctrl Pts',(-5.05014225817716,28.3433518305257,125.533645594167));
#1813=CARTESIAN_POINT('Ctrl Pts',(-5.22441469504724,14.27102503022,150.266822797083));
#1814=CARTESIAN_POINT('Ctrl Pts',(-5.29936378435942,0.184705508343236,175.));
#1815=CARTESIAN_POINT('Ctrl Pts',(-5.13532160704343,42.8577324820236,100.803755073351));
#1816=CARTESIAN_POINT('Ctrl Pts',(-5.22570961614548,28.6134219769174,125.535836715567));
#1817=CARTESIAN_POINT('Ctrl Pts',(-5.27957292012031,14.3988009888482,150.267918357783));
#1818=CARTESIAN_POINT('Ctrl Pts',(-5.29881782267357,0.179302943439741,175.));
#1819=CARTESIAN_POINT('Ctrl Pts',(-5.2999573225019,43.0378551779721,100.803759323272));
#1820=CARTESIAN_POINT('Ctrl Pts',(-5.30030769609348,28.7589167194386,125.535839548848));
#1821=CARTESIAN_POINT('Ctrl Pts',(-5.30051646790186,14.4800933635059,150.267919774424));
#1822=CARTESIAN_POINT('Ctrl Pts',(-5.30059102842064,0.201251099685002,175.));
#1823=CARTESIAN_POINT('',(-8.62046304418488,-2.3591748421375,175.));
#1824=CARTESIAN_POINT('Ctrl Pts',(-40.5489966357828,-24.7556318422828,100.33235190022));
#1825=CARTESIAN_POINT('Ctrl Pts',(-37.4219949219975,-22.8266612574568,107.13295583111));
#1826=CARTESIAN_POINT('Ctrl Pts',(-34.355933671423,-20.8481373626083,113.933560551844));
#1827=CARTESIAN_POINT('Ctrl Pts',(-31.3498958706889,-18.8358709030748,120.734165716379));
#1828=CARTESIAN_POINT('Ctrl Pts',(-28.4257097717673,-16.8783966468104,127.349596527506));
#1829=CARTESIAN_POINT('Ctrl Pts',(-25.5583224823973,-14.8889924982158,133.965027755953));
#1830=CARTESIAN_POINT('Ctrl Pts',(-22.7469164785432,-12.8821725313797,140.580458516909));
#1831=CARTESIAN_POINT('Ctrl Pts',(-20.0001568707476,-10.9214980441423,147.043771883051));
#1832=CARTESIAN_POINT('Ctrl Pts',(-17.3068333359459,-8.94419936400608,153.507084800935));
#1833=CARTESIAN_POINT('Ctrl Pts',(-14.6662141694831,-6.9637733003089,159.970395930576));
#1834=CARTESIAN_POINT('Ctrl Pts',(-12.6194061392997,-5.42869697357384,164.980265316416));
#1835=CARTESIAN_POINT('Ctrl Pts',(-10.6042643763103,-3.89174084318361,169.990133617679));
#1836=CARTESIAN_POINT('Ctrl Pts',(-8.62046304418489,-2.35917484213752,175.));
#1837=CARTESIAN_POINT('',(-5.30059784102026,0.201336402017783,174.999998299918));
#1838=CARTESIAN_POINT('Ctrl Pts',(-8.62046304418487,-2.3591748421375,175.));
#1839=CARTESIAN_POINT('Ctrl Pts',(-8.85355115661145,-2.27718983466669,175.));
#1840=CARTESIAN_POINT('Ctrl Pts',(-9.07558700000046,-2.15931611718627,175.000000000001));
#1841=CARTESIAN_POINT('Ctrl Pts',(-9.47495214511495,-1.86609389331273,175.000000000001));
#1842=CARTESIAN_POINT('Ctrl Pts',(-9.64935965985566,-1.69197968788187,175.000000000001));
#1843=CARTESIAN_POINT('Ctrl Pts',(-9.93092928548968,-1.31370427454729,175.000000000001));
#1844=CARTESIAN_POINT('Ctrl Pts',(-10.1152249066763,-1.01858430394753,175.));
#1845=CARTESIAN_POINT('Ctrl Pts',(-10.2854482641526,-0.334713647924542,
175.));
#1846=CARTESIAN_POINT('Ctrl Pts',(-10.3196006588556,-0.00562830327270437,
175.));
#1847=CARTESIAN_POINT('Ctrl Pts',(-10.2326701723827,0.59090255003099,175.));
#1848=CARTESIAN_POINT('Ctrl Pts',(-10.1548079382886,0.912130161690466,175.));
#1849=CARTESIAN_POINT('Ctrl Pts',(-9.81808066654515,1.48830755256804,175.));
#1850=CARTESIAN_POINT('Ctrl Pts',(-9.61871911039481,1.7494013044759,175.));
#1851=CARTESIAN_POINT('Ctrl Pts',(-9.11952451015211,2.13321111809854,175.));
#1852=CARTESIAN_POINT('Ctrl Pts',(-8.83116440137122,2.30821642210797,175.000000000001));
#1853=CARTESIAN_POINT('Ctrl Pts',(-8.15047527373491,2.49391244952702,175.000000000001));
#1854=CARTESIAN_POINT('Ctrl Pts',(-7.82965327777234,2.51950361372931,175.));
#1855=CARTESIAN_POINT('Ctrl Pts',(-7.21129809204509,2.45118497000035,175.));
#1856=CARTESIAN_POINT('Ctrl Pts',(-6.91097539562758,2.35932205700265,175.000000000001));
#1857=CARTESIAN_POINT('Ctrl Pts',(-6.33967421240645,2.06255307270646,175.000000000001));
#1858=CARTESIAN_POINT('Ctrl Pts',(-6.09991487392411,1.86075732874354,175.000000000001));
#1859=CARTESIAN_POINT('Ctrl Pts',(-5.73005572447863,1.4408536687326,175.000000000001));
#1860=CARTESIAN_POINT('Ctrl Pts',(-5.58124862660856,1.19937894370131,175.000000000001));
#1861=CARTESIAN_POINT('Ctrl Pts',(-5.33267827826266,0.587165343037379,175.000000000001));
#1862=CARTESIAN_POINT('Ctrl Pts',(-5.30819330375663,0.295342067491803,175.));
#1863=CARTESIAN_POINT('Ctrl Pts',(-5.30059791981173,0.201336395651663,175.));
#1864=CARTESIAN_POINT('Ctrl Pts',(-5.30059793946269,43.0385561616586,100.803759331542));
#1865=CARTESIAN_POINT('Ctrl Pts',(-5.30059793946269,39.4255511363657,107.061667603351));
#1866=CARTESIAN_POINT('Ctrl Pts',(-5.30056211285391,35.8125039175167,113.31957326813));
#1867=CARTESIAN_POINT('Ctrl Pts',(-5.30054017592869,32.1994612675189,119.577478222084));
#1868=CARTESIAN_POINT('Ctrl Pts',(-5.30051723889877,28.4216999573212,126.120681142192));
#1869=CARTESIAN_POINT('Ctrl Pts',(-5.30050785836864,24.6439451709004,132.663883285192));
#1870=CARTESIAN_POINT('Ctrl Pts',(-5.30051585824055,20.8662208186157,139.207086819092));
#1871=CARTESIAN_POINT('Ctrl Pts',(-5.30052436341315,16.8498817977087,146.163582641516));
#1872=CARTESIAN_POINT('Ctrl Pts',(-5.30055019298199,12.8335780863734,153.120080036188));
#1873=CARTESIAN_POINT('Ctrl Pts',(-5.30057042200244,8.81728507736688,160.076581607801));
#1874=CARTESIAN_POINT('Ctrl Pts',(-5.30058488740964,5.94530647820721,165.051050251869));
#1875=CARTESIAN_POINT('Ctrl Pts',(-5.30059579104413,3.07333196440521,170.025521031696));
#1876=CARTESIAN_POINT('Ctrl Pts',(-5.30059768342772,0.20133641463136,174.999994899753));
#1877=CARTESIAN_POINT('Ctrl Pts',(-5.30059894994066,46.3893581355981,-5.));
#1878=CARTESIAN_POINT('Ctrl Pts',(-5.30059793946266,46.3893581740361,28.3333333333334));
#1879=CARTESIAN_POINT('Ctrl Pts',(-5.30059793946266,46.3893581740361,61.6666666666667));
#1880=CARTESIAN_POINT('Ctrl Pts',(-5.30059793946268,46.3893581740361,95.));
#1881=CARTESIAN_POINT('Ctrl Pts',(-8.25061974238437,46.2771409610599,-5.));
#1882=CARTESIAN_POINT('Ctrl Pts',(-7.70838287812553,46.7942932768174,28.3333333333334));
#1883=CARTESIAN_POINT('Ctrl Pts',(-7.04792585302707,47.2120367754098,61.6666666666667));
#1884=CARTESIAN_POINT('Ctrl Pts',(-6.32704669857443,47.372862534026,95.));
#1885=CARTESIAN_POINT('Ctrl Pts',(-13.6067368443676,45.8973133086763,-5.));
#1886=CARTESIAN_POINT('Ctrl Pts',(-12.1186368533653,47.2946689535604,28.3294747540233));
#1887=CARTESIAN_POINT('Ctrl Pts',(-10.3054296438232,48.4186504187936,61.6589495080465));
#1888=CARTESIAN_POINT('Ctrl Pts',(-8.32606157855705,48.8361080990923,94.9884242620697));
#1889=CARTESIAN_POINT('Ctrl Pts',(-20.718518719633,45.0165810585657,-5.00000000000001));
#1890=CARTESIAN_POINT('Ctrl Pts',(-18.090903541697,47.3005019930102,28.3135581143691));
#1891=CARTESIAN_POINT('Ctrl Pts',(-14.908203990328,49.1176676091183,61.6271162287382));
#1892=CARTESIAN_POINT('Ctrl Pts',(-11.4418036597257,49.7285241492445,94.9406743431073));
#1893=CARTESIAN_POINT('Ctrl Pts',(-27.1988781290947,43.8768888546533,-4.99999999999999));
#1894=CARTESIAN_POINT('Ctrl Pts',(-23.646979376048,46.6600737693744,28.2889596712672));
#1895=CARTESIAN_POINT('Ctrl Pts',(-19.3820601031847,48.843699452255,61.5779193425346));
#1896=CARTESIAN_POINT('Ctrl Pts',(-14.752719862654,49.4777900159045,94.8668790138018));
#1897=CARTESIAN_POINT('Ctrl Pts',(-33.2237692575416,42.500800146882,-5.00000000000001));
#1898=CARTESIAN_POINT('Ctrl Pts',(-28.9181781742434,45.4465651248559,28.257126391959));
#1899=CARTESIAN_POINT('Ctrl Pts',(-23.8053590101064,47.7135545028054,61.514252783918));
#1900=CARTESIAN_POINT('Ctrl Pts',(-18.2799699939729,48.2262774374802,94.771379175877));
#1901=CARTESIAN_POINT('Ctrl Pts',(-38.8880846816122,40.8887966887696,-4.99999999999999));
#1902=CARTESIAN_POINT('Ctrl Pts',(-33.9687978325301,43.7149013393802,28.2195052436856));
#1903=CARTESIAN_POINT('Ctrl Pts',(-28.2034915038006,45.8296118872403,61.4390104873713));
#1904=CARTESIAN_POINT('Ctrl Pts',(-22.0057893118802,46.1057548583961,94.6585157310568));
#1905=CARTESIAN_POINT('Ctrl Pts',(-44.2534395484474,39.0301752947377,-5.00000000000001));
#1906=CARTESIAN_POINT('Ctrl Pts',(-38.8342657993609,41.5099897698593,28.1775431936883));
#1907=CARTESIAN_POINT('Ctrl Pts',(-32.5773849108842,43.285399825101,61.3550863873768));
#1908=CARTESIAN_POINT('Ctrl Pts',(-25.8923565901868,43.2403068322303,94.5326295810651));
#1909=CARTESIAN_POINT('Ctrl Pts',(-49.3513482300372,36.9031120549232,-5.));
#1910=CARTESIAN_POINT('Ctrl Pts',(-43.5251243619765,38.8675439562611,28.1326872092085));
#1911=CARTESIAN_POINT('Ctrl Pts',(-36.9082970107004,40.1671796263244,61.2653744184172));
#1912=CARTESIAN_POINT('Ctrl Pts',(-29.8873966693682,39.748677910297,94.3980616276257));
#1913=CARTESIAN_POINT('Ctrl Pts',(-54.1926534324701,34.4766104599332,-5.));
#1914=CARTESIAN_POINT('Ctrl Pts',(-48.0325882151893,35.8159038405686,28.0863842574874));
#1915=CARTESIAN_POINT('Ctrl Pts',(-41.159502063638,36.5556380044077,61.172768514975));
#1916=CARTESIAN_POINT('Ctrl Pts',(-33.9219949444193,35.7458370490155,94.2591527724624));
#1917=CARTESIAN_POINT('Ctrl Pts',(-58.765718094364,31.7104322515871,-5.));
#1918=CARTESIAN_POINT('Ctrl Pts',(-52.3292873949547,32.3757689499479,28.0400813057663));
#1919=CARTESIAN_POINT('Ctrl Pts',(-45.2795847798419,32.525422592002,61.0801626115328));
#1920=CARTESIAN_POINT('Ctrl Pts',(-37.9164423687042,31.3423154579297,94.120243917299));
#1921=CARTESIAN_POINT('Ctrl Pts',(-63.0347335843672,28.5568542256311,-5.));
#1922=CARTESIAN_POINT('Ctrl Pts',(-56.3658135157646,28.5638943674268,27.9952253212865));
#1923=CARTESIAN_POINT('Ctrl Pts',(-49.1972245964995,28.1507770795551,60.9904506425731));
#1924=CARTESIAN_POINT('Ctrl Pts',(-41.7732577711359,26.6517809063153,93.9856759638595));
#1925=CARTESIAN_POINT('Ctrl Pts',(-66.9343694532351,24.9648792095945,-5.00000000000001));
#1926=CARTESIAN_POINT('Ctrl Pts',(-60.06835167122,24.3943284940134,27.9532632712892));
#1927=CARTESIAN_POINT('Ctrl Pts',(-52.82180972691,23.5038057616921,60.9065265425787));
#1928=CARTESIAN_POINT('Ctrl Pts',(-45.3807840537411,21.7863290538225,93.8597898138678));
#1929=CARTESIAN_POINT('Ctrl Pts',(-70.3664727793121,20.8906041833373,-4.99999999999999));
#1930=CARTESIAN_POINT('Ctrl Pts',(-63.3362723463768,19.8905359579318,27.9156421230159));
#1931=CARTESIAN_POINT('Ctrl Pts',(-56.0419216396923,18.6683512351394,60.831284246032));
#1932=CARTESIAN_POINT('Ctrl Pts',(-48.6125652377321,16.8721159370877,93.7469263690477));
#1933=CARTESIAN_POINT('Ctrl Pts',(-73.2043172756669,16.3147003688282,-5.00000000000002));
#1934=CARTESIAN_POINT('Ctrl Pts',(-66.0453236179738,15.0962976076186,27.8838088437076));
#1935=CARTESIAN_POINT('Ctrl Pts',(-58.7274703521078,13.7443142949401,60.7676176874154));
#1936=CARTESIAN_POINT('Ctrl Pts',(-51.3284248499221,12.0470977691685,93.6514265311229));
#1937=CARTESIAN_POINT('Ctrl Pts',(-75.3150980767895,11.2624677095874,-4.99999999999998));
#1938=CARTESIAN_POINT('Ctrl Pts',(-68.0691657828364,10.0943884731452,27.8592104006058));
#1939=CARTESIAN_POINT('Ctrl Pts',(-60.7502689001693,8.86495537785469,60.7184208012117));
#1940=CARTESIAN_POINT('Ctrl Pts',(-53.3940802345414,7.4769558649226,93.5776312018174));
#1941=CARTESIAN_POINT('Ctrl Pts',(-76.5991546585721,5.80661124206938,-5.00000000000001));
#1942=CARTESIAN_POINT('Ctrl Pts',(-69.3088605012077,5.00677471418098,27.8432937609516));
#1943=CARTESIAN_POINT('Ctrl Pts',(-62.003788705323,4.19451208690599,60.6865875219035));
#1944=CARTESIAN_POINT('Ctrl Pts',(-54.691164143269,3.35013474213398,93.529881282855));
#1945=CARTESIAN_POINT('Ctrl Pts',(-76.8802431034904,1.96251194379054,-5.));
#1946=CARTESIAN_POINT('Ctrl Pts',(-69.5838420186594,1.65008801421705,27.8394351816416));
#1947=CARTESIAN_POINT('Ctrl Pts',(-62.2874409338284,1.33766408288442,60.6788703632833));
#1948=CARTESIAN_POINT('Ctrl Pts',(-54.9910398489974,1.02524015155178,93.5183055449247));
#1949=CARTESIAN_POINT('Ctrl Pts',(-76.8802431034904,-1.96251194730894,-5.));
#1950=CARTESIAN_POINT('Ctrl Pts',(-69.5838420186594,-1.65008801421711,27.8394351816416));
#1951=CARTESIAN_POINT('Ctrl Pts',(-62.2874409338284,-1.33766408288442,60.6788703632833));
#1952=CARTESIAN_POINT('Ctrl Pts',(-54.9910398489974,-1.02524015155173,93.5183055449247));
#1953=CARTESIAN_POINT('Ctrl Pts',(-76.5991546585718,-5.80661123963595,-5.00000000000002));
#1954=CARTESIAN_POINT('Ctrl Pts',(-69.3088605011974,-5.00677470938295,27.8432937609517));
#1955=CARTESIAN_POINT('Ctrl Pts',(-62.0037887052833,-4.19451208321394,60.6865875219035));
#1956=CARTESIAN_POINT('Ctrl Pts',(-54.6911641431879,-3.35013473949616,93.5298812828551));
#1957=CARTESIAN_POINT('Ctrl Pts',(-75.3150980767901,-11.2624677107589,-4.99999999999999));
#1958=CARTESIAN_POINT('Ctrl Pts',(-68.0691657827865,-10.094388471814,27.8592104006058));
#1959=CARTESIAN_POINT('Ctrl Pts',(-60.7502688999743,-8.86495537729818,60.7184208012118));
#1960=CARTESIAN_POINT('Ctrl Pts',(-53.3940802341414,-7.47695586488533,93.5776312018175));
#1961=CARTESIAN_POINT('Ctrl Pts',(-73.2043172756657,-16.3147003682148,-5.));
#1962=CARTESIAN_POINT('Ctrl Pts',(-66.0453236178617,-15.0962976055364,27.8838088437077));
#1963=CARTESIAN_POINT('Ctrl Pts',(-58.7274703516805,-13.7443142943736,60.7676176874155));
#1964=CARTESIAN_POINT('Ctrl Pts',(-51.3284248490494,-12.0470977695616,93.651426531123));
#1965=CARTESIAN_POINT('Ctrl Pts',(-70.3664727793145,-20.890604183667,-5.));
#1966=CARTESIAN_POINT('Ctrl Pts',(-63.3362723461919,-19.8905359575275,27.9156421230159));
#1967=CARTESIAN_POINT('Ctrl Pts',(-56.041921638983,-18.6683512366146,60.831284246032));
#1968=CARTESIAN_POINT('Ctrl Pts',(-48.6125652362817,-16.8721159395175,93.7469263690477));
#1969=CARTESIAN_POINT('Ctrl Pts',(-66.9343694532305,-24.9648792094161,-5.));
#1970=CARTESIAN_POINT('Ctrl Pts',(-60.0683516709431,-24.3943284941963,27.9532632712893));
#1971=CARTESIAN_POINT('Ctrl Pts',(-52.8218097258798,-23.5038057644222,60.9065265425787));
#1972=CARTESIAN_POINT('Ctrl Pts',(-45.3807840516458,-21.7863290577673,93.8597898138679));
#1973=CARTESIAN_POINT('Ctrl Pts',(-63.034733584376,-28.5568542257279,-5.));
#1974=CARTESIAN_POINT('Ctrl Pts',(-56.3658135154072,-28.5638943688887,27.9952253212865));
#1975=CARTESIAN_POINT('Ctrl Pts',(-49.1972245951518,-28.1507770841058,60.9904506425732));
#1976=CARTESIAN_POINT('Ctrl Pts',(-41.7732577683881,-26.651780912205,93.9856759638596));
#1977=CARTESIAN_POINT('Ctrl Pts',(-58.7657180943472,-31.7104322515352,-5.00000000000001));
#1978=CARTESIAN_POINT('Ctrl Pts',(-52.3292873944844,-32.3757689523183,28.0400813057663));
#1979=CARTESIAN_POINT('Ctrl Pts',(-45.2795847781627,-32.5254225980428,61.0801626115328));
#1980=CARTESIAN_POINT('Ctrl Pts',(-37.9164423653132,-31.3423154654931,94.120243917299));
#1981=CARTESIAN_POINT('Ctrl Pts',(-54.1926534325018,-34.4766104599605,-5.));
#1982=CARTESIAN_POINT('Ctrl Pts',(-48.032588214672,-35.8159038439512,28.0863842574874));
#1983=CARTESIAN_POINT('Ctrl Pts',(-41.159502061709,-36.5556380119263,61.172768514975));
#1984=CARTESIAN_POINT('Ctrl Pts',(-33.9219949404939,-35.7458370581731,94.2591527724623));
#1985=CARTESIAN_POINT('Ctrl Pts',(-49.3513482299771,-36.9031120549101,-5.));
#1986=CARTESIAN_POINT('Ctrl Pts',(-43.5251243613057,-38.8675439604074,28.1326872092086));
#1987=CARTESIAN_POINT('Ctrl Pts',(-36.9082970084847,-40.1671796349738,61.2653744184173));
#1988=CARTESIAN_POINT('Ctrl Pts',(-29.8873966649592,-39.7486779206808,94.3980616276258));
#1989=CARTESIAN_POINT('Ctrl Pts',(-44.2534395485615,-39.0301752947419,-5.));
#1990=CARTESIAN_POINT('Ctrl Pts',(-38.8342657987713,-41.5099897746032,28.1775431936884));
#1991=CARTESIAN_POINT('Ctrl Pts',(-32.5773849086322,-43.2853998345428,61.355086387377));
#1992=CARTESIAN_POINT('Ctrl Pts',(-25.8923565855855,-43.2403068434364,94.5326295810653));
#1993=CARTESIAN_POINT('Ctrl Pts',(-38.8880846813888,-40.8887966887733,-5.));
#1994=CARTESIAN_POINT('Ctrl Pts',(-33.9687978316182,-43.7149013444283,28.2195052436856));
#1995=CARTESIAN_POINT('Ctrl Pts',(-28.2034915012762,-45.8296118969792,61.4390104873714));
#1996=CARTESIAN_POINT('Ctrl Pts',(-22.0057893070495,-46.1057548698627,94.6585157310569));
#1997=CARTESIAN_POINT('Ctrl Pts',(-33.2237692580494,-42.5008001468658,-5.));
#1998=CARTESIAN_POINT('Ctrl Pts',(-28.9181781739174,-45.4465651298491,28.257126391959));
#1999=CARTESIAN_POINT('Ctrl Pts',(-23.8053590081277,-47.7135545122372,61.5142527839181));
#2000=CARTESIAN_POINT('Ctrl Pts',(-18.2799699896796,-48.2262774485236,94.771379175877));
#2001=CARTESIAN_POINT('Ctrl Pts',(-27.1988781280944,-43.8768888546898,-5.));
#2002=CARTESIAN_POINT('Ctrl Pts',(-23.6469793744861,-46.6600737739648,28.2889596712673));
#2003=CARTESIAN_POINT('Ctrl Pts',(-19.38206010043,-48.8436994607283,61.5779193425346));
#2004=CARTESIAN_POINT('Ctrl Pts',(-14.7527198581219,-49.4777900257636,94.8668790138018));
#2005=CARTESIAN_POINT('Ctrl Pts',(-20.7185187215366,-45.0165810584942,-5.00000000000001));
#2006=CARTESIAN_POINT('Ctrl Pts',(-18.0909035425813,-47.3005019965927,28.3135581143691));
#2007=CARTESIAN_POINT('Ctrl Pts',(-14.9082039898436,-49.1176676157217,61.6271162287384));
#2008=CARTESIAN_POINT('Ctrl Pts',(-11.4418036574174,-49.7285241569249,94.9406743431074));
#2009=CARTESIAN_POINT('Ctrl Pts',(-13.6067368405334,-45.8973133088218,-4.99999999999999));
#2010=CARTESIAN_POINT('Ctrl Pts',(-12.118636849591,-47.2946689558667,28.3294747540233));
#2011=CARTESIAN_POINT('Ctrl Pts',(-10.3054296401468,-48.4186504228256,61.6589495080466));
#2012=CARTESIAN_POINT('Ctrl Pts',(-8.32606157471203,-48.8361081037115,94.9884242620698));
#2013=CARTESIAN_POINT('Ctrl Pts',(-8.25061974767305,-46.2771409608587,-5.));
#2014=CARTESIAN_POINT('Ctrl Pts',(-7.70838288197976,-46.7942932774656,28.3333333333333));
#2015=CARTESIAN_POINT('Ctrl Pts',(-7.04792585582145,-47.2120367767254,61.6666666666667));
#2016=CARTESIAN_POINT('Ctrl Pts',(-6.32704670021206,-47.3728625355951,95.));
#2017=CARTESIAN_POINT('Ctrl Pts',(-4.75426164126744,-46.4101405074651,-5.));
#2018=CARTESIAN_POINT('Ctrl Pts',(-4.85468150796475,-46.3143650909243,28.3333333333334));
#2019=CARTESIAN_POINT('Ctrl Pts',(-4.97699668448313,-46.2369999213105,61.6666666666667));
#2020=CARTESIAN_POINT('Ctrl Pts',(-5.11050190537491,-46.2072153474386,95.));
#2021=CARTESIAN_POINT('Ctrl Pts',(-3.64435741033413,-46.4461293117802,-5.));
#2022=CARTESIAN_POINT('Ctrl Pts',(-3.94172518261163,-46.1637593270912,28.3320783866881));
#2023=CARTESIAN_POINT('Ctrl Pts',(-4.3020400729454,-45.9343188745053,61.6641567733762));
#2024=CARTESIAN_POINT('Ctrl Pts',(-4.69452634085269,-45.8416726346773,94.9962351600643));
#2025=CARTESIAN_POINT('Ctrl Pts',(-1.35067709575662,-46.4932917249956,-5.));
#2026=CARTESIAN_POINT('Ctrl Pts',(-2.02571765522732,-45.8193695837433,28.3248624434781));
#2027=CARTESIAN_POINT('Ctrl Pts',(-2.83537494005793,-45.2586418936024,61.6497248869563));
#2028=CARTESIAN_POINT('Ctrl Pts',(-3.71383351334057,-44.9904605225934,94.9745873304343));
#2029=CARTESIAN_POINT('Ctrl Pts',(1.66420548605893,-46.5010067277826,-5.));
#2030=CARTESIAN_POINT('Ctrl Pts',(0.54112987780816,-45.322989035445,28.3076069271061));
#2031=CARTESIAN_POINT('Ctrl Pts',(-0.787547850471748,-44.3178553924192,
61.6152138542123));
#2032=CARTESIAN_POINT('Ctrl Pts',(-2.22130708919557,-43.759533281282,94.9228207813184));
#2033=CARTESIAN_POINT('Ctrl Pts',(5.55458469804788,-46.4078860015007,-5.));
#2034=CARTESIAN_POINT('Ctrl Pts',(3.91563499854643,-44.6084618609369,28.2756057876528));
#2035=CARTESIAN_POINT('Ctrl Pts',(2.01258439982138,-43.0311117528969,61.5512115753057));
#2036=CARTESIAN_POINT('Ctrl Pts',(-0.0254461091577163,-42.0277025809935,
94.8268173629584));
#2037=CARTESIAN_POINT('Ctrl Pts',(9.76165069520288,-46.1841549260173,-4.99999999999999));
#2038=CARTESIAN_POINT('Ctrl Pts',(7.60965694507687,-43.764948148527,28.2341925483603));
#2039=CARTESIAN_POINT('Ctrl Pts',(5.15866832221372,-41.5971567984121,61.4683850967206));
#2040=CARTESIAN_POINT('Ctrl Pts',(2.5548656558764,-40.0791379588974,94.7025776450808));
#2041=CARTESIAN_POINT('Ctrl Pts',(14.3387957237786,-45.7901542190531,-5.));
#2042=CARTESIAN_POINT('Ctrl Pts',(11.6563164390911,-42.7696874447733,28.1852496291963));
#2043=CARTESIAN_POINT('Ctrl Pts',(8.66047422510602,-40.0127178506285,61.3704992583927));
#2044=CARTESIAN_POINT('Ctrl Pts',(5.5044745010267,-37.9367455330394,94.555748887589));
#2045=CARTESIAN_POINT('Ctrl Pts',(19.3506192802547,-45.1682228974925,-5.00000000000001));
#2046=CARTESIAN_POINT('Ctrl Pts',(16.0979101337449,-41.586113515888,28.1306594501289));
#2047=CARTESIAN_POINT('Ctrl Pts',(12.5349170296023,-38.2649123713538,61.2613189002578));
#2048=CARTESIAN_POINT('Ctrl Pts',(8.81334001535543,-35.6180174820991,94.3919783503866));
#2049=CARTESIAN_POINT('Ctrl Pts',(24.8697263599557,-44.2339018123198,-4.99999999999999));
#2050=CARTESIAN_POINT('Ctrl Pts',(20.983353054257,-40.1555053272423,28.0723044311257));
#2051=CARTESIAN_POINT('Ctrl Pts',(16.804142902088,-36.3233463866146,61.1446088622515));
#2052=CARTESIAN_POINT('Ctrl Pts',(12.4752659064247,-33.1275779140345,94.2169132933772));
#2053=CARTESIAN_POINT('Ctrl Pts',(30.9707641074823,-42.8595452617955,-5.00000000000001));
#2054=CARTESIAN_POINT('Ctrl Pts',(26.3632611694554,-38.3832825610247,28.0120669921547));
#2055=CARTESIAN_POINT('Ctrl Pts',(21.4916577468904,-34.1290939087948,61.0241339843095));
#2056=CARTESIAN_POINT('Ctrl Pts',(16.4850744140712,-30.4488461927014,94.0362009764642));
#2057=CARTESIAN_POINT('Ctrl Pts',(37.6968315539543,-40.8557661107105,-4.99999999999999));
#2058=CARTESIAN_POINT('Ctrl Pts',(32.2621687314686,-36.1238215120796,27.9518295531838));
#2059=CARTESIAN_POINT('Ctrl Pts',(26.6003521484189,-31.582883609061,60.9036591063676));
#2060=CARTESIAN_POINT('Ctrl Pts',(20.8224388549952,-27.5355943868644,93.8554886595514));
#2061=CARTESIAN_POINT('Ctrl Pts',(43.7777446658409,-38.432910847015,-5.00000000000001));
#2062=CARTESIAN_POINT('Ctrl Pts',(37.5639673418351,-33.6551753342925,27.9032003706812));
#2063=CARTESIAN_POINT('Ctrl Pts',(31.1581014216724,-29.0389612974485,60.8064007413624));
#2064=CARTESIAN_POINT('Ctrl Pts',(24.6540603465773,-24.8401926435587,93.7096011120435));
#2065=CARTESIAN_POINT('Ctrl Pts',(48.7694609084637,-35.877802353914,-5.));
#2066=CARTESIAN_POINT('Ctrl Pts',(41.9004196239207,-31.1979070267386,27.8661794446469));
#2067=CARTESIAN_POINT('Ctrl Pts',(34.8683681670395,-26.6550820174128,60.7323588892938));
#2068=CARTESIAN_POINT('Ctrl Pts',(27.7530033329094,-22.4665094123215,93.5985383339407));
#2069=CARTESIAN_POINT('Ctrl Pts',(52.4901857522901,-33.6182487714107,-4.99999999999999));
#2070=CARTESIAN_POINT('Ctrl Pts',(45.1273202281296,-29.0863752488029,27.8395902626011));
#2071=CARTESIAN_POINT('Ctrl Pts',(37.6233816345506,-24.6731258026854,60.6791805252022));
#2072=CARTESIAN_POINT('Ctrl Pts',(30.0473415636515,-20.5664552342096,93.5187707878033));
#2073=CARTESIAN_POINT('Ctrl Pts',(56.0907503662146,-30.9945683082979,-5.));
#2074=CARTESIAN_POINT('Ctrl Pts',(48.2471209917557,-26.6903540490552,27.8144128955312));
#2075=CARTESIAN_POINT('Ctrl Pts',(40.2840990747626,-22.4865333703898,60.6288257910624));
#2076=CARTESIAN_POINT('Ctrl Pts',(32.2600564470458,-18.5421756278794,93.4432386865936));
#2077=CARTESIAN_POINT('Ctrl Pts',(58.8867102470866,-28.509769824833,-5.00000000000002));
#2078=CARTESIAN_POINT('Ctrl Pts',(50.6702572063141,-24.4619073806266,27.7948043541995));
#2079=CARTESIAN_POINT('Ctrl Pts',(42.3519441978058,-20.4996959068447,60.589608708399));
#2080=CARTESIAN_POINT('Ctrl Pts',(33.9815712562946,-16.7588457202838,93.3844130625985));
#2081=CARTESIAN_POINT('Ctrl Pts',(60.9424502494336,-26.3631884197127,-4.99999999999999));
#2082=CARTESIAN_POINT('Ctrl Pts',(52.45383764192,-22.5575589223677,27.7800587311181));
#2083=CARTESIAN_POINT('Ctrl Pts',(43.8768779774006,-18.8262177983313,60.5601174622361));
#2084=CARTESIAN_POINT('Ctrl Pts',(35.25476473539,-15.2868718125816,93.3401761933542));
#2085=CARTESIAN_POINT('Ctrl Pts',(62.3806176061713,-24.6834843760869,-5.00000000000001));
#2086=CARTESIAN_POINT('Ctrl Pts',(53.7030354801774,-21.0766132906091,27.7694995316109));
#2087=CARTESIAN_POINT('Ctrl Pts',(44.9469362980345,-17.535764828392,60.5389990632219));
#2088=CARTESIAN_POINT('Ctrl Pts',(36.1507075842019,-14.1655490250744,93.3084985948328));
#2089=CARTESIAN_POINT('Ctrl Pts',(63.7050790989051,-22.9432909944451,-4.99999999999999));
#2090=CARTESIAN_POINT('Ctrl Pts',(54.8552486569551,-19.5508262325871,27.7594697627198));
#2091=CARTESIAN_POINT('Ctrl Pts',(45.9363783698859,-16.2164149940157,60.5189395254396));
#2092=CARTESIAN_POINT('Ctrl Pts',(36.9822222885962,-13.032040614478,93.2784092881593));
#2093=CARTESIAN_POINT('Ctrl Pts',(64.9075454773366,-21.1560826855007,-5.));
#2094=CARTESIAN_POINT('Ctrl Pts',(55.9034507228891,-17.9915093625579,27.7499988372566));
#2095=CARTESIAN_POINT('Ctrl Pts',(46.8393924368888,-14.8773575652873,60.4999976745131));
#2096=CARTESIAN_POINT('Ctrl Pts',(37.7446871983051,-11.8935180539133,93.2499965117697));
#2097=CARTESIAN_POINT('Ctrl Pts',(65.9845417894181,-19.3323772076845,-5.00000000000001));
#2098=CARTESIAN_POINT('Ctrl Pts',(56.844595344991,-16.4075299468059,27.7411161680333));
#2099=CARTESIAN_POINT('Ctrl Pts',(47.6533126774777,-13.5258497686301,60.4822323360666));
#2100=CARTESIAN_POINT('Ctrl Pts',(38.4357924156864,-10.7557330771499,93.2233485040999));
#2101=CARTESIAN_POINT('Ctrl Pts',(67.2497035624802,-16.8745152838565,-4.99999999999999));
#2102=CARTESIAN_POINT('Ctrl Pts',(57.9535537347286,-14.2814288004977,27.7300961678049));
#2103=CARTESIAN_POINT('Ctrl Pts',(48.6169079448646,-11.7223941517898,60.4601923356098));
#2104=CARTESIAN_POINT('Ctrl Pts',(39.2595649440207,-9.25136501903418,93.1902885034147));
#2105=CARTESIAN_POINT('Ctrl Pts',(69.0264571766078,-12.5350019239361,-5.00000000000001));
#2106=CARTESIAN_POINT('Ctrl Pts',(59.5198578825102,-10.5496163106238,27.713075953929));
#2107=CARTESIAN_POINT('Ctrl Pts',(49.9898248117004,-8.58393545512729,60.426151907858));
#2108=CARTESIAN_POINT('Ctrl Pts',(40.4478148965221,-6.66918070601081,93.139227861787));
#2109=CARTESIAN_POINT('Ctrl Pts',(70.4077635244403,-6.48891210539652,-5.));
#2110=CARTESIAN_POINT('Ctrl Pts',(60.7607648604962,-5.40710724316218,27.6958204375571));
#2111=CARTESIAN_POINT('Ctrl Pts',(51.1082926139588,-4.32990495256129,60.3916408751142));
#2112=CARTESIAN_POINT('Ctrl Pts',(41.4530228563279,-3.26459781089587,93.0874613126713));
#2113=CARTESIAN_POINT('Ctrl Pts',(70.6641750144162,-2.08310411861465,-5.));
#2114=CARTESIAN_POINT('Ctrl Pts',(61.0015995801922,-1.72288860398779,27.6908006509762));
#2115=CARTESIAN_POINT('Ctrl Pts',(51.3390241459683,-1.36267308995284,60.3816013019523));
#2116=CARTESIAN_POINT('Ctrl Pts',(41.6764487117443,-1.00245757591789,93.0724019529285));
#2117=CARTESIAN_POINT('Ctrl Pts',(70.6641750144162,2.08310411743078,-5.));
#2118=CARTESIAN_POINT('Ctrl Pts',(61.0015995801922,1.72288860398774,27.6908006509762));
#2119=CARTESIAN_POINT('Ctrl Pts',(51.3390241459683,1.36267308995281,60.3816013019523));
#2120=CARTESIAN_POINT('Ctrl Pts',(41.6764487117443,1.00245757591787,93.0724019529285));
#2121=CARTESIAN_POINT('Ctrl Pts',(70.4077635244402,6.48891210641186,-4.99999999999999));
#2122=CARTESIAN_POINT('Ctrl Pts',(60.7607648604949,5.40710724500939,27.6958204375571));
#2123=CARTESIAN_POINT('Ctrl Pts',(51.1082926139694,4.32990495405855,60.3916408751142));
#2124=CARTESIAN_POINT('Ctrl Pts',(41.453022856355,3.264597812024,93.0874613126713));
#2125=CARTESIAN_POINT('Ctrl Pts',(69.0264571766079,12.5350019234138,-5.));
#2126=CARTESIAN_POINT('Ctrl Pts',(59.5198578825043,10.5496163112941,27.713075953929));
#2127=CARTESIAN_POINT('Ctrl Pts',(49.9898248117457,8.58393545581636,60.426151907858));
#2128=CARTESIAN_POINT('Ctrl Pts',(40.4478148966378,6.66918070663656,93.139227861787));
#2129=CARTESIAN_POINT('Ctrl Pts',(67.2497035624803,16.8745152841048,-5.));
#2130=CARTESIAN_POINT('Ctrl Pts',(57.9535537347178,14.2814288018936,27.7300961678049));
#2131=CARTESIAN_POINT('Ctrl Pts',(48.6169079449423,11.7223941531683,60.4601923356098));
#2132=CARTESIAN_POINT('Ctrl Pts',(39.2595649442203,9.25136502025348,93.1902885034147));
#2133=CARTESIAN_POINT('Ctrl Pts',(65.9845417894181,19.3323772075491,-4.99999999999999));
#2134=CARTESIAN_POINT('Ctrl Pts',(56.8445953449768,16.4075299479406,27.7411161680333));
#2135=CARTESIAN_POINT('Ctrl Pts',(47.6533126775759,13.5258497698759,60.4822323360666));
#2136=CARTESIAN_POINT('Ctrl Pts',(38.4357924159391,10.7557330783268,93.2233485041));
#2137=CARTESIAN_POINT('Ctrl Pts',(64.9075454773366,21.1560826855787,-5.));
#2138=CARTESIAN_POINT('Ctrl Pts',(55.9034507228722,17.9915093639134,27.7499988372566));
#2139=CARTESIAN_POINT('Ctrl Pts',(46.8393924370033,14.8773575667662,60.4999976745131));
#2140=CARTESIAN_POINT('Ctrl Pts',(37.7446871986002,11.8935180553055,93.2499965117697));
#2141=CARTESIAN_POINT('Ctrl Pts',(63.7050790989053,22.9432909944035,-5.));
#2142=CARTESIAN_POINT('Ctrl Pts',(54.8552486569354,19.5508262338902,27.7594697627198));
#2143=CARTESIAN_POINT('Ctrl Pts',(45.9363783700175,16.2164149955148,60.5189395254396));
#2144=CARTESIAN_POINT('Ctrl Pts',(36.9822222889358,13.0320406159314,93.2784092881594));
#2145=CARTESIAN_POINT('Ctrl Pts',(62.3806176061712,24.6834843761076,-5.));
#2146=CARTESIAN_POINT('Ctrl Pts',(53.7030354801543,21.0766132920121,27.769499531611));
#2147=CARTESIAN_POINT('Ctrl Pts',(44.9469362981837,17.5357648300344,60.5389990632219));
#2148=CARTESIAN_POINT('Ctrl Pts',(36.1507075845877,14.1655490266813,93.3084985948328));
#2149=CARTESIAN_POINT('Ctrl Pts',(60.9424502494338,26.363188419704,-5.));
#2150=CARTESIAN_POINT('Ctrl Pts',(52.4538376418938,22.5575589237962,27.7800587311181));
#2151=CARTESIAN_POINT('Ctrl Pts',(43.8768779775682,18.8262178000608,60.5601174622361));
#2152=CARTESIAN_POINT('Ctrl Pts',(35.2547647358239,15.2868718143026,93.3401761933542));
#2153=CARTESIAN_POINT('Ctrl Pts',(58.8867102470865,28.5097698248376,-4.99999999999999));
#2154=CARTESIAN_POINT('Ctrl Pts',(50.6702572062829,24.4619073821343,27.7948043541995));
#2155=CARTESIAN_POINT('Ctrl Pts',(42.3519441979983,20.4996959087286,60.589608708399));
#2156=CARTESIAN_POINT('Ctrl Pts',(33.9815712567943,16.7588457221871,93.3844130625985));
#2157=CARTESIAN_POINT('Ctrl Pts',(56.0907503662148,30.9945683082952,-5.00000000000002));
#2158=CARTESIAN_POINT('Ctrl Pts',(48.2471209917181,26.6903540506446,27.8144128955312));
#2159=CARTESIAN_POINT('Ctrl Pts',(40.2840990749874,22.4865333724574,60.6288257910624));
#2160=CARTESIAN_POINT('Ctrl Pts',(32.2600564476309,18.5421756300071,93.4432386865936));
#2161=CARTESIAN_POINT('Ctrl Pts',(52.4901857522899,33.6182487714119,-4.99999999999998));
#2162=CARTESIAN_POINT('Ctrl Pts',(45.1273202280828,29.0863752505025,27.8395902626012));
#2163=CARTESIAN_POINT('Ctrl Pts',(37.6233816348143,24.6731258049875,60.6791805252023));
#2164=CARTESIAN_POINT('Ctrl Pts',(30.0473415643415,20.5664552366199,93.5187707878034));
#2165=CARTESIAN_POINT('Ctrl Pts',(48.7694609084642,35.8778023539136,-5.00000000000002));
#2166=CARTESIAN_POINT('Ctrl Pts',(41.9004196238647,31.1979070285436,27.8661794446469));
#2167=CARTESIAN_POINT('Ctrl Pts',(34.8683681673427,26.6550820199472,60.7323588892939));
#2168=CARTESIAN_POINT('Ctrl Pts',(27.7530033337056,22.4665094150143,93.5985383339408));
#2169=CARTESIAN_POINT('Ctrl Pts',(43.7777446658396,38.4329108470151,-4.99999999999997));
#2170=CARTESIAN_POINT('Ctrl Pts',(37.5639673417634,33.6551753362365,27.9032003706812));
#2171=CARTESIAN_POINT('Ctrl Pts',(31.1581014220252,29.0389613002904,60.8064007413624));
#2172=CARTESIAN_POINT('Ctrl Pts',(24.6540603475122,24.8401926466257,93.7096011120436));
#2173=CARTESIAN_POINT('Ctrl Pts',(37.6968315539562,40.8557661107106,-5.00000000000002));
#2174=CARTESIAN_POINT('Ctrl Pts',(32.2621687313794,36.1238215141845,27.9518295531838));
#2175=CARTESIAN_POINT('Ctrl Pts',(26.6003521488327,31.5828836122683,60.9036591063675));
#2176=CARTESIAN_POINT('Ctrl Pts',(20.8224388560983,27.5355943903785,93.8554886595513));
#2177=CARTESIAN_POINT('Ctrl Pts',(30.9707641074789,42.8595452617953,-4.99999999999999));
#2178=CARTESIAN_POINT('Ctrl Pts',(26.3632611693342,38.383282563285,28.0120669921547));
#2179=CARTESIAN_POINT('Ctrl Pts',(21.4916577473576,34.129093912376,61.0241339843095));
#2180=CARTESIAN_POINT('Ctrl Pts',(16.4850744153435,30.4488461966785,94.0362009764642));
#2181=CARTESIAN_POINT('Ctrl Pts',(24.8697263599617,44.2339018123201,-5.00000000000001));
#2182=CARTESIAN_POINT('Ctrl Pts',(20.9833530541123,40.1555053296033,28.0723044311258));
#2183=CARTESIAN_POINT('Ctrl Pts',(16.8041429025979,36.3233463904706,61.1446088622516));
#2184=CARTESIAN_POINT('Ctrl Pts',(12.4752659078295,33.12757791836,94.2169132933773));
#2185=CARTESIAN_POINT('Ctrl Pts',(19.3506192802418,45.1682228974919,-5.));
#2186=CARTESIAN_POINT('Ctrl Pts',(16.0979101335498,41.5861135182752,28.130659450129));
#2187=CARTESIAN_POINT('Ctrl Pts',(12.5349170301095,38.2649123753492,61.2613189002579));
#2188=CARTESIAN_POINT('Ctrl Pts',(8.81334001681958,35.6180174866159,94.3919783503869));
#2189=CARTESIAN_POINT('Ctrl Pts',(14.3387957238105,45.7901542190544,-5.));
#2190=CARTESIAN_POINT('Ctrl Pts',(11.6563164388947,42.7696874470982,28.1852496291963));
#2191=CARTESIAN_POINT('Ctrl Pts',(8.66047422561886,40.0127178545955,61.3704992583926));
#2192=CARTESIAN_POINT('Ctrl Pts',(5.50447450250576,37.9367455375509,94.5557488875889));
#2193=CARTESIAN_POINT('Ctrl Pts',(9.76165069513596,46.1841549260148,-5.));
#2194=CARTESIAN_POINT('Ctrl Pts',(7.60965694475702,43.764948150676,28.2341925483602));
#2195=CARTESIAN_POINT('Ctrl Pts',(5.15866832259837,41.5971568021425,61.4683850967204));
#2196=CARTESIAN_POINT('Ctrl Pts',(2.55486565721073,40.0791379631618,94.7025776450806));
#2197=CARTESIAN_POINT('Ctrl Pts',(5.55458469817964,46.4078860015057,-5.));
#2198=CARTESIAN_POINT('Ctrl Pts',(3.91563499834556,44.6084618627928,28.275605787653));
#2199=CARTESIAN_POINT('Ctrl Pts',(2.01258440022567,43.0311117561585,61.5512115753059));
#2200=CARTESIAN_POINT('Ctrl Pts',(-0.0254461079317059,42.0277025847356,
94.8268173629588));
#2201=CARTESIAN_POINT('Ctrl Pts',(1.66420548580841,46.501006727773,-5.));
#2202=CARTESIAN_POINT('Ctrl Pts',(0.541129877242568,45.3229890368449,28.3076069271061));
#2203=CARTESIAN_POINT('Ctrl Pts',(-0.787547850480452,44.3178553949228,61.6152138542122));
#2204=CARTESIAN_POINT('Ctrl Pts',(-2.22130708847877,43.7595332841692,94.9228207813182));
#2205=CARTESIAN_POINT('Ctrl Pts',(-1.35067709542289,46.4932917250083,-5.));
#2206=CARTESIAN_POINT('Ctrl Pts',(-2.02571765535335,45.8193695846565,28.3248624434782));
#2207=CARTESIAN_POINT('Ctrl Pts',(-2.83537493987054,45.258641895239,61.6497248869563));
#2208=CARTESIAN_POINT('Ctrl Pts',(-3.71383351272938,44.9904605244818,94.9745873304344));
#2209=CARTESIAN_POINT('Ctrl Pts',(-3.64435741068723,46.4461293117667,-5.));
#2210=CARTESIAN_POINT('Ctrl Pts',(-3.94172518334189,46.1637593274886,28.3320783866881));
#2211=CARTESIAN_POINT('Ctrl Pts',(-4.30204007338839,45.9343188752471,61.6641567733762));
#2212=CARTESIAN_POINT('Ctrl Pts',(-4.6945263409568,45.8416726355431,94.9962351600642));
#2213=CARTESIAN_POINT('Ctrl Pts',(-4.75426164157796,46.4101405074533,-5.));
#2214=CARTESIAN_POINT('Ctrl Pts',(-4.85468150867858,46.3143650910444,28.3333333333334));
#2215=CARTESIAN_POINT('Ctrl Pts',(-4.97699668500066,46.2369999215542,61.6666666666667));
#2216=CARTESIAN_POINT('Ctrl Pts',(-5.11050190567818,46.2072153477292,95.));
#2217=CARTESIAN_POINT('Ctrl Pts',(-5.30059894994066,46.3893581355981,-5.));
#2218=CARTESIAN_POINT('Ctrl Pts',(-5.30059793946266,46.3893581740361,28.3333333333334));
#2219=CARTESIAN_POINT('Ctrl Pts',(-5.30059793946266,46.3893581740361,61.6666666666667));
#2220=CARTESIAN_POINT('Ctrl Pts',(-5.30059793946268,46.3893581740361,95.));
#2221=CARTESIAN_POINT('',(-31.3321702801039,42.9137451300865,-4.99999999963148));
#2222=CARTESIAN_POINT('',(-63.2730574523986,-28.2341198773407,-5.));
#2223=CARTESIAN_POINT('Ctrl Pts',(-63.2730576126028,-28.2341197428703,-5.));
#2224=CARTESIAN_POINT('Ctrl Pts',(-65.5701010225914,-26.3060519328029,-5.));
#2225=CARTESIAN_POINT('Ctrl Pts',(-67.6772137328931,-24.1730076427058,-4.99999999999067));
#2226=CARTESIAN_POINT('Ctrl Pts',(-71.3844513968486,-19.4043420419376,-4.99999999999068));
#2227=CARTESIAN_POINT('Ctrl Pts',(-72.9416480225929,-16.8016921802422,-4.99999999999071));
#2228=CARTESIAN_POINT('Ctrl Pts',(-75.9180877987925,-9.78876438066671,-4.99999999999071));
#2229=CARTESIAN_POINT('Ctrl Pts',(-76.7797452211381,-5.37605606683945,-4.99999999999068));
#2230=CARTESIAN_POINT('Ctrl Pts',(-76.9416715205872,2.62009708791957,-4.99999999999068));
#2231=CARTESIAN_POINT('Ctrl Pts',(-76.6423560648464,7.65039452490224,-4.99999999999055));
#2232=CARTESIAN_POINT('Ctrl Pts',(-72.8885483352028,17.1896936211591,-4.99999999999055));
#2233=CARTESIAN_POINT('Ctrl Pts',(-70.5761179503618,20.7854379219068,-4.99999999999046));
#2234=CARTESIAN_POINT('Ctrl Pts',(-64.1577981039966,27.9046511167002,-4.99999999999046));
#2235=CARTESIAN_POINT('Ctrl Pts',(-59.8796680182301,31.1201481274656,-4.99999999999049));
#2236=CARTESIAN_POINT('Ctrl Pts',(-47.995201182633,37.9955700517483,-4.99999999999049));
#2237=CARTESIAN_POINT('Ctrl Pts',(-39.587539600482,40.9460844018946,-5.));
#2238=CARTESIAN_POINT('Ctrl Pts',(-31.3321702839858,42.9137451309086,-5.));
#2239=CARTESIAN_POINT('Ctrl Pts',(-63.2730573722961,-28.2341199445763,-5.));
#2240=CARTESIAN_POINT('Ctrl Pts',(-56.5943078343237,-28.2093099966131,27.9925176116462));
#2241=CARTESIAN_POINT('Ctrl Pts',(-49.4254008912092,-27.7723404971995,60.985035220745));
#2242=CARTESIAN_POINT('Ctrl Pts',(-42.005977295672,-26.2701623778196,93.977552827296));
#2243=CARTESIAN_POINT('',(-5.30059797100954,46.3893581767037,66.2193939519769));
#2244=CARTESIAN_POINT('',(-5.30059797100952,46.3893581767037,66.2193939519769));
#2245=CARTESIAN_POINT('',(-17.5044526197056,48.7193212096068,86.7844626287566));
#2246=CARTESIAN_POINT('Ctrl Pts',(-5.30059797100952,46.3893581767037,66.2193939519769));
#2247=CARTESIAN_POINT('Ctrl Pts',(-6.31435133180701,46.8765606164413,67.9276990806637));
#2248=CARTESIAN_POINT('Ctrl Pts',(-7.32865481394774,47.3613782876671,69.6369312347479));
#2249=CARTESIAN_POINT('Ctrl Pts',(-9.3363222793073,48.2137200878564,73.0201097872446));
#2250=CARTESIAN_POINT('Ctrl Pts',(-10.3318142586666,48.5838251234988,74.6976421335426));
#2251=CARTESIAN_POINT('Ctrl Pts',(-13.3340006257893,49.3700264890551,79.756713271117));
#2252=CARTESIAN_POINT('Ctrl Pts',(-15.3467242692719,49.4633319526852,83.1484121357065));
#2253=CARTESIAN_POINT('Ctrl Pts',(-17.504457645812,48.7193194765462,86.7844710983939));
#2254=CARTESIAN_POINT('',(-35.1506783435531,41.3991008706618,55.3572381900062));
#2255=CARTESIAN_POINT('Ctrl Pts',(-17.5044526197056,48.7193212096068,86.7844626287566));
#2256=CARTESIAN_POINT('Ctrl Pts',(-20.3932913415155,47.93339893125,81.639556046553));
#2257=CARTESIAN_POINT('Ctrl Pts',(-23.5456921699983,46.7038208255397,76.0252558608909));
#2258=CARTESIAN_POINT('Ctrl Pts',(-29.268422849883,44.2430766667551,65.8333006919051));
#2259=CARTESIAN_POINT('Ctrl Pts',(-32.3070275811536,42.801721785858,60.4216668181959));
#2260=CARTESIAN_POINT('Ctrl Pts',(-35.1506783435531,41.3991008706618,55.3572381900062));
#2261=CARTESIAN_POINT('Ctrl Pts',(-35.1506783435531,41.3991008706618,55.3572381900062));
#2262=CARTESIAN_POINT('Ctrl Pts',(-34.5153172112009,42.7982091255364,45.3144040472806));
#2263=CARTESIAN_POINT('Ctrl Pts',(-33.8825757112887,43.3750780078294,35.312977118139));
#2264=CARTESIAN_POINT('Ctrl Pts',(-32.6125160160185,43.6384073121813,15.2377817347858));
#2265=CARTESIAN_POINT('Ctrl Pts',(-31.9460662496471,43.3244763506157,4.70354517651945));
#2266=CARTESIAN_POINT('Ctrl Pts',(-31.3321702753893,42.9137451330323,-4.99999999869861));
#2267=CARTESIAN_POINT('Ctrl Pts',(-5.30059894994066,46.3893581355981,-5.));
#2268=CARTESIAN_POINT('Ctrl Pts',(-5.30059793946266,46.3893581740361,28.3333333333334));
#2269=CARTESIAN_POINT('Ctrl Pts',(-5.30059793946266,46.3893581740361,61.6666666666667));
#2270=CARTESIAN_POINT('Ctrl Pts',(-5.30059793946268,46.3893581740361,95.));
#2271=CARTESIAN_POINT('Ctrl Pts',(-8.25061974238437,46.2771409610599,-5.));
#2272=CARTESIAN_POINT('Ctrl Pts',(-7.70838287812553,46.7942932768174,28.3333333333334));
#2273=CARTESIAN_POINT('Ctrl Pts',(-7.04792585302707,47.2120367754098,61.6666666666667));
#2274=CARTESIAN_POINT('Ctrl Pts',(-6.32704669857443,47.372862534026,95.));
#2275=CARTESIAN_POINT('Ctrl Pts',(-13.6067368443676,45.8973133086763,-5.));
#2276=CARTESIAN_POINT('Ctrl Pts',(-12.1186368533653,47.2946689535604,28.3294747540233));
#2277=CARTESIAN_POINT('Ctrl Pts',(-10.3054296438232,48.4186504187936,61.6589495080465));
#2278=CARTESIAN_POINT('Ctrl Pts',(-8.32606157855705,48.8361080990923,94.9884242620697));
#2279=CARTESIAN_POINT('Ctrl Pts',(-20.718518719633,45.0165810585657,-5.00000000000001));
#2280=CARTESIAN_POINT('Ctrl Pts',(-18.090903541697,47.3005019930102,28.3135581143691));
#2281=CARTESIAN_POINT('Ctrl Pts',(-14.908203990328,49.1176676091183,61.6271162287382));
#2282=CARTESIAN_POINT('Ctrl Pts',(-11.4418036597257,49.7285241492445,94.9406743431073));
#2283=CARTESIAN_POINT('Ctrl Pts',(-27.1988781290947,43.8768888546533,-4.99999999999999));
#2284=CARTESIAN_POINT('Ctrl Pts',(-23.646979376048,46.6600737693744,28.2889596712672));
#2285=CARTESIAN_POINT('Ctrl Pts',(-19.3820601031847,48.843699452255,61.5779193425346));
#2286=CARTESIAN_POINT('Ctrl Pts',(-14.752719862654,49.4777900159045,94.8668790138018));
#2287=CARTESIAN_POINT('Ctrl Pts',(-33.2237692575416,42.500800146882,-5.00000000000001));
#2288=CARTESIAN_POINT('Ctrl Pts',(-28.9181781742434,45.4465651248559,28.257126391959));
#2289=CARTESIAN_POINT('Ctrl Pts',(-23.8053590101064,47.7135545028054,61.514252783918));
#2290=CARTESIAN_POINT('Ctrl Pts',(-18.2799699939729,48.2262774374802,94.771379175877));
#2291=CARTESIAN_POINT('Ctrl Pts',(-38.8880846816122,40.8887966887696,-4.99999999999999));
#2292=CARTESIAN_POINT('Ctrl Pts',(-33.9687978325301,43.7149013393802,28.2195052436856));
#2293=CARTESIAN_POINT('Ctrl Pts',(-28.2034915038006,45.8296118872403,61.4390104873713));
#2294=CARTESIAN_POINT('Ctrl Pts',(-22.0057893118802,46.1057548583961,94.6585157310568));
#2295=CARTESIAN_POINT('Ctrl Pts',(-44.2534395484474,39.0301752947377,-5.00000000000001));
#2296=CARTESIAN_POINT('Ctrl Pts',(-38.8342657993609,41.5099897698593,28.1775431936883));
#2297=CARTESIAN_POINT('Ctrl Pts',(-32.5773849108842,43.285399825101,61.3550863873768));
#2298=CARTESIAN_POINT('Ctrl Pts',(-25.8923565901868,43.2403068322303,94.5326295810651));
#2299=CARTESIAN_POINT('Ctrl Pts',(-49.3513482300372,36.9031120549232,-5.));
#2300=CARTESIAN_POINT('Ctrl Pts',(-43.5251243619765,38.8675439562611,28.1326872092085));
#2301=CARTESIAN_POINT('Ctrl Pts',(-36.9082970107004,40.1671796263244,61.2653744184172));
#2302=CARTESIAN_POINT('Ctrl Pts',(-29.8873966693682,39.748677910297,94.3980616276257));
#2303=CARTESIAN_POINT('Ctrl Pts',(-54.1926534324701,34.4766104599332,-5.));
#2304=CARTESIAN_POINT('Ctrl Pts',(-48.0325882151893,35.8159038405686,28.0863842574874));
#2305=CARTESIAN_POINT('Ctrl Pts',(-41.159502063638,36.5556380044077,61.172768514975));
#2306=CARTESIAN_POINT('Ctrl Pts',(-33.9219949444193,35.7458370490155,94.2591527724624));
#2307=CARTESIAN_POINT('Ctrl Pts',(-58.765718094364,31.7104322515871,-5.));
#2308=CARTESIAN_POINT('Ctrl Pts',(-52.3292873949547,32.3757689499479,28.0400813057663));
#2309=CARTESIAN_POINT('Ctrl Pts',(-45.2795847798419,32.525422592002,61.0801626115328));
#2310=CARTESIAN_POINT('Ctrl Pts',(-37.9164423687042,31.3423154579297,94.120243917299));
#2311=CARTESIAN_POINT('Ctrl Pts',(-63.0347335843672,28.5568542256311,-5.));
#2312=CARTESIAN_POINT('Ctrl Pts',(-56.3658135157646,28.5638943674268,27.9952253212865));
#2313=CARTESIAN_POINT('Ctrl Pts',(-49.1972245964995,28.1507770795551,60.9904506425731));
#2314=CARTESIAN_POINT('Ctrl Pts',(-41.7732577711359,26.6517809063153,93.9856759638595));
#2315=CARTESIAN_POINT('Ctrl Pts',(-66.9343694532351,24.9648792095945,-5.00000000000001));
#2316=CARTESIAN_POINT('Ctrl Pts',(-60.06835167122,24.3943284940134,27.9532632712892));
#2317=CARTESIAN_POINT('Ctrl Pts',(-52.82180972691,23.5038057616921,60.9065265425787));
#2318=CARTESIAN_POINT('Ctrl Pts',(-45.3807840537411,21.7863290538225,93.8597898138678));
#2319=CARTESIAN_POINT('Ctrl Pts',(-70.3664727793121,20.8906041833373,-4.99999999999999));
#2320=CARTESIAN_POINT('Ctrl Pts',(-63.3362723463768,19.8905359579318,27.9156421230159));
#2321=CARTESIAN_POINT('Ctrl Pts',(-56.0419216396923,18.6683512351394,60.831284246032));
#2322=CARTESIAN_POINT('Ctrl Pts',(-48.6125652377321,16.8721159370877,93.7469263690477));
#2323=CARTESIAN_POINT('Ctrl Pts',(-73.2043172756669,16.3147003688282,-5.00000000000002));
#2324=CARTESIAN_POINT('Ctrl Pts',(-66.0453236179738,15.0962976076186,27.8838088437076));
#2325=CARTESIAN_POINT('Ctrl Pts',(-58.7274703521078,13.7443142949401,60.7676176874154));
#2326=CARTESIAN_POINT('Ctrl Pts',(-51.3284248499221,12.0470977691685,93.6514265311229));
#2327=CARTESIAN_POINT('Ctrl Pts',(-75.3150980767895,11.2624677095874,-4.99999999999998));
#2328=CARTESIAN_POINT('Ctrl Pts',(-68.0691657828364,10.0943884731452,27.8592104006058));
#2329=CARTESIAN_POINT('Ctrl Pts',(-60.7502689001693,8.86495537785469,60.7184208012117));
#2330=CARTESIAN_POINT('Ctrl Pts',(-53.3940802345414,7.4769558649226,93.5776312018174));
#2331=CARTESIAN_POINT('Ctrl Pts',(-76.5991546585721,5.80661124206938,-5.00000000000001));
#2332=CARTESIAN_POINT('Ctrl Pts',(-69.3088605012077,5.00677471418098,27.8432937609516));
#2333=CARTESIAN_POINT('Ctrl Pts',(-62.003788705323,4.19451208690599,60.6865875219035));
#2334=CARTESIAN_POINT('Ctrl Pts',(-54.691164143269,3.35013474213398,93.529881282855));
#2335=CARTESIAN_POINT('Ctrl Pts',(-76.8802431034904,1.96251194379054,-5.));
#2336=CARTESIAN_POINT('Ctrl Pts',(-69.5838420186594,1.65008801421705,27.8394351816416));
#2337=CARTESIAN_POINT('Ctrl Pts',(-62.2874409338284,1.33766408288442,60.6788703632833));
#2338=CARTESIAN_POINT('Ctrl Pts',(-54.9910398489974,1.02524015155178,93.5183055449247));
#2339=CARTESIAN_POINT('Ctrl Pts',(-76.8802431034904,-1.96251194730894,-5.));
#2340=CARTESIAN_POINT('Ctrl Pts',(-69.5838420186594,-1.65008801421711,27.8394351816416));
#2341=CARTESIAN_POINT('Ctrl Pts',(-62.2874409338284,-1.33766408288442,60.6788703632833));
#2342=CARTESIAN_POINT('Ctrl Pts',(-54.9910398489974,-1.02524015155173,93.5183055449247));
#2343=CARTESIAN_POINT('Ctrl Pts',(-76.5991546585718,-5.80661123963595,-5.00000000000002));
#2344=CARTESIAN_POINT('Ctrl Pts',(-69.3088605011974,-5.00677470938295,27.8432937609517));
#2345=CARTESIAN_POINT('Ctrl Pts',(-62.0037887052833,-4.19451208321394,60.6865875219035));
#2346=CARTESIAN_POINT('Ctrl Pts',(-54.6911641431879,-3.35013473949616,93.5298812828551));
#2347=CARTESIAN_POINT('Ctrl Pts',(-75.3150980767901,-11.2624677107589,-4.99999999999999));
#2348=CARTESIAN_POINT('Ctrl Pts',(-68.0691657827865,-10.094388471814,27.8592104006058));
#2349=CARTESIAN_POINT('Ctrl Pts',(-60.7502688999743,-8.86495537729818,60.7184208012118));
#2350=CARTESIAN_POINT('Ctrl Pts',(-53.3940802341414,-7.47695586488533,93.5776312018175));
#2351=CARTESIAN_POINT('Ctrl Pts',(-73.2043172756657,-16.3147003682148,-5.));
#2352=CARTESIAN_POINT('Ctrl Pts',(-66.0453236178617,-15.0962976055364,27.8838088437077));
#2353=CARTESIAN_POINT('Ctrl Pts',(-58.7274703516805,-13.7443142943736,60.7676176874155));
#2354=CARTESIAN_POINT('Ctrl Pts',(-51.3284248490494,-12.0470977695616,93.651426531123));
#2355=CARTESIAN_POINT('Ctrl Pts',(-70.3664727793145,-20.890604183667,-5.));
#2356=CARTESIAN_POINT('Ctrl Pts',(-63.3362723461919,-19.8905359575275,27.9156421230159));
#2357=CARTESIAN_POINT('Ctrl Pts',(-56.041921638983,-18.6683512366146,60.831284246032));
#2358=CARTESIAN_POINT('Ctrl Pts',(-48.6125652362817,-16.8721159395175,93.7469263690477));
#2359=CARTESIAN_POINT('Ctrl Pts',(-66.9343694532305,-24.9648792094161,-5.));
#2360=CARTESIAN_POINT('Ctrl Pts',(-60.0683516709431,-24.3943284941963,27.9532632712893));
#2361=CARTESIAN_POINT('Ctrl Pts',(-52.8218097258798,-23.5038057644222,60.9065265425787));
#2362=CARTESIAN_POINT('Ctrl Pts',(-45.3807840516458,-21.7863290577673,93.8597898138679));
#2363=CARTESIAN_POINT('Ctrl Pts',(-63.034733584376,-28.5568542257279,-5.));
#2364=CARTESIAN_POINT('Ctrl Pts',(-56.3658135154072,-28.5638943688887,27.9952253212865));
#2365=CARTESIAN_POINT('Ctrl Pts',(-49.1972245951518,-28.1507770841058,60.9904506425732));
#2366=CARTESIAN_POINT('Ctrl Pts',(-41.7732577683881,-26.651780912205,93.9856759638596));
#2367=CARTESIAN_POINT('Ctrl Pts',(-58.7657180943472,-31.7104322515352,-5.00000000000001));
#2368=CARTESIAN_POINT('Ctrl Pts',(-52.3292873944844,-32.3757689523183,28.0400813057663));
#2369=CARTESIAN_POINT('Ctrl Pts',(-45.2795847781627,-32.5254225980428,61.0801626115328));
#2370=CARTESIAN_POINT('Ctrl Pts',(-37.9164423653132,-31.3423154654931,94.120243917299));
#2371=CARTESIAN_POINT('Ctrl Pts',(-54.1926534325018,-34.4766104599605,-5.));
#2372=CARTESIAN_POINT('Ctrl Pts',(-48.032588214672,-35.8159038439512,28.0863842574874));
#2373=CARTESIAN_POINT('Ctrl Pts',(-41.159502061709,-36.5556380119263,61.172768514975));
#2374=CARTESIAN_POINT('Ctrl Pts',(-33.9219949404939,-35.7458370581731,94.2591527724623));
#2375=CARTESIAN_POINT('Ctrl Pts',(-49.3513482299771,-36.9031120549101,-5.));
#2376=CARTESIAN_POINT('Ctrl Pts',(-43.5251243613057,-38.8675439604074,28.1326872092086));
#2377=CARTESIAN_POINT('Ctrl Pts',(-36.9082970084847,-40.1671796349738,61.2653744184173));
#2378=CARTESIAN_POINT('Ctrl Pts',(-29.8873966649592,-39.7486779206808,94.3980616276258));
#2379=CARTESIAN_POINT('Ctrl Pts',(-44.2534395485615,-39.0301752947419,-5.));
#2380=CARTESIAN_POINT('Ctrl Pts',(-38.8342657987713,-41.5099897746032,28.1775431936884));
#2381=CARTESIAN_POINT('Ctrl Pts',(-32.5773849086322,-43.2853998345428,61.355086387377));
#2382=CARTESIAN_POINT('Ctrl Pts',(-25.8923565855855,-43.2403068434364,94.5326295810653));
#2383=CARTESIAN_POINT('Ctrl Pts',(-38.8880846813888,-40.8887966887733,-5.));
#2384=CARTESIAN_POINT('Ctrl Pts',(-33.9687978316182,-43.7149013444283,28.2195052436856));
#2385=CARTESIAN_POINT('Ctrl Pts',(-28.2034915012762,-45.8296118969792,61.4390104873714));
#2386=CARTESIAN_POINT('Ctrl Pts',(-22.0057893070495,-46.1057548698627,94.6585157310569));
#2387=CARTESIAN_POINT('Ctrl Pts',(-33.2237692580494,-42.5008001468658,-5.));
#2388=CARTESIAN_POINT('Ctrl Pts',(-28.9181781739174,-45.4465651298491,28.257126391959));
#2389=CARTESIAN_POINT('Ctrl Pts',(-23.8053590081277,-47.7135545122372,61.5142527839181));
#2390=CARTESIAN_POINT('Ctrl Pts',(-18.2799699896796,-48.2262774485236,94.771379175877));
#2391=CARTESIAN_POINT('Ctrl Pts',(-27.1988781280944,-43.8768888546898,-5.));
#2392=CARTESIAN_POINT('Ctrl Pts',(-23.6469793744861,-46.6600737739648,28.2889596712673));
#2393=CARTESIAN_POINT('Ctrl Pts',(-19.38206010043,-48.8436994607283,61.5779193425346));
#2394=CARTESIAN_POINT('Ctrl Pts',(-14.7527198581219,-49.4777900257636,94.8668790138018));
#2395=CARTESIAN_POINT('Ctrl Pts',(-20.7185187215366,-45.0165810584942,-5.00000000000001));
#2396=CARTESIAN_POINT('Ctrl Pts',(-18.0909035425813,-47.3005019965927,28.3135581143691));
#2397=CARTESIAN_POINT('Ctrl Pts',(-14.9082039898436,-49.1176676157217,61.6271162287384));
#2398=CARTESIAN_POINT('Ctrl Pts',(-11.4418036574174,-49.7285241569249,94.9406743431074));
#2399=CARTESIAN_POINT('Ctrl Pts',(-13.6067368405334,-45.8973133088218,-4.99999999999999));
#2400=CARTESIAN_POINT('Ctrl Pts',(-12.118636849591,-47.2946689558667,28.3294747540233));
#2401=CARTESIAN_POINT('Ctrl Pts',(-10.3054296401468,-48.4186504228256,61.6589495080466));
#2402=CARTESIAN_POINT('Ctrl Pts',(-8.32606157471203,-48.8361081037115,94.9884242620698));
#2403=CARTESIAN_POINT('Ctrl Pts',(-8.25061974767305,-46.2771409608587,-5.));
#2404=CARTESIAN_POINT('Ctrl Pts',(-7.70838288197976,-46.7942932774656,28.3333333333333));
#2405=CARTESIAN_POINT('Ctrl Pts',(-7.04792585582145,-47.2120367767254,61.6666666666667));
#2406=CARTESIAN_POINT('Ctrl Pts',(-6.32704670021206,-47.3728625355951,95.));
#2407=CARTESIAN_POINT('Ctrl Pts',(-4.75426164126744,-46.4101405074651,-5.));
#2408=CARTESIAN_POINT('Ctrl Pts',(-4.85468150796475,-46.3143650909243,28.3333333333334));
#2409=CARTESIAN_POINT('Ctrl Pts',(-4.97699668448313,-46.2369999213105,61.6666666666667));
#2410=CARTESIAN_POINT('Ctrl Pts',(-5.11050190537491,-46.2072153474386,95.));
#2411=CARTESIAN_POINT('Ctrl Pts',(-3.64435741033413,-46.4461293117802,-5.));
#2412=CARTESIAN_POINT('Ctrl Pts',(-3.94172518261163,-46.1637593270912,28.3320783866881));
#2413=CARTESIAN_POINT('Ctrl Pts',(-4.3020400729454,-45.9343188745053,61.6641567733762));
#2414=CARTESIAN_POINT('Ctrl Pts',(-4.69452634085269,-45.8416726346773,94.9962351600643));
#2415=CARTESIAN_POINT('Ctrl Pts',(-1.35067709575662,-46.4932917249956,-5.));
#2416=CARTESIAN_POINT('Ctrl Pts',(-2.02571765522732,-45.8193695837433,28.3248624434781));
#2417=CARTESIAN_POINT('Ctrl Pts',(-2.83537494005793,-45.2586418936024,61.6497248869563));
#2418=CARTESIAN_POINT('Ctrl Pts',(-3.71383351334057,-44.9904605225934,94.9745873304343));
#2419=CARTESIAN_POINT('Ctrl Pts',(1.66420548605893,-46.5010067277826,-5.));
#2420=CARTESIAN_POINT('Ctrl Pts',(0.54112987780816,-45.322989035445,28.3076069271061));
#2421=CARTESIAN_POINT('Ctrl Pts',(-0.787547850471748,-44.3178553924192,
61.6152138542123));
#2422=CARTESIAN_POINT('Ctrl Pts',(-2.22130708919557,-43.759533281282,94.9228207813184));
#2423=CARTESIAN_POINT('Ctrl Pts',(5.55458469804788,-46.4078860015007,-5.));
#2424=CARTESIAN_POINT('Ctrl Pts',(3.91563499854643,-44.6084618609369,28.2756057876528));
#2425=CARTESIAN_POINT('Ctrl Pts',(2.01258439982138,-43.0311117528969,61.5512115753057));
#2426=CARTESIAN_POINT('Ctrl Pts',(-0.0254461091577163,-42.0277025809935,
94.8268173629584));
#2427=CARTESIAN_POINT('Ctrl Pts',(9.76165069520288,-46.1841549260173,-4.99999999999999));
#2428=CARTESIAN_POINT('Ctrl Pts',(7.60965694507687,-43.764948148527,28.2341925483603));
#2429=CARTESIAN_POINT('Ctrl Pts',(5.15866832221372,-41.5971567984121,61.4683850967206));
#2430=CARTESIAN_POINT('Ctrl Pts',(2.5548656558764,-40.0791379588974,94.7025776450808));
#2431=CARTESIAN_POINT('Ctrl Pts',(14.3387957237786,-45.7901542190531,-5.));
#2432=CARTESIAN_POINT('Ctrl Pts',(11.6563164390911,-42.7696874447733,28.1852496291963));
#2433=CARTESIAN_POINT('Ctrl Pts',(8.66047422510602,-40.0127178506285,61.3704992583927));
#2434=CARTESIAN_POINT('Ctrl Pts',(5.5044745010267,-37.9367455330394,94.555748887589));
#2435=CARTESIAN_POINT('Ctrl Pts',(19.3506192802547,-45.1682228974925,-5.00000000000001));
#2436=CARTESIAN_POINT('Ctrl Pts',(16.0979101337449,-41.586113515888,28.1306594501289));
#2437=CARTESIAN_POINT('Ctrl Pts',(12.5349170296023,-38.2649123713538,61.2613189002578));
#2438=CARTESIAN_POINT('Ctrl Pts',(8.81334001535543,-35.6180174820991,94.3919783503866));
#2439=CARTESIAN_POINT('Ctrl Pts',(24.8697263599557,-44.2339018123198,-4.99999999999999));
#2440=CARTESIAN_POINT('Ctrl Pts',(20.983353054257,-40.1555053272423,28.0723044311257));
#2441=CARTESIAN_POINT('Ctrl Pts',(16.804142902088,-36.3233463866146,61.1446088622515));
#2442=CARTESIAN_POINT('Ctrl Pts',(12.4752659064247,-33.1275779140345,94.2169132933772));
#2443=CARTESIAN_POINT('Ctrl Pts',(30.9707641074823,-42.8595452617955,-5.00000000000001));
#2444=CARTESIAN_POINT('Ctrl Pts',(26.3632611694554,-38.3832825610247,28.0120669921547));
#2445=CARTESIAN_POINT('Ctrl Pts',(21.4916577468904,-34.1290939087948,61.0241339843095));
#2446=CARTESIAN_POINT('Ctrl Pts',(16.4850744140712,-30.4488461927014,94.0362009764642));
#2447=CARTESIAN_POINT('Ctrl Pts',(37.6968315539543,-40.8557661107105,-4.99999999999999));
#2448=CARTESIAN_POINT('Ctrl Pts',(32.2621687314686,-36.1238215120796,27.9518295531838));
#2449=CARTESIAN_POINT('Ctrl Pts',(26.6003521484189,-31.582883609061,60.9036591063676));
#2450=CARTESIAN_POINT('Ctrl Pts',(20.8224388549952,-27.5355943868644,93.8554886595514));
#2451=CARTESIAN_POINT('Ctrl Pts',(43.7777446658409,-38.432910847015,-5.00000000000001));
#2452=CARTESIAN_POINT('Ctrl Pts',(37.5639673418351,-33.6551753342925,27.9032003706812));
#2453=CARTESIAN_POINT('Ctrl Pts',(31.1581014216724,-29.0389612974485,60.8064007413624));
#2454=CARTESIAN_POINT('Ctrl Pts',(24.6540603465773,-24.8401926435587,93.7096011120435));
#2455=CARTESIAN_POINT('Ctrl Pts',(48.7694609084637,-35.877802353914,-5.));
#2456=CARTESIAN_POINT('Ctrl Pts',(41.9004196239207,-31.1979070267386,27.8661794446469));
#2457=CARTESIAN_POINT('Ctrl Pts',(34.8683681670395,-26.6550820174128,60.7323588892938));
#2458=CARTESIAN_POINT('Ctrl Pts',(27.7530033329094,-22.4665094123215,93.5985383339407));
#2459=CARTESIAN_POINT('Ctrl Pts',(52.4901857522901,-33.6182487714107,-4.99999999999999));
#2460=CARTESIAN_POINT('Ctrl Pts',(45.1273202281296,-29.0863752488029,27.8395902626011));
#2461=CARTESIAN_POINT('Ctrl Pts',(37.6233816345506,-24.6731258026854,60.6791805252022));
#2462=CARTESIAN_POINT('Ctrl Pts',(30.0473415636515,-20.5664552342096,93.5187707878033));
#2463=CARTESIAN_POINT('Ctrl Pts',(56.0907503662146,-30.9945683082979,-5.));
#2464=CARTESIAN_POINT('Ctrl Pts',(48.2471209917557,-26.6903540490552,27.8144128955312));
#2465=CARTESIAN_POINT('Ctrl Pts',(40.2840990747626,-22.4865333703898,60.6288257910624));
#2466=CARTESIAN_POINT('Ctrl Pts',(32.2600564470458,-18.5421756278794,93.4432386865936));
#2467=CARTESIAN_POINT('Ctrl Pts',(58.8867102470866,-28.509769824833,-5.00000000000002));
#2468=CARTESIAN_POINT('Ctrl Pts',(50.6702572063141,-24.4619073806266,27.7948043541995));
#2469=CARTESIAN_POINT('Ctrl Pts',(42.3519441978058,-20.4996959068447,60.589608708399));
#2470=CARTESIAN_POINT('Ctrl Pts',(33.9815712562946,-16.7588457202838,93.3844130625985));
#2471=CARTESIAN_POINT('Ctrl Pts',(60.9424502494336,-26.3631884197127,-4.99999999999999));
#2472=CARTESIAN_POINT('Ctrl Pts',(52.45383764192,-22.5575589223677,27.7800587311181));
#2473=CARTESIAN_POINT('Ctrl Pts',(43.8768779774006,-18.8262177983313,60.5601174622361));
#2474=CARTESIAN_POINT('Ctrl Pts',(35.25476473539,-15.2868718125816,93.3401761933542));
#2475=CARTESIAN_POINT('Ctrl Pts',(62.3806176061713,-24.6834843760869,-5.00000000000001));
#2476=CARTESIAN_POINT('Ctrl Pts',(53.7030354801774,-21.0766132906091,27.7694995316109));
#2477=CARTESIAN_POINT('Ctrl Pts',(44.9469362980345,-17.535764828392,60.5389990632219));
#2478=CARTESIAN_POINT('Ctrl Pts',(36.1507075842019,-14.1655490250744,93.3084985948328));
#2479=CARTESIAN_POINT('Ctrl Pts',(63.7050790989051,-22.9432909944451,-4.99999999999999));
#2480=CARTESIAN_POINT('Ctrl Pts',(54.8552486569551,-19.5508262325871,27.7594697627198));
#2481=CARTESIAN_POINT('Ctrl Pts',(45.9363783698859,-16.2164149940157,60.5189395254396));
#2482=CARTESIAN_POINT('Ctrl Pts',(36.9822222885962,-13.032040614478,93.2784092881593));
#2483=CARTESIAN_POINT('Ctrl Pts',(64.9075454773366,-21.1560826855007,-5.));
#2484=CARTESIAN_POINT('Ctrl Pts',(55.9034507228891,-17.9915093625579,27.7499988372566));
#2485=CARTESIAN_POINT('Ctrl Pts',(46.8393924368888,-14.8773575652873,60.4999976745131));
#2486=CARTESIAN_POINT('Ctrl Pts',(37.7446871983051,-11.8935180539133,93.2499965117697));
#2487=CARTESIAN_POINT('Ctrl Pts',(65.9845417894181,-19.3323772076845,-5.00000000000001));
#2488=CARTESIAN_POINT('Ctrl Pts',(56.844595344991,-16.4075299468059,27.7411161680333));
#2489=CARTESIAN_POINT('Ctrl Pts',(47.6533126774777,-13.5258497686301,60.4822323360666));
#2490=CARTESIAN_POINT('Ctrl Pts',(38.4357924156864,-10.7557330771499,93.2233485040999));
#2491=CARTESIAN_POINT('Ctrl Pts',(67.2497035624802,-16.8745152838565,-4.99999999999999));
#2492=CARTESIAN_POINT('Ctrl Pts',(57.9535537347286,-14.2814288004977,27.7300961678049));
#2493=CARTESIAN_POINT('Ctrl Pts',(48.6169079448646,-11.7223941517898,60.4601923356098));
#2494=CARTESIAN_POINT('Ctrl Pts',(39.2595649440207,-9.25136501903418,93.1902885034147));
#2495=CARTESIAN_POINT('Ctrl Pts',(69.0264571766078,-12.5350019239361,-5.00000000000001));
#2496=CARTESIAN_POINT('Ctrl Pts',(59.5198578825102,-10.5496163106238,27.713075953929));
#2497=CARTESIAN_POINT('Ctrl Pts',(49.9898248117004,-8.58393545512729,60.426151907858));
#2498=CARTESIAN_POINT('Ctrl Pts',(40.4478148965221,-6.66918070601081,93.139227861787));
#2499=CARTESIAN_POINT('Ctrl Pts',(70.4077635244403,-6.48891210539652,-5.));
#2500=CARTESIAN_POINT('Ctrl Pts',(60.7607648604962,-5.40710724316218,27.6958204375571));
#2501=CARTESIAN_POINT('Ctrl Pts',(51.1082926139588,-4.32990495256129,60.3916408751142));
#2502=CARTESIAN_POINT('Ctrl Pts',(41.4530228563279,-3.26459781089587,93.0874613126713));
#2503=CARTESIAN_POINT('Ctrl Pts',(70.6641750144162,-2.08310411861465,-5.));
#2504=CARTESIAN_POINT('Ctrl Pts',(61.0015995801922,-1.72288860398779,27.6908006509762));
#2505=CARTESIAN_POINT('Ctrl Pts',(51.3390241459683,-1.36267308995284,60.3816013019523));
#2506=CARTESIAN_POINT('Ctrl Pts',(41.6764487117443,-1.00245757591789,93.0724019529285));
#2507=CARTESIAN_POINT('Ctrl Pts',(70.6641750144162,2.08310411743078,-5.));
#2508=CARTESIAN_POINT('Ctrl Pts',(61.0015995801922,1.72288860398774,27.6908006509762));
#2509=CARTESIAN_POINT('Ctrl Pts',(51.3390241459683,1.36267308995281,60.3816013019523));
#2510=CARTESIAN_POINT('Ctrl Pts',(41.6764487117443,1.00245757591787,93.0724019529285));
#2511=CARTESIAN_POINT('Ctrl Pts',(70.4077635244402,6.48891210641186,-4.99999999999999));
#2512=CARTESIAN_POINT('Ctrl Pts',(60.7607648604949,5.40710724500939,27.6958204375571));
#2513=CARTESIAN_POINT('Ctrl Pts',(51.1082926139694,4.32990495405855,60.3916408751142));
#2514=CARTESIAN_POINT('Ctrl Pts',(41.453022856355,3.264597812024,93.0874613126713));
#2515=CARTESIAN_POINT('Ctrl Pts',(69.0264571766079,12.5350019234138,-5.));
#2516=CARTESIAN_POINT('Ctrl Pts',(59.5198578825043,10.5496163112941,27.713075953929));
#2517=CARTESIAN_POINT('Ctrl Pts',(49.9898248117457,8.58393545581636,60.426151907858));
#2518=CARTESIAN_POINT('Ctrl Pts',(40.4478148966378,6.66918070663656,93.139227861787));
#2519=CARTESIAN_POINT('Ctrl Pts',(67.2497035624803,16.8745152841048,-5.));
#2520=CARTESIAN_POINT('Ctrl Pts',(57.9535537347178,14.2814288018936,27.7300961678049));
#2521=CARTESIAN_POINT('Ctrl Pts',(48.6169079449423,11.7223941531683,60.4601923356098));
#2522=CARTESIAN_POINT('Ctrl Pts',(39.2595649442203,9.25136502025348,93.1902885034147));
#2523=CARTESIAN_POINT('Ctrl Pts',(65.9845417894181,19.3323772075491,-4.99999999999999));
#2524=CARTESIAN_POINT('Ctrl Pts',(56.8445953449768,16.4075299479406,27.7411161680333));
#2525=CARTESIAN_POINT('Ctrl Pts',(47.6533126775759,13.5258497698759,60.4822323360666));
#2526=CARTESIAN_POINT('Ctrl Pts',(38.4357924159391,10.7557330783268,93.2233485041));
#2527=CARTESIAN_POINT('Ctrl Pts',(64.9075454773366,21.1560826855787,-5.));
#2528=CARTESIAN_POINT('Ctrl Pts',(55.9034507228722,17.9915093639134,27.7499988372566));
#2529=CARTESIAN_POINT('Ctrl Pts',(46.8393924370033,14.8773575667662,60.4999976745131));
#2530=CARTESIAN_POINT('Ctrl Pts',(37.7446871986002,11.8935180553055,93.2499965117697));
#2531=CARTESIAN_POINT('Ctrl Pts',(63.7050790989053,22.9432909944035,-5.));
#2532=CARTESIAN_POINT('Ctrl Pts',(54.8552486569354,19.5508262338902,27.7594697627198));
#2533=CARTESIAN_POINT('Ctrl Pts',(45.9363783700175,16.2164149955148,60.5189395254396));
#2534=CARTESIAN_POINT('Ctrl Pts',(36.9822222889358,13.0320406159314,93.2784092881594));
#2535=CARTESIAN_POINT('Ctrl Pts',(62.3806176061712,24.6834843761076,-5.));
#2536=CARTESIAN_POINT('Ctrl Pts',(53.7030354801543,21.0766132920121,27.769499531611));
#2537=CARTESIAN_POINT('Ctrl Pts',(44.9469362981837,17.5357648300344,60.5389990632219));
#2538=CARTESIAN_POINT('Ctrl Pts',(36.1507075845877,14.1655490266813,93.3084985948328));
#2539=CARTESIAN_POINT('Ctrl Pts',(60.9424502494338,26.363188419704,-5.));
#2540=CARTESIAN_POINT('Ctrl Pts',(52.4538376418938,22.5575589237962,27.7800587311181));
#2541=CARTESIAN_POINT('Ctrl Pts',(43.8768779775682,18.8262178000608,60.5601174622361));
#2542=CARTESIAN_POINT('Ctrl Pts',(35.2547647358239,15.2868718143026,93.3401761933542));
#2543=CARTESIAN_POINT('Ctrl Pts',(58.8867102470865,28.5097698248376,-4.99999999999999));
#2544=CARTESIAN_POINT('Ctrl Pts',(50.6702572062829,24.4619073821343,27.7948043541995));
#2545=CARTESIAN_POINT('Ctrl Pts',(42.3519441979983,20.4996959087286,60.589608708399));
#2546=CARTESIAN_POINT('Ctrl Pts',(33.9815712567943,16.7588457221871,93.3844130625985));
#2547=CARTESIAN_POINT('Ctrl Pts',(56.0907503662148,30.9945683082952,-5.00000000000002));
#2548=CARTESIAN_POINT('Ctrl Pts',(48.2471209917181,26.6903540506446,27.8144128955312));
#2549=CARTESIAN_POINT('Ctrl Pts',(40.2840990749874,22.4865333724574,60.6288257910624));
#2550=CARTESIAN_POINT('Ctrl Pts',(32.2600564476309,18.5421756300071,93.4432386865936));
#2551=CARTESIAN_POINT('Ctrl Pts',(52.4901857522899,33.6182487714119,-4.99999999999998));
#2552=CARTESIAN_POINT('Ctrl Pts',(45.1273202280828,29.0863752505025,27.8395902626012));
#2553=CARTESIAN_POINT('Ctrl Pts',(37.6233816348143,24.6731258049875,60.6791805252023));
#2554=CARTESIAN_POINT('Ctrl Pts',(30.0473415643415,20.5664552366199,93.5187707878034));
#2555=CARTESIAN_POINT('Ctrl Pts',(48.7694609084642,35.8778023539136,-5.00000000000002));
#2556=CARTESIAN_POINT('Ctrl Pts',(41.9004196238647,31.1979070285436,27.8661794446469));
#2557=CARTESIAN_POINT('Ctrl Pts',(34.8683681673427,26.6550820199472,60.7323588892939));
#2558=CARTESIAN_POINT('Ctrl Pts',(27.7530033337056,22.4665094150143,93.5985383339408));
#2559=CARTESIAN_POINT('Ctrl Pts',(43.7777446658396,38.4329108470151,-4.99999999999997));
#2560=CARTESIAN_POINT('Ctrl Pts',(37.5639673417634,33.6551753362365,27.9032003706812));
#2561=CARTESIAN_POINT('Ctrl Pts',(31.1581014220252,29.0389613002904,60.8064007413624));
#2562=CARTESIAN_POINT('Ctrl Pts',(24.6540603475122,24.8401926466257,93.7096011120436));
#2563=CARTESIAN_POINT('Ctrl Pts',(37.6968315539562,40.8557661107106,-5.00000000000002));
#2564=CARTESIAN_POINT('Ctrl Pts',(32.2621687313794,36.1238215141845,27.9518295531838));
#2565=CARTESIAN_POINT('Ctrl Pts',(26.6003521488327,31.5828836122683,60.9036591063675));
#2566=CARTESIAN_POINT('Ctrl Pts',(20.8224388560983,27.5355943903785,93.8554886595513));
#2567=CARTESIAN_POINT('Ctrl Pts',(30.9707641074789,42.8595452617953,-4.99999999999999));
#2568=CARTESIAN_POINT('Ctrl Pts',(26.3632611693342,38.383282563285,28.0120669921547));
#2569=CARTESIAN_POINT('Ctrl Pts',(21.4916577473576,34.129093912376,61.0241339843095));
#2570=CARTESIAN_POINT('Ctrl Pts',(16.4850744153435,30.4488461966785,94.0362009764642));
#2571=CARTESIAN_POINT('Ctrl Pts',(24.8697263599617,44.2339018123201,-5.00000000000001));
#2572=CARTESIAN_POINT('Ctrl Pts',(20.9833530541123,40.1555053296033,28.0723044311258));
#2573=CARTESIAN_POINT('Ctrl Pts',(16.8041429025979,36.3233463904706,61.1446088622516));
#2574=CARTESIAN_POINT('Ctrl Pts',(12.4752659078295,33.12757791836,94.2169132933773));
#2575=CARTESIAN_POINT('Ctrl Pts',(19.3506192802418,45.1682228974919,-5.));
#2576=CARTESIAN_POINT('Ctrl Pts',(16.0979101335498,41.5861135182752,28.130659450129));
#2577=CARTESIAN_POINT('Ctrl Pts',(12.5349170301095,38.2649123753492,61.2613189002579));
#2578=CARTESIAN_POINT('Ctrl Pts',(8.81334001681958,35.6180174866159,94.3919783503869));
#2579=CARTESIAN_POINT('Ctrl Pts',(14.3387957238105,45.7901542190544,-5.));
#2580=CARTESIAN_POINT('Ctrl Pts',(11.6563164388947,42.7696874470982,28.1852496291963));
#2581=CARTESIAN_POINT('Ctrl Pts',(8.66047422561886,40.0127178545955,61.3704992583926));
#2582=CARTESIAN_POINT('Ctrl Pts',(5.50447450250576,37.9367455375509,94.5557488875889));
#2583=CARTESIAN_POINT('Ctrl Pts',(9.76165069513596,46.1841549260148,-5.));
#2584=CARTESIAN_POINT('Ctrl Pts',(7.60965694475702,43.764948150676,28.2341925483602));
#2585=CARTESIAN_POINT('Ctrl Pts',(5.15866832259837,41.5971568021425,61.4683850967204));
#2586=CARTESIAN_POINT('Ctrl Pts',(2.55486565721073,40.0791379631618,94.7025776450806));
#2587=CARTESIAN_POINT('Ctrl Pts',(5.55458469817964,46.4078860015057,-5.));
#2588=CARTESIAN_POINT('Ctrl Pts',(3.91563499834556,44.6084618627928,28.275605787653));
#2589=CARTESIAN_POINT('Ctrl Pts',(2.01258440022567,43.0311117561585,61.5512115753059));
#2590=CARTESIAN_POINT('Ctrl Pts',(-0.0254461079317059,42.0277025847356,
94.8268173629588));
#2591=CARTESIAN_POINT('Ctrl Pts',(1.66420548580841,46.501006727773,-5.));
#2592=CARTESIAN_POINT('Ctrl Pts',(0.541129877242568,45.3229890368449,28.3076069271061));
#2593=CARTESIAN_POINT('Ctrl Pts',(-0.787547850480452,44.3178553949228,61.6152138542122));
#2594=CARTESIAN_POINT('Ctrl Pts',(-2.22130708847877,43.7595332841692,94.9228207813182));
#2595=CARTESIAN_POINT('Ctrl Pts',(-1.35067709542289,46.4932917250083,-5.));
#2596=CARTESIAN_POINT('Ctrl Pts',(-2.02571765535335,45.8193695846565,28.3248624434782));
#2597=CARTESIAN_POINT('Ctrl Pts',(-2.83537493987054,45.258641895239,61.6497248869563));
#2598=CARTESIAN_POINT('Ctrl Pts',(-3.71383351272938,44.9904605244818,94.9745873304344));
#2599=CARTESIAN_POINT('Ctrl Pts',(-3.64435741068723,46.4461293117667,-5.));
#2600=CARTESIAN_POINT('Ctrl Pts',(-3.94172518334189,46.1637593274886,28.3320783866881));
#2601=CARTESIAN_POINT('Ctrl Pts',(-4.30204007338839,45.9343188752471,61.6641567733762));
#2602=CARTESIAN_POINT('Ctrl Pts',(-4.6945263409568,45.8416726355431,94.9962351600642));
#2603=CARTESIAN_POINT('Ctrl Pts',(-4.75426164157796,46.4101405074533,-5.));
#2604=CARTESIAN_POINT('Ctrl Pts',(-4.85468150867858,46.3143650910444,28.3333333333334));
#2605=CARTESIAN_POINT('Ctrl Pts',(-4.97699668500066,46.2369999215542,61.6666666666667));
#2606=CARTESIAN_POINT('Ctrl Pts',(-5.11050190567818,46.2072153477292,95.));
#2607=CARTESIAN_POINT('Ctrl Pts',(-5.30059894994066,46.3893581355981,-5.));
#2608=CARTESIAN_POINT('Ctrl Pts',(-5.30059793946266,46.3893581740361,28.3333333333334));
#2609=CARTESIAN_POINT('Ctrl Pts',(-5.30059793946266,46.3893581740361,61.6666666666667));
#2610=CARTESIAN_POINT('Ctrl Pts',(-5.30059793946268,46.3893581740361,95.));
#2611=CARTESIAN_POINT('',(-31.3321702749127,-42.9137451337658,-4.99999999692126));
#2612=CARTESIAN_POINT('Ctrl Pts',(-63.2730573722961,-28.2341199445763,-5.));
#2613=CARTESIAN_POINT('Ctrl Pts',(-63.1735886958359,-28.3176109007467,-5.));
#2614=CARTESIAN_POINT('Ctrl Pts',(-63.0736241828933,-28.4008347223362,-5.));
#2615=CARTESIAN_POINT('Ctrl Pts',(-62.9731703141803,-28.4837880606438,-4.99999999999999));
#2616=CARTESIAN_POINT('Ctrl Pts',(-62.5737245955832,-28.8136445037534,-4.99999999999994));
#2617=CARTESIAN_POINT('Ctrl Pts',(-62.1665383711609,-29.1392212094859,-4.99999999999972));
#2618=CARTESIAN_POINT('Ctrl Pts',(-61.7519060566792,-29.4603604962882,-4.99999999999859));
#2619=CARTESIAN_POINT('Ctrl Pts',(-61.3342689755311,-29.7838270224071,-4.99999999999746));
#2620=CARTESIAN_POINT('Ctrl Pts',(-60.9090775608295,-30.102791610153,-4.99999999999542));
#2621=CARTESIAN_POINT('Ctrl Pts',(-60.4766704633794,-30.4171304869559,-4.99999999999172));
#2622=CARTESIAN_POINT('Ctrl Pts',(-60.038856398103,-30.7353999657389,-4.99999999998799));
#2623=CARTESIAN_POINT('Ctrl Pts',(-59.5936451254739,-31.0489273399484,-4.99999999998256));
#2624=CARTESIAN_POINT('Ctrl Pts',(-59.1414258448173,-31.357622041056,-4.99999999997468));
#2625=CARTESIAN_POINT('Ctrl Pts',(-58.9999794394019,-31.4541764289606,-4.99999999997221));
#2626=CARTESIAN_POINT('Ctrl Pts',(-58.8578476895609,-31.5502582965296,-4.99999999996951));
#2627=CARTESIAN_POINT('Ctrl Pts',(-58.7150432323713,-31.6458656153055,-4.99999999996654));
#2628=CARTESIAN_POINT('Ctrl Pts',(-58.2361105561226,-31.9665101522577,-4.99999999995658));
#2629=CARTESIAN_POINT('Ctrl Pts',(-57.7496090523585,-32.2818139148163,-4.99999999994366));
#2630=CARTESIAN_POINT('Ctrl Pts',(-57.2558691920343,-32.5917092964301,-4.99999999992689));
#2631=CARTESIAN_POINT('Ctrl Pts',(-56.752416413302,-32.9077009825932,-4.99999999990979));
#2632=CARTESIAN_POINT('Ctrl Pts',(-56.2414376935433,-33.2180694185722,-4.99999999988869));
#2633=CARTESIAN_POINT('Ctrl Pts',(-55.7233171351363,-33.5227865070103,-4.99999999986264));
#2634=CARTESIAN_POINT('Ctrl Pts',(-55.2051965767294,-33.8275035954483,-4.9999999998366));
#2635=CARTESIAN_POINT('Ctrl Pts',(-54.6799343079647,-34.1265695090761,-4.99999999980562));
#2636=CARTESIAN_POINT('Ctrl Pts',(-54.147946675679,-34.4199976910572,-4.99999999976875));
#2637=CARTESIAN_POINT('Ctrl Pts',(-53.5894452432189,-34.7280500780205,-4.99999999973004));
#2638=CARTESIAN_POINT('Ctrl Pts',(-53.0235317486835,-35.0298887821679,-4.99999999968485));
#2639=CARTESIAN_POINT('Ctrl Pts',(-52.4505389961014,-35.325518156807,-4.99999999963208));
#2640=CARTESIAN_POINT('Ctrl Pts',(-51.8670621566935,-35.6265566819424,-4.99999999957835));
#2641=CARTESIAN_POINT('Ctrl Pts',(-51.2762445857634,-35.9211566637181,-4.99999999951676));
#2642=CARTESIAN_POINT('Ctrl Pts',(-50.6784688960621,-36.2093674693883,-4.99999999944616));
#2643=CARTESIAN_POINT('Ctrl Pts',(-50.2257702001643,-36.4276310390155,-4.99999999939269));
#2644=CARTESIAN_POINT('Ctrl Pts',(-49.769081593528,-36.6422312926984,-4.99999999933405));
#2645=CARTESIAN_POINT('Ctrl Pts',(-49.3085809833671,-36.8532056624334,-4.99999999926975));
#2646=CARTESIAN_POINT('Ctrl Pts',(-48.6776077824097,-37.142280574506,-4.99999999918164));
#2647=CARTESIAN_POINT('Ctrl Pts',(-48.0394767719389,-37.4245467318358,-4.99999999908288));
#2648=CARTESIAN_POINT('Ctrl Pts',(-47.3944670685409,-37.7000532901516,-4.99999999897219));
#2649=CARTESIAN_POINT('Ctrl Pts',(-46.7425469536361,-37.9785115307146,-4.99999999886031));
#2650=CARTESIAN_POINT('Ctrl Pts',(-46.0835998030224,-38.2500647353665,-4.99999999873623));
#2651=CARTESIAN_POINT('Ctrl Pts',(-45.4179475667395,-38.5148050490768,-4.99999999859861));
#2652=CARTESIAN_POINT('Ctrl Pts',(-45.017322759945,-38.6741398056506,-4.99999999851579));
#2653=CARTESIAN_POINT('Ctrl Pts',(-44.6142698506014,-38.8310075332433,-4.99999999842807));
#2654=CARTESIAN_POINT('Ctrl Pts',(-44.2088651839974,-38.9854349872315,-4.99999999833515));
#2655=CARTESIAN_POINT('Ctrl Pts',(-43.534337964625,-39.2423770742726,-4.99999999818055));
#2656=CARTESIAN_POINT('Ctrl Pts',(-42.8532981164162,-39.492561839982,-4.99999999801157));
#2657=CARTESIAN_POINT('Ctrl Pts',(-42.1659279412346,-39.7360523634664,-4.99999999782686));
#2658=CARTESIAN_POINT('Ctrl Pts',(-41.4831807145447,-39.9779052771317,-4.9999999976434));
#2659=CARTESIAN_POINT('Ctrl Pts',(-40.7941878141692,-40.213153922188,-4.99999999744443));
#2660=CARTESIAN_POINT('Ctrl Pts',(-40.0991679742064,-40.4418921284926,-4.99999999722863));
#2661=CARTESIAN_POINT('Ctrl Pts',(-39.6810269101658,-40.579506670512,-4.9999999970988));
#2662=CARTESIAN_POINT('Ctrl Pts',(-39.2607051689992,-40.7147653458177,-4.99999999696287));
#2663=CARTESIAN_POINT('Ctrl Pts',(-38.8382579215587,-40.847693699717,-4.99999999682057));
#2664=CARTESIAN_POINT('Ctrl Pts',(-38.1708543889139,-41.0577006379053,-4.99999999659576));
#2665=CARTESIAN_POINT('Ctrl Pts',(-37.4981432171752,-41.2618900488534,-4.99999999635503));
#2666=CARTESIAN_POINT('Ctrl Pts',(-36.8201357929456,-41.4602930252508,-4.99999999609724));
#2667=CARTESIAN_POINT('Ctrl Pts',(-36.1575059663393,-41.654196108241,-4.99999999584531));
#2668=CARTESIAN_POINT('Ctrl Pts',(-35.4898172521846,-41.8425724224554,-4.99999999557709));
#2669=CARTESIAN_POINT('Ctrl Pts',(-34.8171247957833,-42.0254721266604,-4.99999999529153));
#2670=CARTESIAN_POINT('Ctrl Pts',(-34.2692745456309,-42.1744282324528,-4.99999999505897));
#2671=CARTESIAN_POINT('Ctrl Pts',(-33.7181062140264,-42.319752272709,-4.99999999481491));
#2672=CARTESIAN_POINT('Ctrl Pts',(-33.1636733062461,-42.4614810222953,-4.99999999455878));
#2673=CARTESIAN_POINT('Ctrl Pts',(-32.5571017088387,-42.6165378972187,-4.99999999427857));
#2674=CARTESIAN_POINT('Ctrl Pts',(-31.9466214973359,-42.7672911719419,-4.99999999398391));
#2675=CARTESIAN_POINT('Ctrl Pts',(-31.3321702748355,-42.9137451334416,-4.99999999367407));
#2676=CARTESIAN_POINT('',(-35.1506783435531,-41.3991008768853,55.3572381900062));
#2677=CARTESIAN_POINT('Ctrl Pts',(-31.3321702755012,-42.913745133096,-4.99999999693014));
#2678=CARTESIAN_POINT('Ctrl Pts',(-31.9460046676489,-43.3244351501467,4.70257178081899));
#2679=CARTESIAN_POINT('Ctrl Pts',(-32.6123759714947,-43.6383400912196,15.2355681213716));
#2680=CARTESIAN_POINT('Ctrl Pts',(-33.8824355652788,-43.3752041890118,35.3107619005862));
#2681=CARTESIAN_POINT('Ctrl Pts',(-34.5152473734391,-42.7983629191057,45.3133001568739));
#2682=CARTESIAN_POINT('Ctrl Pts',(-35.1506783435531,-41.3991008768853,55.3572381900062));
#2683=CARTESIAN_POINT('',(-17.5044526197056,-48.7193212183316,86.7844626287566));
#2684=CARTESIAN_POINT('Ctrl Pts',(-35.1506783435531,-41.3991008768853,55.3572381900062));
#2685=CARTESIAN_POINT('Ctrl Pts',(-32.3075743172568,-42.8014521170572,60.4206931029953));
#2686=CARTESIAN_POINT('Ctrl Pts',(-29.2696320065989,-44.2425021841935,65.8311472320046));
#2687=CARTESIAN_POINT('Ctrl Pts',(-23.546970788564,-46.7033241578609,76.0229786922056));
#2688=CARTESIAN_POINT('Ctrl Pts',(-20.3938498398111,-47.9332469978736,81.6385613833566));
#2689=CARTESIAN_POINT('Ctrl Pts',(-17.5044526197056,-48.7193212183315,86.7844626287566));
#2690=CARTESIAN_POINT('',(1.14529200747918,-43.931807709867,55.3572381900062));
#2691=CARTESIAN_POINT('Ctrl Pts',(-17.5044526197056,-48.7193212183316,86.7844626287566));
#2692=CARTESIAN_POINT('Ctrl Pts',(-14.2321905359006,-49.8476347693353,81.2702790843743));
#2693=CARTESIAN_POINT('Ctrl Pts',(-11.2687072916681,-49.0565870150111,76.2764276993418));
#2694=CARTESIAN_POINT('Ctrl Pts',(-6.53502559737864,-47.0117591438791,68.2995636724108));
#2695=CARTESIAN_POINT('Ctrl Pts',(-5.53997252968946,-46.4514403236303,66.6227709488712));
#2696=CARTESIAN_POINT('Ctrl Pts',(-1.95271069433022,-44.949587191903,60.5777722063112));
#2697=CARTESIAN_POINT('Ctrl Pts',(-0.361161703846445,-44.390111216473,57.8958069392752));
#2698=CARTESIAN_POINT('Ctrl Pts',(1.14529200747916,-43.931807709867,55.3572381900062));
#2699=CARTESIAN_POINT('',(3.3030435409015,-44.336145119315,36.1808797620637));
#2700=CARTESIAN_POINT('Ctrl Pts',(1.14529200747917,-43.931807709867,55.3572381900062));
#2701=CARTESIAN_POINT('Ctrl Pts',(1.50475842956547,-43.9663376230492,52.1625900361458));
#2702=CARTESIAN_POINT('Ctrl Pts',(1.86488497775364,-44.0187255539613,48.9620752213663));
#2703=CARTESIAN_POINT('Ctrl Pts',(2.58375252084223,-44.1546713940541,42.5733592571067));
#2704=CARTESIAN_POINT('Ctrl Pts',(2.94367506174394,-44.2384540657866,39.3746574780271));
#2705=CARTESIAN_POINT('Ctrl Pts',(3.3030435409015,-44.336145119315,36.1808797620637));
#2706=CARTESIAN_POINT('',(30.491175408891,-29.0042150286321,62.7365616572203));
#2707=CARTESIAN_POINT('Ctrl Pts',(3.30304354090151,-44.336145119315,36.1808797620637));
#2708=CARTESIAN_POINT('Ctrl Pts',(8.73590115989932,-42.7204827456625,38.9792890811071));
#2709=CARTESIAN_POINT('Ctrl Pts',(14.219729754295,-40.5032162015169,42.81970738949));
#2710=CARTESIAN_POINT('Ctrl Pts',(23.7764169825818,-35.0853794683257,52.20367587849));
#2711=CARTESIAN_POINT('Ctrl Pts',(27.5611721166084,-32.166464678821,57.2593845968764));
#2712=CARTESIAN_POINT('Ctrl Pts',(30.491175408891,-29.0042150286321,62.7365616572203));
#2713=CARTESIAN_POINT('',(58.341808030689,-10.6419098501153,30.9321161439436));
#2714=CARTESIAN_POINT('Ctrl Pts',(30.491175408891,-29.0042150286321,62.7365616572203));
#2715=CARTESIAN_POINT('Ctrl Pts',(36.0907999945542,-26.6344025042922,58.6319259606504));
#2716=CARTESIAN_POINT('Ctrl Pts',(41.5387386265572,-24.0359368293451,54.1312513899182));
#2717=CARTESIAN_POINT('Ctrl Pts',(51.4032979857406,-17.585452172863,42.9586842314475));
#2718=CARTESIAN_POINT('Ctrl Pts',(55.2231464719686,-14.2216399745707,37.1323905968853));
#2719=CARTESIAN_POINT('Ctrl Pts',(58.341808030689,-10.6419098501153,30.9321161439435));
#2720=CARTESIAN_POINT('',(69.3886076709296,-10.6419098496001,-5.0000000004063));
#2721=CARTESIAN_POINT('Ctrl Pts',(58.341808030689,-10.6419098501153,30.9321161439435));
#2722=CARTESIAN_POINT('Ctrl Pts',(60.1971416757203,-10.6419098501153,24.9556384927253));
#2723=CARTESIAN_POINT('Ctrl Pts',(62.05027352297,-10.6419098510302,18.9521019497726));
#2724=CARTESIAN_POINT('Ctrl Pts',(65.7257151570968,-10.6419098510302,6.99227984585988));
#2725=CARTESIAN_POINT('Ctrl Pts',(67.5644448311993,-10.6419098501152,0.98253715952893));
#2726=CARTESIAN_POINT('Ctrl Pts',(69.3886076702469,-10.6419098501152,-5.0000000006145));
#2727=CARTESIAN_POINT('',(69.3886076783855,10.6419098406391,-5.));
#2728=CARTESIAN_POINT('Ctrl Pts',(69.3886076702352,-10.6419098494245,-5.));
#2729=CARTESIAN_POINT('Ctrl Pts',(70.4492281294368,-6.4732365344634,-5.));
#2730=CARTESIAN_POINT('Ctrl Pts',(70.664174794578,-2.70379454383558,-4.99999999999635));
#2731=CARTESIAN_POINT('Ctrl Pts',(70.6641752342521,2.70378752413246,-4.99999999999635));
#2732=CARTESIAN_POINT('Ctrl Pts',(70.4492276349833,6.4732352177475,-5.));
#2733=CARTESIAN_POINT('Ctrl Pts',(69.3886094416651,10.6419028870019,-5.));
#2734=CARTESIAN_POINT('',(58.341808030938,10.6419098501151,30.9321161439434));
#2735=CARTESIAN_POINT('Ctrl Pts',(69.3886076831882,10.6419098501151,-5.00000004303528));
#2736=CARTESIAN_POINT('Ctrl Pts',(67.5644182541482,10.6419098501151,0.982624322066936));
#2737=CARTESIAN_POINT('Ctrl Pts',(65.7257048038808,10.6419098510343,6.99231353486065));
#2738=CARTESIAN_POINT('Ctrl Pts',(62.0502735556754,10.6419098510343,18.9521018443489));
#2739=CARTESIAN_POINT('Ctrl Pts',(60.1971416921698,10.6419098501151,24.9556384403986));
#2740=CARTESIAN_POINT('Ctrl Pts',(58.341808030938,10.6419098501151,30.9321161439434));
#2741=CARTESIAN_POINT('',(30.491175413718,29.004215028632,62.7365616572202));
#2742=CARTESIAN_POINT('Ctrl Pts',(58.341808030938,10.6419098501151,30.9321161439434));
#2743=CARTESIAN_POINT('Ctrl Pts',(55.2478601195168,14.1932726171163,37.083256892498));
#2744=CARTESIAN_POINT('Ctrl Pts',(51.4628866791996,17.5331677487567,42.8681249524508));
#2745=CARTESIAN_POINT('Ctrl Pts',(41.6154670394244,23.9998444860391,54.0687376175478));
#2746=CARTESIAN_POINT('Ctrl Pts',(36.1268306598953,26.619153997432,58.6055147720292));
#2747=CARTESIAN_POINT('Ctrl Pts',(30.491175413718,29.004215028632,62.7365616572202));
#2748=CARTESIAN_POINT('',(3.30304354131359,44.3361451214291,36.1808797584015));
#2749=CARTESIAN_POINT('Ctrl Pts',(30.491175413718,29.004215028632,62.7365616572202));
#2750=CARTESIAN_POINT('Ctrl Pts',(27.56803311128,32.1590598544796,57.2722101288565));
#2751=CARTESIAN_POINT('Ctrl Pts',(23.7946212418287,35.0711857995639,52.2282600339309));
#2752=CARTESIAN_POINT('Ctrl Pts',(14.2623600576138,40.4831931516926,42.8543883291078));
#2753=CARTESIAN_POINT('Ctrl Pts',(8.76813879651016,42.7108956881788,38.9958943517636));
#2754=CARTESIAN_POINT('Ctrl Pts',(3.30304354131361,44.3361451214291,36.1808797584015));
#2755=CARTESIAN_POINT('',(1.14529200747921,43.931807712443,55.3572381900062));
#2756=CARTESIAN_POINT('Ctrl Pts',(3.30304354131361,44.3361451214291,36.1808797584015));
#2757=CARTESIAN_POINT('Ctrl Pts',(2.94367379462791,44.2384537234403,39.3746687391345));
#2758=CARTESIAN_POINT('Ctrl Pts',(2.5837499802894,44.1546708048063,42.5733818354926));
#2759=CARTESIAN_POINT('Ctrl Pts',(1.86488280899645,44.0187252572622,48.9620944955321));
#2760=CARTESIAN_POINT('Ctrl Pts',(1.50475679093901,43.9663374681472,52.1626045989389));
#2761=CARTESIAN_POINT('Ctrl Pts',(1.14529200747921,43.931807712443,55.3572381900062));
#2762=CARTESIAN_POINT('Ctrl Pts',(1.14529200747921,43.931807712443,55.3572381900062));
#2763=CARTESIAN_POINT('Ctrl Pts',(0.0631726746752669,44.2610173527992,57.1807487967932));
#2764=CARTESIAN_POINT('Ctrl Pts',(-1.02016882265291,44.6294442326916,59.0063189083923));
#2765=CARTESIAN_POINT('Ctrl Pts',(-2.63040878351516,45.2412063394649,61.7197808705736));
#2766=CARTESIAN_POINT('Ctrl Pts',(-3.14060524723162,45.4452906118369,62.5795276983433));
#2767=CARTESIAN_POINT('Ctrl Pts',(-3.98791643109579,45.8028018557412,64.0073562974517));
#2768=CARTESIAN_POINT('Ctrl Pts',(-4.26885295535689,45.9241383323297,64.4807705649547));
#2769=CARTESIAN_POINT('Ctrl Pts',(-4.63812342886014,46.0857805924886,65.1030389274112));
#2770=CARTESIAN_POINT('Ctrl Pts',(-4.77247594777056,46.1452355778901,65.3294402455232));
#2771=CARTESIAN_POINT('Ctrl Pts',(-4.97061004942055,46.2349416260952,65.6633217546805));
#2772=CARTESIAN_POINT('Ctrl Pts',(-5.03685187712391,46.2652748511595,65.7749477757378));
#2773=CARTESIAN_POINT('Ctrl Pts',(-5.13584186675152,46.3112855705576,65.9417586722625));
#2774=CARTESIAN_POINT('Ctrl Pts',(-5.16883999043549,46.326737053701,65.9973647655257));
#2775=CARTESIAN_POINT('Ctrl Pts',(-5.21827801978205,46.3500812230451,66.0806742196304));
#2776=CARTESIAN_POINT('Ctrl Pts',(-5.23475297435128,46.3578929999192,66.108436642399));
#2777=CARTESIAN_POINT('Ctrl Pts',(-5.26785097380734,46.3736562485456,66.1642110392164));
#2778=CARTESIAN_POINT('Ctrl Pts',(-5.29730671509302,46.3877764232155,66.2138477613753));
#2779=CARTESIAN_POINT('Ctrl Pts',(-5.30059797100952,46.3893581767037,66.2193939519769));
#2780=CARTESIAN_POINT('',(41.6764487117443,-8.65322350205095E-15,93.0724019529285));
#2781=CARTESIAN_POINT('Ctrl Pts',(41.6764487117443,-8.77076189453874E-15,
93.0724019529285));
#2782=CARTESIAN_POINT('Ctrl Pts',(41.6764487117443,1.00245757591787,93.0724019529285));
#2783=CARTESIAN_POINT('Ctrl Pts',(41.453022856355,3.264597812024,93.0874613126713));
#2784=CARTESIAN_POINT('Ctrl Pts',(40.4478148966378,6.66918070663656,93.139227861787));
#2785=CARTESIAN_POINT('Ctrl Pts',(39.2595649442203,9.25136502025348,93.1902885034147));
#2786=CARTESIAN_POINT('Ctrl Pts',(38.4357924159391,10.7557330783268,93.2233485041));
#2787=CARTESIAN_POINT('Ctrl Pts',(37.7446871986002,11.8935180553055,93.2499965117697));
#2788=CARTESIAN_POINT('Ctrl Pts',(36.9822222889358,13.0320406159314,93.2784092881594));
#2789=CARTESIAN_POINT('Ctrl Pts',(36.1507075845877,14.1655490266813,93.3084985948328));
#2790=CARTESIAN_POINT('Ctrl Pts',(35.2547647358239,15.2868718143026,93.3401761933542));
#2791=CARTESIAN_POINT('Ctrl Pts',(33.9815712567943,16.7588457221871,93.3844130625985));
#2792=CARTESIAN_POINT('Ctrl Pts',(32.2600564476309,18.5421756300071,93.4432386865936));
#2793=CARTESIAN_POINT('Ctrl Pts',(30.0473415643415,20.5664552366199,93.5187707878034));
#2794=CARTESIAN_POINT('Ctrl Pts',(27.7530033337056,22.4665094150143,93.5985383339408));
#2795=CARTESIAN_POINT('Ctrl Pts',(24.6540603475122,24.8401926466257,93.7096011120436));
#2796=CARTESIAN_POINT('Ctrl Pts',(20.8224388560983,27.5355943903785,93.8554886595513));
#2797=CARTESIAN_POINT('Ctrl Pts',(16.4850744153435,30.4488461966785,94.0362009764642));
#2798=CARTESIAN_POINT('Ctrl Pts',(12.4752659078295,33.12757791836,94.2169132933773));
#2799=CARTESIAN_POINT('Ctrl Pts',(8.81334001681958,35.6180174866159,94.3919783503869));
#2800=CARTESIAN_POINT('Ctrl Pts',(5.50447450250576,37.9367455375509,94.5557488875889));
#2801=CARTESIAN_POINT('Ctrl Pts',(2.55486565721073,40.0791379631618,94.7025776450806));
#2802=CARTESIAN_POINT('Ctrl Pts',(-0.0254461079317059,42.0277025847356,
94.8268173629588));
#2803=CARTESIAN_POINT('Ctrl Pts',(-2.22130708847877,43.7595332841692,94.9228207813182));
#2804=CARTESIAN_POINT('Ctrl Pts',(-3.71383351272938,44.9904605244818,94.9745873304344));
#2805=CARTESIAN_POINT('Ctrl Pts',(-4.6945263409568,45.8416726355431,94.9962351600642));
#2806=CARTESIAN_POINT('Ctrl Pts',(-5.11050190567818,46.2072153477292,95.));
#2807=CARTESIAN_POINT('Ctrl Pts',(-5.30059793946268,46.3893581740361,95.));
#2808=CARTESIAN_POINT('Ctrl Pts',(-42.005977295672,-26.2701623778196,93.977552827296));
#2809=CARTESIAN_POINT('Ctrl Pts',(-41.9147858415266,-26.3878035480725,93.9807348157579));
#2810=CARTESIAN_POINT('Ctrl Pts',(-40.5823644085936,-28.1001070231576,94.0272273645474));
#2811=CARTESIAN_POINT('Ctrl Pts',(-37.9164423653132,-31.3423154654931,94.120243917299));
#2812=CARTESIAN_POINT('Ctrl Pts',(-33.9219949404939,-35.7458370581731,94.2591527724623));
#2813=CARTESIAN_POINT('Ctrl Pts',(-29.8873966649592,-39.7486779206808,94.3980616276258));
#2814=CARTESIAN_POINT('Ctrl Pts',(-25.8923565855855,-43.2403068434364,94.5326295810653));
#2815=CARTESIAN_POINT('Ctrl Pts',(-22.0057893070495,-46.1057548698627,94.6585157310569));
#2816=CARTESIAN_POINT('Ctrl Pts',(-18.2799699896796,-48.2262774485236,94.771379175877));
#2817=CARTESIAN_POINT('Ctrl Pts',(-14.7527198581219,-49.4777900257636,94.8668790138018));
#2818=CARTESIAN_POINT('Ctrl Pts',(-11.4418036574174,-49.7285241569249,94.9406743431074));
#2819=CARTESIAN_POINT('Ctrl Pts',(-8.32606157471203,-48.8361081037115,94.9884242620698));
#2820=CARTESIAN_POINT('Ctrl Pts',(-6.32704670021206,-47.3728625355951,95.));
#2821=CARTESIAN_POINT('Ctrl Pts',(-5.11050190537491,-46.2072153474386,95.));
#2822=CARTESIAN_POINT('Ctrl Pts',(-4.69452634085269,-45.8416726346773,94.9962351600643));
#2823=CARTESIAN_POINT('Ctrl Pts',(-3.71383351334057,-44.9904605225934,94.9745873304343));
#2824=CARTESIAN_POINT('Ctrl Pts',(-2.22130708919557,-43.759533281282,94.9228207813184));
#2825=CARTESIAN_POINT('Ctrl Pts',(-0.0254461091577163,-42.0277025809935,
94.8268173629584));
#2826=CARTESIAN_POINT('Ctrl Pts',(2.5548656558764,-40.0791379588974,94.7025776450808));
#2827=CARTESIAN_POINT('Ctrl Pts',(5.5044745010267,-37.9367455330394,94.555748887589));
#2828=CARTESIAN_POINT('Ctrl Pts',(8.81334001535543,-35.6180174820991,94.3919783503866));
#2829=CARTESIAN_POINT('Ctrl Pts',(12.4752659064247,-33.1275779140345,94.2169132933772));
#2830=CARTESIAN_POINT('Ctrl Pts',(16.4850744140712,-30.4488461927014,94.0362009764642));
#2831=CARTESIAN_POINT('Ctrl Pts',(20.8224388549952,-27.5355943868644,93.8554886595514));
#2832=CARTESIAN_POINT('Ctrl Pts',(24.6540603465773,-24.8401926435587,93.7096011120435));
#2833=CARTESIAN_POINT('Ctrl Pts',(27.7530033329094,-22.4665094123215,93.5985383339407));
#2834=CARTESIAN_POINT('Ctrl Pts',(30.0473415636515,-20.5664552342096,93.5187707878033));
#2835=CARTESIAN_POINT('Ctrl Pts',(32.2600564470458,-18.5421756278794,93.4432386865936));
#2836=CARTESIAN_POINT('Ctrl Pts',(33.9815712562946,-16.7588457202838,93.3844130625985));
#2837=CARTESIAN_POINT('Ctrl Pts',(35.25476473539,-15.2868718125816,93.3401761933542));
#2838=CARTESIAN_POINT('Ctrl Pts',(36.1507075842019,-14.1655490250744,93.3084985948328));
#2839=CARTESIAN_POINT('Ctrl Pts',(36.9822222885962,-13.032040614478,93.2784092881593));
#2840=CARTESIAN_POINT('Ctrl Pts',(37.7446871983051,-11.8935180539133,93.2499965117697));
#2841=CARTESIAN_POINT('Ctrl Pts',(38.4357924156864,-10.7557330771499,93.2233485040999));
#2842=CARTESIAN_POINT('Ctrl Pts',(39.2595649440207,-9.25136501903418,93.1902885034147));
#2843=CARTESIAN_POINT('Ctrl Pts',(40.4478148965221,-6.66918070601081,93.139227861787));
#2844=CARTESIAN_POINT('Ctrl Pts',(41.4530228563279,-3.26459781089587,93.0874613126713));
#2845=CARTESIAN_POINT('Ctrl Pts',(41.6764487117443,-1.00245757591789,93.0724019529285));
#2846=CARTESIAN_POINT('Ctrl Pts',(41.6764487117443,-8.77076189453874E-15,
93.0724019529285));
#2847=CARTESIAN_POINT('Origin',(109.699402060537,-47.3665202071495,30.9321161439436));
#2848=CARTESIAN_POINT('',(3.89364200036016,-47.3665202071495,30.9321161439435));
#2849=CARTESIAN_POINT('',(4.88890222112149,-52.4732246534701,22.0870445836785));
#2850=CARTESIAN_POINT('',(109.699402060537,-47.3665202071495,30.9321161439436));
#2851=CARTESIAN_POINT('',(109.699402060537,-47.3665202071495,30.9321161439436));
#2852=CARTESIAN_POINT('',(109.699402060537,-29.0042150286322,62.7365616572203));
#2853=CARTESIAN_POINT('',(109.699402060537,-47.3665202071495,30.9321161439436));
#2854=CARTESIAN_POINT('',(109.699402060537,-29.0042150286322,62.7365616572203));
#2855=CARTESIAN_POINT('Origin',(109.699402060537,-47.3665202071493,-5.00000000000001));
#2856=CARTESIAN_POINT('',(7.93677558070294,-47.3665202071494,-4.99999999999997));
#2857=CARTESIAN_POINT('',(9.20909097340612,-47.3665202071492,-16.3073148719618));
#2858=CARTESIAN_POINT('',(109.699402060537,-47.3665202071493,-5.00000000000001));
#2859=CARTESIAN_POINT('',(109.699402060537,-47.3665202071493,-5.00000000000001));
#2860=CARTESIAN_POINT('',(109.699402060537,-47.3665202071493,-5.00000000000001));
#2861=CARTESIAN_POINT('Origin',(109.699402060537,47.3665202071492,-4.99999999999999));
#2862=CARTESIAN_POINT('',(3.89364200036021,47.3665202071493,30.9321161439434));
#2863=CARTESIAN_POINT('',(7.93677558070297,47.3665202071493,-4.99999999999995));
#2864=CARTESIAN_POINT('',(9.20909097340616,47.3665202071493,-16.3073148719618));
#2865=CARTESIAN_POINT('',(109.699402060537,47.3665202071492,30.9321161439435));
#2866=CARTESIAN_POINT('',(109.699402060537,47.3665202071492,30.9321161439435));
#2867=CARTESIAN_POINT('',(109.699402060537,47.3665202071492,-4.99999999999999));
#2868=CARTESIAN_POINT('',(109.699402060537,47.3665202071492,-4.99999999999999));
#2869=CARTESIAN_POINT('',(109.699402060537,47.3665202071492,-4.99999999999999));
#2870=CARTESIAN_POINT('Origin',(109.699402060537,47.3665202071492,30.9321161439435));
#2871=CARTESIAN_POINT('',(4.88890222112153,52.4732246534698,22.0870445836783));
#2872=CARTESIAN_POINT('',(109.699402060537,29.004215028632,62.7365616572203));
#2873=CARTESIAN_POINT('',(109.699402060537,29.004215028632,62.7365616572203));
#2874=CARTESIAN_POINT('',(109.699402060537,47.3665202071492,30.9321161439435));
#2875=CARTESIAN_POINT('Origin',(-7.79247746260388,-1.72352596405676E-14,
175.));
#2876=CARTESIAN_POINT('Ctrl Pts',(-5.30059791981173,0.201336395651663,175.));
#2877=CARTESIAN_POINT('Ctrl Pts',(-5.2873819358339,0.0377663296908868,175.));
#2878=CARTESIAN_POINT('Ctrl Pts',(-5.29349529593065,-0.087416171515081,
175.000000000001));
#2879=CARTESIAN_POINT('Ctrl Pts',(-5.29858275863607,-0.178368984362592,
175.000000000001));
#2880=CARTESIAN_POINT('Ctrl Pts',(-5.30484476197943,-0.28797264359597,175.000000000001));
#2881=CARTESIAN_POINT('Ctrl Pts',(-5.3832476494757,-0.73539775965707,175.000000000001));
#2882=CARTESIAN_POINT('Ctrl Pts',(-5.49234935409263,-1.02644888100584,175.));
#2883=CARTESIAN_POINT('Ctrl Pts',(-5.82460016387312,-1.57832545395444,175.));
#2884=CARTESIAN_POINT('Ctrl Pts',(-6.04075881225178,-1.80601508904918,175.));
#2885=CARTESIAN_POINT('Ctrl Pts',(-6.56662001120164,-2.21186323071656,175.));
#2886=CARTESIAN_POINT('Ctrl Pts',(-6.87767214787538,-2.34304062769381,175.));
#2887=CARTESIAN_POINT('Ctrl Pts',(-7.38513202722237,-2.47899562827357,175.));
#2888=CARTESIAN_POINT('Ctrl Pts',(-7.62855953388713,-2.50677698846314,175.));
#2889=CARTESIAN_POINT('Ctrl Pts',(-8.06635641317461,-2.49202970386069,175.));
#2890=CARTESIAN_POINT('Ctrl Pts',(-8.32848116878037,-2.46187478675144,175.));
#2891=CARTESIAN_POINT('Ctrl Pts',(-8.62046304418488,-2.3591748421375,175.));
#2892=CARTESIAN_POINT('Origin',(-4.37187712515804,46.4216723868057,-5.));
#2893=CARTESIAN_POINT('',(7.93677558070298,70.,-4.99999999999995));
#2894=CARTESIAN_POINT('',(7.93677558070298,70.,-4.99999999999995));
#2895=CARTESIAN_POINT('',(109.699402060537,10.6419098501151,-4.99999999999994));
#2896=CARTESIAN_POINT('',(109.699402060537,10.6419098501151,-4.99999999999994));
#2897=CARTESIAN_POINT('',(109.699402060537,10.6419098501151,-4.99999999999994));
#2898=CARTESIAN_POINT('',(109.699402060537,-10.6419098501152,-4.99999999999994));
#2899=CARTESIAN_POINT('',(109.699402060537,-10.6419098501152,-4.99999999999994));
#2900=CARTESIAN_POINT('',(109.699402060537,-10.6419098501152,-4.99999999999994));
#2901=CARTESIAN_POINT('',(7.93677558070293,-70.,-4.99999999999997));
#2902=CARTESIAN_POINT('',(7.93677558070298,70.,-4.99999999999995));
#2903=CARTESIAN_POINT('',(-31.332170275307,-70.,-4.99999999999999));
#2904=CARTESIAN_POINT('',(-31.332170275307,-70.,-4.99999999999999));
#2905=CARTESIAN_POINT('',(-31.332170275307,70.,-4.99999999999997));
#2906=CARTESIAN_POINT('',(-31.332170275307,70.,-4.99999999999997));
#2907=CARTESIAN_POINT('',(-31.332170275307,70.,-4.99999999999997));
#2908=CARTESIAN_POINT('',(-31.332170275307,70.,-4.99999999999997));
#2909=CARTESIAN_POINT('Ctrl Pts',(-5.30059793946269,43.0385561616586,100.803759331542));
#2910=CARTESIAN_POINT('Ctrl Pts',(-5.30059793946271,28.7594829873944,125.535839554361));
#2911=CARTESIAN_POINT('Ctrl Pts',(-5.30059793946271,14.4804098131302,150.267919777181));
#2912=CARTESIAN_POINT('Ctrl Pts',(-5.30059793945158,0.201336638727804,175.));
#2913=CARTESIAN_POINT('Ctrl Pts',(-6.19047989779319,44.0124396509587,100.803759331542));
#2914=CARTESIAN_POINT('Ctrl Pts',(-5.70373854539574,29.5462684025436,125.535839554361));
#2915=CARTESIAN_POINT('Ctrl Pts',(-5.41373929242243,14.9201731275716,150.267919777181));
#2916=CARTESIAN_POINT('Ctrl Pts',(-5.31021374123728,0.320348358121473,175.));
#2917=CARTESIAN_POINT('Ctrl Pts',(-7.95111599466332,45.4800381946767,100.798422245158));
#2918=CARTESIAN_POINT('Ctrl Pts',(-6.55144474430019,30.7767420435482,125.532281496772));
#2919=CARTESIAN_POINT('Ctrl Pts',(-5.69281426735346,15.6336548193884,150.266140748386));
#2920=CARTESIAN_POINT('Ctrl Pts',(-5.34698647034375,0.562811485656151,175.));
#2921=CARTESIAN_POINT('Ctrl Pts',(-10.7841647914298,46.4377067696635,100.776406763826));
#2922=CARTESIAN_POINT('Ctrl Pts',(-8.10211656747213,31.7282672983206,125.517604509217));
#2923=CARTESIAN_POINT('Ctrl Pts',(-6.34383398221687,16.2679345460348,150.258802254609));
#2924=CARTESIAN_POINT('Ctrl Pts',(-5.46110369993044,0.930950027222701,175.));
#2925=CARTESIAN_POINT('Ctrl Pts',(-13.8724486917443,46.3024807338178,100.742382838131));
#2926=CARTESIAN_POINT('Ctrl Pts',(-9.96251337330561,31.8900860843634,125.494921892087));
#2927=CARTESIAN_POINT('Ctrl Pts',(-7.23917884201884,16.5131496497377,150.247460946043));
#2928=CARTESIAN_POINT('Ctrl Pts',(-5.64051382469895,1.29465720224768,175.));
#2929=CARTESIAN_POINT('Ctrl Pts',(-17.2262154400674,45.2091045209268,100.698351875466));
#2930=CARTESIAN_POINT('Ctrl Pts',(-12.1269821996784,31.3541672763037,125.465567916977));
#2931=CARTESIAN_POINT('Ctrl Pts',(-8.37112860691999,16.4072487878468,150.232783958489));
#2932=CARTESIAN_POINT('Ctrl Pts',(-5.88854075925049,1.63970859573216,175.));
#2933=CARTESIAN_POINT('Ctrl Pts',(-20.8196120913164,43.2824885078747,100.646315283226));
#2934=CARTESIAN_POINT('Ctrl Pts',(-14.5658029581061,30.2059237108332,125.430876855484));
#2935=CARTESIAN_POINT('Ctrl Pts',(-9.71992947389983,15.984902598744,150.215438427742));
#2936=CARTESIAN_POINT('Ctrl Pts',(-6.20850841818624,1.95187979267717,175.));
#2937=CARTESIAN_POINT('Ctrl Pts',(-24.6076152314112,40.6400938070893,100.588274468805));
#2938=CARTESIAN_POINT('Ctrl Pts',(-17.2338607479598,28.5243187946703,125.392182979203));
#2939=CARTESIAN_POINT('Ctrl Pts',(-11.2542084846468,15.2753321253209,150.196091489602));
#2940=CARTESIAN_POINT('Ctrl Pts',(-6.59589721766958,2.21249661707643,175.));
#2941=CARTESIAN_POINT('Ctrl Pts',(-28.5317961023175,37.3944289298344,100.526230839596));
#2942=CARTESIAN_POINT('Ctrl Pts',(-20.0771037726416,26.385014200424,125.350820559731));
#2943=CARTESIAN_POINT('Ctrl Pts',(-12.9381242328646,14.3061075434145,150.175410279865));
#2944=CARTESIAN_POINT('Ctrl Pts',(-7.04618757386382,2.40288489292361,175.));
#2945=CARTESIAN_POINT('Ctrl Pts',(-32.5173567239661,33.6545884783585,100.462185802993));
#2946=CARTESIAN_POINT('Ctrl Pts',(-23.026262540927,23.8617989761702,125.308123868662));
#2947=CARTESIAN_POINT('Ctrl Pts',(-14.7217691450398,13.1044676888108,150.154061934331));
#2948=CARTESIAN_POINT('Ctrl Pts',(-7.54194526312405,2.50558038864354,175.));
#2949=CARTESIAN_POINT('Ctrl Pts',(-36.4794877789241,29.5255512532203,100.39814076639));
#2950=CARTESIAN_POINT('Ctrl Pts',(-26.0053933366829,21.0257183021916,125.265427177593));
#2951=CARTESIAN_POINT('Ctrl Pts',(-16.5518985352044,11.696279463399,150.132713588797));
#2952=CARTESIAN_POINT('Ctrl Pts',(-8.06573606180534,2.50311887266101,175.));
#2953=CARTESIAN_POINT('Ctrl Pts',(-40.3160366908054,25.116144425971,100.336097137181));
#2954=CARTESIAN_POINT('Ctrl Pts',(-28.9230367478394,17.9546990349354,125.22406475812));
#2955=CARTESIAN_POINT('Ctrl Pts',(-18.3615795844708,10.1173247504054,150.11203237906));
#2956=CARTESIAN_POINT('Ctrl Pts',(-8.58826517635986,2.39098439990995,175.));
#2957=CARTESIAN_POINT('Ctrl Pts',(-43.9117033771875,20.5337371103599,100.278056322759));
#2958=CARTESIAN_POINT('Ctrl Pts',(-31.6789683583026,14.7256959923144,125.185370881839));
#2959=CARTESIAN_POINT('Ctrl Pts',(-20.0794969719392,8.40289941378884,150.09268544092));
#2960=CARTESIAN_POINT('Ctrl Pts',(-9.08023781323977,2.16466102532429,175.));
#2961=CARTESIAN_POINT('Ctrl Pts',(-47.137596744573,15.9002256459145,100.226019730519));
#2962=CARTESIAN_POINT('Ctrl Pts',(-34.1645199445688,11.4321806426516,125.150679820346));
#2963=CARTESIAN_POINT('Ctrl Pts',(-21.6310387729655,6.60680539255062,150.075339910173));
#2964=CARTESIAN_POINT('Ctrl Pts',(-9.51420977881818,1.84012830351216,175.));
#2965=CARTESIAN_POINT('Ctrl Pts',(-49.8521005856581,11.3484504812834,100.181988767855));
#2966=CARTESIAN_POINT('Ctrl Pts',(-36.2625398739301,8.17492052701732,125.121325845237));
#2967=CARTESIAN_POINT('Ctrl Pts',(-22.9373513583032,4.78649266206548,150.060662922618));
#2968=CARTESIAN_POINT('Ctrl Pts',(-9.86273687946819,1.4333657890817,175.));
#2969=CARTESIAN_POINT('Ctrl Pts',(-51.9202948531277,7.0378443532532,100.147964842159));
#2970=CARTESIAN_POINT('Ctrl Pts',(-37.8659917680369,5.07644811415324,125.098643228106));
#2971=CARTESIAN_POINT('Ctrl Pts',(-23.9331154474344,3.01634876491271,150.049321614053));
#2972=CARTESIAN_POINT('Ctrl Pts',(-10.1153283646607,0.972463243378604,175.));
#2973=CARTESIAN_POINT('Ctrl Pts',(-53.2220202921845,3.14895179964487,100.125949360827));
#2974=CARTESIAN_POINT('Ctrl Pts',(-38.8776797768849,2.27337040682371,125.083966240551));
#2975=CARTESIAN_POINT('Ctrl Pts',(-24.5579320240132,1.37779851068294,150.041983120276));
#2976=CARTESIAN_POINT('Ctrl Pts',(-10.2614934838664,0.485510427748561,175.));
#2977=CARTESIAN_POINT('Ctrl Pts',(-53.5241121227075,0.962427907282328,100.120612274444));
#2978=CARTESIAN_POINT('Ctrl Pts',(-39.1135672360063,0.694760456668897,125.080408182962));
#2979=CARTESIAN_POINT('Ctrl Pts',(-24.7030223493051,0.427093006055465,150.040204091481));
#2980=CARTESIAN_POINT('Ctrl Pts',(-10.2924774626039,0.15942555544202,175.));
#2981=CARTESIAN_POINT('Ctrl Pts',(-53.5241121227075,-0.962427907282268,
100.120612274444));
#2982=CARTESIAN_POINT('Ctrl Pts',(-39.1135672360063,-0.694760456668857,
125.080408182962));
#2983=CARTESIAN_POINT('Ctrl Pts',(-24.7030223493051,-0.427093006055447,
150.040204091481));
#2984=CARTESIAN_POINT('Ctrl Pts',(-10.2924774626039,-0.159425555442051,
175.));
#2985=CARTESIAN_POINT('Ctrl Pts',(-53.2220202920967,-3.14895179721053,100.125949360827));
#2986=CARTESIAN_POINT('Ctrl Pts',(-38.8776797767878,-2.2733704052269,125.083966240552));
#2987=CARTESIAN_POINT('Ctrl Pts',(-24.5579320239462,-1.37779850988962,150.041983120276));
#2988=CARTESIAN_POINT('Ctrl Pts',(-10.2614934838664,-0.485510427748592,
175.));
#2989=CARTESIAN_POINT('Ctrl Pts',(-51.9202948526949,-7.03784435327853,100.14796484216));
#2990=CARTESIAN_POINT('Ctrl Pts',(-37.8659917675579,-5.07644811429892,125.098643228106));
#2991=CARTESIAN_POINT('Ctrl Pts',(-23.9331154471034,-3.01634876501066,150.049321614053));
#2992=CARTESIAN_POINT('Ctrl Pts',(-10.1153283646606,-0.972463243378635,
175.));
#2993=CARTESIAN_POINT('Ctrl Pts',(-49.8521005847139,-11.3484504817783,100.181988767855));
#2994=CARTESIAN_POINT('Ctrl Pts',(-36.2625398728861,-8.17492052762771,125.121325845237));
#2995=CARTESIAN_POINT('Ctrl Pts',(-22.9373513575822,-4.78649266242534,150.060662922619));
#2996=CARTESIAN_POINT('Ctrl Pts',(-9.86273687946819,-1.43336578908173,175.));
#2997=CARTESIAN_POINT('Ctrl Pts',(-47.1375967430037,-15.9002256483849,100.226019730519));
#2998=CARTESIAN_POINT('Ctrl Pts',(-34.1645199428335,-11.4321806447648,125.150679820346));
#2999=CARTESIAN_POINT('Ctrl Pts',(-21.6310387717667,-6.60680539369811,150.075339910173));
#3000=CARTESIAN_POINT('Ctrl Pts',(-9.51420977881819,-1.84012830351219,175.));
#3001=CARTESIAN_POINT('Ctrl Pts',(-43.9117033749212,-20.5337371143309,100.278056322759));
#3002=CARTESIAN_POINT('Ctrl Pts',(-31.678968355799,-14.7256959956334,125.18537088184));
#3003=CARTESIAN_POINT('Ctrl Pts',(-20.0794969702105,-8.40289941557931,150.09268544092));
#3004=CARTESIAN_POINT('Ctrl Pts',(-9.08023781323978,-2.16466102532432,175.));
#3005=CARTESIAN_POINT('Ctrl Pts',(-40.3160366878329,-25.1161444318436,100.336097137181));
#3006=CARTESIAN_POINT('Ctrl Pts',(-28.9230367445541,-17.9546990397324,125.22406475812));
#3007=CARTESIAN_POINT('Ctrl Pts',(-18.361579582202,-10.1173247529758,150.11203237906));
#3008=CARTESIAN_POINT('Ctrl Pts',(-8.58826517635987,-2.39098439990998,175.));
#3009=CARTESIAN_POINT('Ctrl Pts',(-36.4794877752587,-29.5255512607385,100.39814076639));
#3010=CARTESIAN_POINT('Ctrl Pts',(-26.0053933326392,-21.0257183082862,125.265427177593));
#3011=CARTESIAN_POINT('Ctrl Pts',(-16.551898532414,-11.6962794666573,150.132713588797));
#3012=CARTESIAN_POINT('Ctrl Pts',(-8.06573606180536,-2.50311887266104,175.));
#3013=CARTESIAN_POINT('Ctrl Pts',(-32.5173567197205,-33.6545884874371,100.462185802993));
#3014=CARTESIAN_POINT('Ctrl Pts',(-23.0262625362363,-23.8617989834812,125.308123868662));
#3015=CARTESIAN_POINT('Ctrl Pts',(-14.7217691418008,-13.1044676927116,150.154061934331));
#3016=CARTESIAN_POINT('Ctrl Pts',(-7.54194526312407,-2.50558038864357,175.));
#3017=CARTESIAN_POINT('Ctrl Pts',(-28.5317960975575,-37.394428940114,100.526230839596));
#3018=CARTESIAN_POINT('Ctrl Pts',(-20.0771037674055,-26.3850142086726,125.350820559731));
#3019=CARTESIAN_POINT('Ctrl Pts',(-12.9381242292557,-14.3061075478109,150.175410279865));
#3020=CARTESIAN_POINT('Ctrl Pts',(-7.04618757386384,-2.40288489292366,175.));
#3021=CARTESIAN_POINT('Ctrl Pts',(-24.6076152264329,-40.6400938181702,100.588274468805));
#3022=CARTESIAN_POINT('Ctrl Pts',(-17.2338607424553,-28.5243188035363,125.392182979203));
#3023=CARTESIAN_POINT('Ctrl Pts',(-11.2542084808446,-15.2753321300422,150.196091489602));
#3024=CARTESIAN_POINT('Ctrl Pts',(-6.59589721766958,-2.21249661707648,175.));
#3025=CARTESIAN_POINT('Ctrl Pts',(-20.8196120861182,-43.2824885192041,100.646315283226));
#3026=CARTESIAN_POINT('Ctrl Pts',(-14.5658029524333,-30.2059237198795,125.430876855484));
#3027=CARTESIAN_POINT('Ctrl Pts',(-9.71992947000314,-15.9849026035583,150.215438427742));
#3028=CARTESIAN_POINT('Ctrl Pts',(-6.20850841818626,-1.95187979267723,175.));
#3029=CARTESIAN_POINT('Ctrl Pts',(-17.2262154354005,-45.2091045318318,100.698351875466));
#3030=CARTESIAN_POINT('Ctrl Pts',(-12.1269821944611,-31.3541672849986,125.465567916977));
#3031=CARTESIAN_POINT('Ctrl Pts',(-8.37112860329967,-16.4072487924721,150.232783958489));
#3032=CARTESIAN_POINT('Ctrl Pts',(-5.88854075925051,-1.63970859573221,175.));
#3033=CARTESIAN_POINT('Ctrl Pts',(-13.8724486869359,-46.302480743547,100.742382838131));
#3034=CARTESIAN_POINT('Ctrl Pts',(-9.96251336823972,-31.8900860921081,125.494921892087));
#3035=CARTESIAN_POINT('Ctrl Pts',(-7.2391788385923,-16.5131496538555,150.247460946043));
#3036=CARTESIAN_POINT('Ctrl Pts',(-5.64051382469898,-1.29465720224774,175.));
#3037=CARTESIAN_POINT('Ctrl Pts',(-10.7841647888179,-46.4377067772425,100.776406763826));
#3038=CARTESIAN_POINT('Ctrl Pts',(-8.10211656428258,-31.7282673043531,125.517604509217));
#3039=CARTESIAN_POINT('Ctrl Pts',(-6.34383397992643,-16.2679345492421,150.258802254609));
#3040=CARTESIAN_POINT('Ctrl Pts',(-5.46110369993046,-0.930950027222765,
175.));
#3041=CARTESIAN_POINT('Ctrl Pts',(-7.95111599082134,-45.4800381992278,100.798422245158));
#3042=CARTESIAN_POINT('Ctrl Pts',(-6.55144474089064,-30.7767420471562,125.532281496772));
#3043=CARTESIAN_POINT('Ctrl Pts',(-5.69281426524124,-15.6336548213042,150.266140748386));
#3044=CARTESIAN_POINT('Ctrl Pts',(-5.34698647034376,-0.562811485656217,
175.));
#3045=CARTESIAN_POINT('Ctrl Pts',(-6.19047989921168,-44.012439652511,100.803759331542));
#3046=CARTESIAN_POINT('Ctrl Pts',(-5.70373854603296,-29.5462684037872,125.535839554361));
#3047=CARTESIAN_POINT('Ctrl Pts',(-5.41373929259288,-14.9201731282342,150.267919777181));
#3048=CARTESIAN_POINT('Ctrl Pts',(-5.31021374123728,-0.32034835812154,175.));
#3049=CARTESIAN_POINT('Ctrl Pts',(-5.13579377404966,-42.8581950989794,100.803759331542));
#3050=CARTESIAN_POINT('Ctrl Pts',(-5.22593719318952,-28.613772073169,125.535839554361));
#3051=CARTESIAN_POINT('Ctrl Pts',(-5.27964441178184,-14.3989666224565,150.267919777181));
#3052=CARTESIAN_POINT('Ctrl Pts',(-5.29881711428627,-0.179295932233967,
175.));
#3053=CARTESIAN_POINT('Ctrl Pts',(-4.77136031258644,-42.5011272575706,100.800474508685));
#3054=CARTESIAN_POINT('Ctrl Pts',(-5.05029329746844,-28.3435515075725,125.533649672457));
#3055=CARTESIAN_POINT('Ctrl Pts',(-5.22447220577629,-14.2711262859807,150.266824836228));
#3056=CARTESIAN_POINT('Ctrl Pts',(-5.29936438035238,-0.184713501056992,
175.));
#3057=CARTESIAN_POINT('Ctrl Pts',(-3.89697978332742,-41.677689485173,100.781586777259));
#3058=CARTESIAN_POINT('Ctrl Pts',(-4.58395617377773,-27.7270415906613,125.521057851506));
#3059=CARTESIAN_POINT('Ctrl Pts',(-5.0469068624241,-13.9584955055403,150.260528925753));
#3060=CARTESIAN_POINT('Ctrl Pts',(-5.29752423736889,-0.160035800082695,
175.));
#3061=CARTESIAN_POINT('Ctrl Pts',(-2.54378458188685,-40.5036088134198,100.736420462978));
#3062=CARTESIAN_POINT('Ctrl Pts',(-3.79777695108127,-26.8829313328171,125.490946975319));
#3063=CARTESIAN_POINT('Ctrl Pts',(-4.70961062450907,-13.5403813933677,150.245473487659));
#3064=CARTESIAN_POINT('Ctrl Pts',(-5.29714360789305,-0.15214381530959,175.));
#3065=CARTESIAN_POINT('Ctrl Pts',(-0.525937258664562,-38.8699400353686,
100.652657480131));
#3066=CARTESIAN_POINT('Ctrl Pts',(-2.54786291010358,-25.7398626374233,125.435104986754));
#3067=CARTESIAN_POINT('Ctrl Pts',(-4.13027689243805,-12.9670472390957,150.217552493377));
#3068=CARTESIAN_POINT('Ctrl Pts',(-5.29611827458673,-0.135544890719759,
175.));
#3069=CARTESIAN_POINT('Ctrl Pts',(1.8645882276608,-37.0462670402198,100.544258325858));
#3070=CARTESIAN_POINT('Ctrl Pts',(-1.01105905288844,-24.4915241990554,125.362838883905));
#3071=CARTESIAN_POINT('Ctrl Pts',(-3.38912446971053,-12.3412463678208,150.181419441953));
#3072=CARTESIAN_POINT('Ctrl Pts',(-5.29557790135024,-0.124527611298018,
175.));
#3073=CARTESIAN_POINT('Ctrl Pts',(4.61141362253385,-35.0520349827624,100.416150234445));
#3074=CARTESIAN_POINT('Ctrl Pts',(0.796839574371591,-23.1464176003139,125.27743348963));
#3075=CARTESIAN_POINT('Ctrl Pts',(-2.4962413534542,-11.6647017614532,150.138716744815));
#3076=CARTESIAN_POINT('Ctrl Pts',(-5.29504701992311,-0.113352183976987,
175.));
#3077=CARTESIAN_POINT('Ctrl Pts',(7.70286557252203,-32.9021186603493,100.273260440176));
#3078=CARTESIAN_POINT('Ctrl Pts',(2.86300250565322,-21.7120688977056,125.182173626784));
#3079=CARTESIAN_POINT('Ctrl Pts',(-1.46049128158112,-10.9417557071517,150.091086813392));
#3080=CARTESIAN_POINT('Ctrl Pts',(-5.29456622378282,-0.102492952280649,
175.));
#3081=CARTESIAN_POINT('Ctrl Pts',(11.13083596346,-30.5994583394303,100.120516177337));
#3082=CARTESIAN_POINT('Ctrl Pts',(5.17697610111129,-20.1880477938022,125.080344118225));
#3083=CARTESIAN_POINT('Ctrl Pts',(-0.289549578914265,-10.1727723151077,
150.040172059112));
#3084=CARTESIAN_POINT('Ctrl Pts',(-5.29417610640682,-0.0924242597329883,
175.));
#3085=CARTESIAN_POINT('Ctrl Pts',(14.8881666146985,-28.1272626761249,99.9628446802126));
#3086=CARTESIAN_POINT('Ctrl Pts',(7.7289643283754,-18.5604699779207,124.975229786808));
#3087=CARTESIAN_POINT('Ctrl Pts',(1.00927371115677,-9.35093927933429,149.987614893404));
#3088=CARTESIAN_POINT('Ctrl Pts',(-5.29384430588062,-0.0827216307561144,
175.));
#3089=CARTESIAN_POINT('Ctrl Pts',(18.9536494312526,-25.4412438535303,99.8051731830884));
#3090=CARTESIAN_POINT('Ctrl Pts',(10.4998045455179,-16.7971201573638,124.870115455392));
#3091=CARTESIAN_POINT('Ctrl Pts',(2.42398524046376,-8.46027880283737,149.935057727696));
#3092=CARTESIAN_POINT('Ctrl Pts',(-5.29353846028971,-0.072960589772136,
175.));
#3093=CARTESIAN_POINT('Ctrl Pts',(22.5446161941004,-22.956544218494,99.6778862973891));
#3094=CARTESIAN_POINT('Ctrl Pts',(12.9511971323499,-15.16697026577,124.785257531593));
#3095=CARTESIAN_POINT('Ctrl Pts',(3.6774487988406,-7.63724425706844,149.892628765796));
#3096=CARTESIAN_POINT('Ctrl Pts',(-5.29331311627303,-0.0648333747699681,
175.));
#3097=CARTESIAN_POINT('Ctrl Pts',(25.4484151244158,-20.7676552777105,99.5809840231148));
#3098=CARTESIAN_POINT('Ctrl Pts',(14.93466562982,-13.7296262568437,124.72065601541));
#3099=CARTESIAN_POINT('Ctrl Pts',(4.69219503461323,-6.91210933807257,149.860328007705));
#3100=CARTESIAN_POINT('Ctrl Pts',(-5.29315529636293,-0.0583691917531622,
175.));
#3101=CARTESIAN_POINT('Ctrl Pts',(27.5981777988298,-19.014944617179,99.5113868388373));
#3102=CARTESIAN_POINT('Ctrl Pts',(16.4037489884278,-12.5776935396866,124.674257892558));
#3103=CARTESIAN_POINT('Ctrl Pts',(5.44409171241294,-6.33127914236557,149.837128946279));
#3104=CARTESIAN_POINT('Ctrl Pts',(-5.29304726567512,-0.0535162592945184,
175.));
#3105=CARTESIAN_POINT('Ctrl Pts',(29.6715594980494,-17.1469034179123,99.4454850802736));
#3106=CARTESIAN_POINT('Ctrl Pts',(17.8214889916897,-11.3486519526137,124.630323386849));
#3107=CARTESIAN_POINT('Ctrl Pts',(6.17010964144067,-5.71190882652057,149.815161693425));
#3108=CARTESIAN_POINT('Ctrl Pts',(-5.29294867582526,-0.0486349419513308,
175.));
#3109=CARTESIAN_POINT('Ctrl Pts',(31.2850325307791,-15.5005246967419,99.3941597231368));
#3110=CARTESIAN_POINT('Ctrl Pts',(18.9258325070897,-10.2642085813504,124.596106482091));
#3111=CARTESIAN_POINT('Ctrl Pts',(6.73614621329139,-5.16568360635551,149.798053241046));
#3112=CARTESIAN_POINT('Ctrl Pts',(-5.29287364047628,-0.0445238653544688,
175.));
#3113=CARTESIAN_POINT('Ctrl Pts',(32.4787044952009,-14.1411656352947,99.35556305457));
#3114=CARTESIAN_POINT('Ctrl Pts',(19.743729286024,-9.36804580236063,124.570375369713));
#3115=CARTESIAN_POINT('Ctrl Pts',(7.15577983921273,-4.7144375126925,149.785187684857));
#3116=CARTESIAN_POINT('Ctrl Pts',(-5.29281743920922,-0.0411972219462037,
175.));
#3117=CARTESIAN_POINT('Ctrl Pts',(33.3189290044226,-13.1054237949119,99.3279243497518));
#3118=CARTESIAN_POINT('Ctrl Pts',(20.3199666691906,-8.68484966160432,124.551949566501));
#3119=CARTESIAN_POINT('Ctrl Pts',(7.45167116741624,-4.3704895323525,149.775974783251));
#3120=CARTESIAN_POINT('Ctrl Pts',(-5.29277728683447,-0.0386817709712727,
175.));
#3121=CARTESIAN_POINT('Ctrl Pts',(34.0990085683869,-12.0582203178569,99.3016714295763));
#3122=CARTESIAN_POINT('Ctrl Pts',(20.8555298350157,-7.99371305525435,124.534447619718));
#3123=CARTESIAN_POINT('Ctrl Pts',(7.7269461129413,-4.02259949381487,149.767223809859));
#3124=CARTESIAN_POINT('Ctrl Pts',(-5.29273921810479,-0.0361442742242637,
175.));
#3125=CARTESIAN_POINT('Ctrl Pts',(34.8146199674913,-11.006184687946,99.2768812820793));
#3126=CARTESIAN_POINT('Ctrl Pts',(21.3474579415655,-7.29901529169181,124.517920854719));
#3127=CARTESIAN_POINT('Ctrl Pts',(7.9800862715337,-3.67296160770508,149.75896042736));
#3128=CARTESIAN_POINT('Ctrl Pts',(-5.29270331808964,-0.0335831543518323,
175.));
#3129=CARTESIAN_POINT('Ctrl Pts',(35.4635840240596,-9.95462964746349,99.2536308952963));
#3130=CARTESIAN_POINT('Ctrl Pts',(21.7942195081903,-6.60425785160966,124.502420596864));
#3131=CARTESIAN_POINT('Ctrl Pts',(8.21028791958136,-3.32333117080457,149.751210298432));
#3132=CARTESIAN_POINT('Ctrl Pts',(-5.29266967185853,-0.0309968340006335,
175.));
#3133=CARTESIAN_POINT('Ctrl Pts',(36.2375876753279,-8.5640147712067,99.2247860445855));
#3134=CARTESIAN_POINT('Ctrl Pts',(22.3279621936753,-5.68499304957789,124.48319069639));
#3135=CARTESIAN_POINT('Ctrl Pts',(8.4857294501448,-2.86075227251482,149.741595348195));
#3136=CARTESIAN_POINT('Ctrl Pts',(-5.29262792868841,-0.0275127030895521,
175.));
#3137=CARTESIAN_POINT('Ctrl Pts',(37.355237989016,-6.17637357993687,99.1802356345908));
#3138=CARTESIAN_POINT('Ctrl Pts',(23.1009845500416,-4.10529019851531,124.453490423061));
#3139=CARTESIAN_POINT('Ctrl Pts',(8.88572923196575,-2.06590687794066,149.72674521153));
#3140=CARTESIAN_POINT('Ctrl Pts',(-5.2925633618713,-0.0213162308460592,
175.));
#3141=CARTESIAN_POINT('Ctrl Pts',(38.3036929634228,-3.02618414545919,99.1350693203104));
#3142=CARTESIAN_POINT('Ctrl Pts',(23.7626790444572,-2.01697494731103,124.423379546874));
#3143=CARTESIAN_POINT('Ctrl Pts',(9.23077417562831,-1.01517014293733,149.711689773437));
#3144=CARTESIAN_POINT('Ctrl Pts',(-5.29249706418123,-0.0121490287195988,
175.));
#3145=CARTESIAN_POINT('Ctrl Pts',(38.5157466608097,-0.930036923758815,99.1219300288834));
#3146=CARTESIAN_POINT('Ctrl Pts',(23.9130052863386,-0.621424302754204,124.414620019256));
#3147=CARTESIAN_POINT('Ctrl Pts',(9.31026391186732,-0.312811681749592,149.707310009628));
#3148=CARTESIAN_POINT('Ctrl Pts',(-5.29247746260388,-0.00419906074497958,
175.));
#3149=CARTESIAN_POINT('Ctrl Pts',(38.5157466608097,0.930036923758799,99.1219300288834));
#3150=CARTESIAN_POINT('Ctrl Pts',(23.9130052863386,0.62142430275419,124.414620019256));
#3151=CARTESIAN_POINT('Ctrl Pts',(9.31026391186731,0.312811681749582,149.707310009628));
#3152=CARTESIAN_POINT('Ctrl Pts',(-5.29247746260388,0.00419906074497258,
175.));
#3153=CARTESIAN_POINT('Ctrl Pts',(38.3036929634525,3.02618414650997,99.1350693203104));
#3154=CARTESIAN_POINT('Ctrl Pts',(23.7626790444913,2.01697494802121,124.423379546874));
#3155=CARTESIAN_POINT('Ctrl Pts',(9.23077417565219,1.0151701432943,149.711689773437));
#3156=CARTESIAN_POINT('Ctrl Pts',(-5.29249706418124,0.0121490287195913,
175.));
#3157=CARTESIAN_POINT('Ctrl Pts',(37.3552379891432,6.17637358053646,99.1802356345908));
#3158=CARTESIAN_POINT('Ctrl Pts',(23.1009845501876,4.10529019895639,124.453490423061));
#3159=CARTESIAN_POINT('Ctrl Pts',(8.88572923206806,2.06590687816926,149.72674521153));
#3160=CARTESIAN_POINT('Ctrl Pts',(-5.29256336187132,0.0213162308460501,
175.));
#3161=CARTESIAN_POINT('Ctrl Pts',(36.2375876755473,8.5640147723708,99.2247860445855));
#3162=CARTESIAN_POINT('Ctrl Pts',(22.3279621939273,5.68499305042543,124.48319069639));
#3163=CARTESIAN_POINT('Ctrl Pts',(8.48572945032149,2.86075227295252,149.741595348195));
#3164=CARTESIAN_POINT('Ctrl Pts',(-5.29262792868842,0.0275127030895418,
175.));
#3165=CARTESIAN_POINT('Ctrl Pts',(35.4635840243376,9.95462964859722,99.2536308952964));
#3166=CARTESIAN_POINT('Ctrl Pts',(21.7942195085096,6.60425785245608,124.502420596864));
#3167=CARTESIAN_POINT('Ctrl Pts',(8.21028791980528,3.32333117124545,149.751210298432));
#3168=CARTESIAN_POINT('Ctrl Pts',(-5.29266967185853,0.0309968340006226,
175.));
#3169=CARTESIAN_POINT('Ctrl Pts',(34.8146199678159,11.0061846892865,99.2768812820793));
#3170=CARTESIAN_POINT('Ctrl Pts',(21.3474579419383,7.29901529269129,124.51792085472));
#3171=CARTESIAN_POINT('Ctrl Pts',(7.98008627179521,3.67296160822545,149.75896042736));
#3172=CARTESIAN_POINT('Ctrl Pts',(-5.29270331808963,0.0335831543518208,
175.));
#3173=CARTESIAN_POINT('Ctrl Pts',(34.0990085687605,12.0582203192615,99.3016714295764));
#3174=CARTESIAN_POINT('Ctrl Pts',(20.8555298354449,7.9937130563126,124.534447619718));
#3175=CARTESIAN_POINT('Ctrl Pts',(7.72694611324238,4.02259949436774,149.767223809859));
#3176=CARTESIAN_POINT('Ctrl Pts',(-5.29273921810477,0.0361442742242516,
175.));
#3177=CARTESIAN_POINT('Ctrl Pts',(33.318929004847,13.1054237964667,99.3279243497519));
#3178=CARTESIAN_POINT('Ctrl Pts',(20.3199666696784,8.68484966277947,124.551949566501));
#3179=CARTESIAN_POINT('Ctrl Pts',(7.45167116775851,4.37048953296709,149.775974783251));
#3180=CARTESIAN_POINT('Ctrl Pts',(-5.29277728683446,0.03868177097126,175.));
#3181=CARTESIAN_POINT('Ctrl Pts',(32.4787044956783,14.1411656369633,99.35556305457));
#3182=CARTESIAN_POINT('Ctrl Pts',(19.7437292865728,9.368045803629,124.570375369713));
#3183=CARTESIAN_POINT('Ctrl Pts',(7.15577983959782,4.71443751335708,149.785187684857));
#3184=CARTESIAN_POINT('Ctrl Pts',(-5.29281743920919,0.0411972219461907,
175.));
#3185=CARTESIAN_POINT('Ctrl Pts',(31.285032531329,15.5005246985908,99.3941597231369));
#3186=CARTESIAN_POINT('Ctrl Pts',(18.9258325077221,10.2642085827627,124.596106482091));
#3187=CARTESIAN_POINT('Ctrl Pts',(6.7361462137352,5.16568360709671,149.798053241046));
#3188=CARTESIAN_POINT('Ctrl Pts',(-5.29287364047625,0.0445238653544549,
175.));
#3189=CARTESIAN_POINT('Ctrl Pts',(29.6715594986934,17.1469034199836,99.4454850802737));
#3190=CARTESIAN_POINT('Ctrl Pts',(17.8214889924305,11.3486519542053,124.630323386849));
#3191=CARTESIAN_POINT('Ctrl Pts',(6.17010964196069,5.71190882735744,149.815161693425));
#3192=CARTESIAN_POINT('Ctrl Pts',(-5.29294867582523,0.0486349419513157,
175.));
#3193=CARTESIAN_POINT('Ctrl Pts',(27.5981777995895,19.0149446195303,99.5113868388374));
#3194=CARTESIAN_POINT('Ctrl Pts',(16.4037489893023,12.5776935415031,124.674257892558));
#3195=CARTESIAN_POINT('Ctrl Pts',(5.44409171302697,6.33127914332237,149.837128946279));
#3196=CARTESIAN_POINT('Ctrl Pts',(-5.29304726567511,0.0535162592945018,
175.));
#3197=CARTESIAN_POINT('Ctrl Pts',(25.4484151252926,20.7676552803418,99.5809840231149));
#3198=CARTESIAN_POINT('Ctrl Pts',(14.9346656308299,13.7296262588856,124.72065601541));
#3199=CARTESIAN_POINT('Ctrl Pts',(4.6921950353224,6.91210933914961,149.860328007705));
#3200=CARTESIAN_POINT('Ctrl Pts',(-5.29315529636293,0.0583691917531444,
175.));
#3201=CARTESIAN_POINT('Ctrl Pts',(22.5446161951305,22.9565442214962,99.6778862973892));
#3202=CARTESIAN_POINT('Ctrl Pts',(12.9511971335378,15.1669702681105,124.785257531593));
#3203=CARTESIAN_POINT('Ctrl Pts',(3.67744879967524,7.63724425830476,149.892628765796));
#3204=CARTESIAN_POINT('Ctrl Pts',(-5.29331311627304,0.0648333747699484,
175.));
#3205=CARTESIAN_POINT('Ctrl Pts',(18.9536494324684,25.441243856976,99.8051731830883));
#3206=CARTESIAN_POINT('Ctrl Pts',(10.4998045469211,16.7971201600618,124.870115455392));
#3207=CARTESIAN_POINT('Ctrl Pts',(2.42398524144999,8.46027880426453,149.935057727696));
#3208=CARTESIAN_POINT('Ctrl Pts',(-5.29353846028971,0.0729605897721142,
175.));
#3209=CARTESIAN_POINT('Ctrl Pts',(14.8881666161026,28.1272626800303,99.9628446802124));
#3210=CARTESIAN_POINT('Ctrl Pts',(7.72896433000052,18.5604699809905,124.975229786808));
#3211=CARTESIAN_POINT('Ctrl Pts',(1.00927371230029,9.35093928096002,149.987614893404));
#3212=CARTESIAN_POINT('Ctrl Pts',(-5.2938443058806,0.0827216307560892,175.));
#3213=CARTESIAN_POINT('Ctrl Pts',(11.1308359650113,30.5994583436824,100.120516177337));
#3214=CARTESIAN_POINT('Ctrl Pts',(5.17697610290953,20.1880477971537,125.080344118225));
#3215=CARTESIAN_POINT('Ctrl Pts',(-0.28954957764818,10.1727723168842,150.040172059112));
#3216=CARTESIAN_POINT('Ctrl Pts',(-5.29417610640683,0.09242425973296,175.));
#3217=CARTESIAN_POINT('Ctrl Pts',(7.70286557414326,32.9021186647931,100.273260440176));
#3218=CARTESIAN_POINT('Ctrl Pts',(2.86300250754359,21.7120689012158,125.182173626784));
#3219=CARTESIAN_POINT('Ctrl Pts',(-1.46049128024713,10.9417557090136,150.091086813392));
#3220=CARTESIAN_POINT('Ctrl Pts',(-5.29456622378285,0.102492952280617,175.));
#3221=CARTESIAN_POINT('Ctrl Pts',(4.61141362417153,35.0520349872039,100.416150234445));
#3222=CARTESIAN_POINT('Ctrl Pts',(0.796839576280974,23.146417603828,125.27743348963));
#3223=CARTESIAN_POINT('Ctrl Pts',(-2.49624135210681,11.6647017633181,150.138716744815));
#3224=CARTESIAN_POINT('Ctrl Pts',(-5.29504701992311,0.113352183976951,175.));
#3225=CARTESIAN_POINT('Ctrl Pts',(1.86458822915206,37.0462670444203,100.544258325858));
#3226=CARTESIAN_POINT('Ctrl Pts',(-1.01105905111416,24.4915242023834,125.362838883905));
#3227=CARTESIAN_POINT('Ctrl Pts',(-3.38912446844868,12.3412463695877,150.181419441952));
#3228=CARTESIAN_POINT('Ctrl Pts',(-5.29557790135021,0.124527611297978,175.));
#3229=CARTESIAN_POINT('Ctrl Pts',(-0.525937257303379,38.8699400390561,100.652657480131));
#3230=CARTESIAN_POINT('Ctrl Pts',(-2.54786290850707,25.7398626403478,125.435104986755));
#3231=CARTESIAN_POINT('Ctrl Pts',(-4.13027689130885,12.9670472406488,150.217552493378));
#3232=CARTESIAN_POINT('Ctrl Pts',(-5.29611827458678,0.135544890719715,175.000000000001));
#3233=CARTESIAN_POINT('Ctrl Pts',(-2.54378458104758,40.5036088162663,100.736420462978));
#3234=CARTESIAN_POINT('Ctrl Pts',(-3.79777694998531,26.8829313350777,125.490946975318));
#3235=CARTESIAN_POINT('Ctrl Pts',(-4.70961062370338,13.5403813945687,150.245473487659));
#3236=CARTESIAN_POINT('Ctrl Pts',(-5.29714360789298,0.152143815309542,174.999999999999));
#3237=CARTESIAN_POINT('Ctrl Pts',(-3.89697978264636,41.677689487035,100.781586777259));
#3238=CARTESIAN_POINT('Ctrl Pts',(-4.58395617297247,27.7270415921402,125.521057851506));
#3239=CARTESIAN_POINT('Ctrl Pts',(-5.04690686185277,13.958495506326,150.260528925753));
#3240=CARTESIAN_POINT('Ctrl Pts',(-5.29752423736892,0.160035800082642,175.));
#3241=CARTESIAN_POINT('Ctrl Pts',(-4.77136031262958,42.5011272584252,100.800474508685));
#3242=CARTESIAN_POINT('Ctrl Pts',(-5.05029329733297,28.3435515082533,125.533649672457));
#3243=CARTESIAN_POINT('Ctrl Pts',(-5.22447220562965,14.2711262863427,150.266824836228));
#3244=CARTESIAN_POINT('Ctrl Pts',(-5.29936438035238,0.184713501056935,175.));
#3245=CARTESIAN_POINT('Ctrl Pts',(-5.13579377431235,42.8581950992668,100.803759331542));
#3246=CARTESIAN_POINT('Ctrl Pts',(-5.22593719330752,28.6137720733992,125.535839554361));
#3247=CARTESIAN_POINT('Ctrl Pts',(-5.2796444118134,14.3989666225791,150.267919777181));
#3248=CARTESIAN_POINT('Ctrl Pts',(-5.29881711428627,0.179295932233903,175.));
#3249=CARTESIAN_POINT('Ctrl Pts',(-5.30059793946269,43.0385561616586,100.803759331542));
#3250=CARTESIAN_POINT('Ctrl Pts',(-5.30059793946271,28.7594829873944,125.535839554361));
#3251=CARTESIAN_POINT('Ctrl Pts',(-5.30059793946271,14.4804098131302,150.267919777181));
#3252=CARTESIAN_POINT('Ctrl Pts',(-5.30059793945158,0.201336638727804,175.));
#3253=CARTESIAN_POINT('',(-5.30059793946272,-43.0385561616587,100.803759331542));
#3254=CARTESIAN_POINT('Ctrl Pts',(-40.5489966357828,-24.7556318422828,100.33235190022));
#3255=CARTESIAN_POINT('Ctrl Pts',(-40.4581845946727,-24.8663426425363,100.333818981402));
#3256=CARTESIAN_POINT('Ctrl Pts',(-39.1314011408817,-26.4776649518501,100.355254742179));
#3257=CARTESIAN_POINT('Ctrl Pts',(-36.4794877752587,-29.5255512607385,100.39814076639));
#3258=CARTESIAN_POINT('Ctrl Pts',(-32.5173567197205,-33.6545884874371,100.462185802993));
#3259=CARTESIAN_POINT('Ctrl Pts',(-28.5317960975575,-37.394428940114,100.526230839596));
#3260=CARTESIAN_POINT('Ctrl Pts',(-24.6076152264329,-40.6400938181702,100.588274468805));
#3261=CARTESIAN_POINT('Ctrl Pts',(-20.8196120861182,-43.2824885192041,100.646315283226));
#3262=CARTESIAN_POINT('Ctrl Pts',(-17.2262154354005,-45.2091045318318,100.698351875466));
#3263=CARTESIAN_POINT('Ctrl Pts',(-13.8724486869359,-46.302480743547,100.742382838131));
#3264=CARTESIAN_POINT('Ctrl Pts',(-10.7841647888179,-46.4377067772425,100.776406763826));
#3265=CARTESIAN_POINT('Ctrl Pts',(-7.95111599082134,-45.4800381992278,100.798422245158));
#3266=CARTESIAN_POINT('Ctrl Pts',(-6.19047989921168,-44.012439652511,100.803759331542));
#3267=CARTESIAN_POINT('Ctrl Pts',(-5.30059793946272,-43.0385561616587,100.803759331542));
#3268=CARTESIAN_POINT('Ctrl Pts',(-5.30059793946272,-43.0385561616587,100.803759331542));
#3269=CARTESIAN_POINT('Ctrl Pts',(-5.13579377404966,-42.8581950989794,100.803759331542));
#3270=CARTESIAN_POINT('Ctrl Pts',(-4.77136031258644,-42.5011272575706,100.800474508685));
#3271=CARTESIAN_POINT('Ctrl Pts',(-3.89697978332742,-41.677689485173,100.781586777259));
#3272=CARTESIAN_POINT('Ctrl Pts',(-2.54378458188685,-40.5036088134198,100.736420462978));
#3273=CARTESIAN_POINT('Ctrl Pts',(-0.525937258664562,-38.8699400353686,
100.652657480131));
#3274=CARTESIAN_POINT('Ctrl Pts',(1.8645882276608,-37.0462670402198,100.544258325858));
#3275=CARTESIAN_POINT('Ctrl Pts',(4.61141362253385,-35.0520349827624,100.416150234445));
#3276=CARTESIAN_POINT('Ctrl Pts',(7.70286557252203,-32.9021186603493,100.273260440176));
#3277=CARTESIAN_POINT('Ctrl Pts',(11.13083596346,-30.5994583394303,100.120516177337));
#3278=CARTESIAN_POINT('Ctrl Pts',(14.8881666146985,-28.1272626761249,99.9628446802126));
#3279=CARTESIAN_POINT('Ctrl Pts',(18.9536494312526,-25.4412438535303,99.8051731830884));
#3280=CARTESIAN_POINT('Ctrl Pts',(22.5446161941004,-22.956544218494,99.6778862973891));
#3281=CARTESIAN_POINT('Ctrl Pts',(25.4484151244158,-20.7676552777105,99.5809840231148));
#3282=CARTESIAN_POINT('Ctrl Pts',(27.5981777988298,-19.014944617179,99.5113868388373));
#3283=CARTESIAN_POINT('Ctrl Pts',(29.6715594980494,-17.1469034179123,99.4454850802736));
#3284=CARTESIAN_POINT('Ctrl Pts',(31.2850325307791,-15.5005246967419,99.3941597231368));
#3285=CARTESIAN_POINT('Ctrl Pts',(32.4787044952009,-14.1411656352947,99.35556305457));
#3286=CARTESIAN_POINT('Ctrl Pts',(33.3189290044226,-13.1054237949119,99.3279243497518));
#3287=CARTESIAN_POINT('Ctrl Pts',(34.0990085683869,-12.0582203178569,99.3016714295763));
#3288=CARTESIAN_POINT('Ctrl Pts',(34.8146199674913,-11.006184687946,99.2768812820793));
#3289=CARTESIAN_POINT('Ctrl Pts',(35.4635840240596,-9.95462964746349,99.2536308952963));
#3290=CARTESIAN_POINT('Ctrl Pts',(36.2375876753279,-8.5640147712067,99.2247860445855));
#3291=CARTESIAN_POINT('Ctrl Pts',(37.355237989016,-6.17637357993687,99.1802356345908));
#3292=CARTESIAN_POINT('Ctrl Pts',(38.3036929634228,-3.02618414545919,99.1350693203104));
#3293=CARTESIAN_POINT('Ctrl Pts',(38.5157466608097,-0.930036923758815,99.1219300288834));
#3294=CARTESIAN_POINT('Ctrl Pts',(38.5157466608097,0.930036923758799,99.1219300288834));
#3295=CARTESIAN_POINT('Ctrl Pts',(38.3036929634525,3.02618414650997,99.1350693203104));
#3296=CARTESIAN_POINT('Ctrl Pts',(37.3552379891432,6.17637358053646,99.1802356345908));
#3297=CARTESIAN_POINT('Ctrl Pts',(36.2375876755473,8.5640147723708,99.2247860445855));
#3298=CARTESIAN_POINT('Ctrl Pts',(35.4635840243376,9.95462964859722,99.2536308952964));
#3299=CARTESIAN_POINT('Ctrl Pts',(34.8146199678159,11.0061846892865,99.2768812820793));
#3300=CARTESIAN_POINT('Ctrl Pts',(34.0990085687605,12.0582203192615,99.3016714295764));
#3301=CARTESIAN_POINT('Ctrl Pts',(33.318929004847,13.1054237964667,99.3279243497519));
#3302=CARTESIAN_POINT('Ctrl Pts',(32.4787044956783,14.1411656369633,99.35556305457));
#3303=CARTESIAN_POINT('Ctrl Pts',(31.285032531329,15.5005246985908,99.3941597231369));
#3304=CARTESIAN_POINT('Ctrl Pts',(29.6715594986934,17.1469034199836,99.4454850802737));
#3305=CARTESIAN_POINT('Ctrl Pts',(27.5981777995895,19.0149446195303,99.5113868388374));
#3306=CARTESIAN_POINT('Ctrl Pts',(25.4484151252926,20.7676552803418,99.5809840231149));
#3307=CARTESIAN_POINT('Ctrl Pts',(22.5446161951305,22.9565442214962,99.6778862973892));
#3308=CARTESIAN_POINT('Ctrl Pts',(18.9536494324684,25.441243856976,99.8051731830883));
#3309=CARTESIAN_POINT('Ctrl Pts',(14.8881666161026,28.1272626800303,99.9628446802124));
#3310=CARTESIAN_POINT('Ctrl Pts',(11.1308359650113,30.5994583436824,100.120516177337));
#3311=CARTESIAN_POINT('Ctrl Pts',(7.70286557414326,32.9021186647931,100.273260440176));
#3312=CARTESIAN_POINT('Ctrl Pts',(4.61141362417153,35.0520349872039,100.416150234445));
#3313=CARTESIAN_POINT('Ctrl Pts',(1.86458822915206,37.0462670444203,100.544258325858));
#3314=CARTESIAN_POINT('Ctrl Pts',(-0.525937257303379,38.8699400390561,100.652657480131));
#3315=CARTESIAN_POINT('Ctrl Pts',(-2.54378458104758,40.5036088162663,100.736420462978));
#3316=CARTESIAN_POINT('Ctrl Pts',(-3.89697978264636,41.677689487035,100.781586777259));
#3317=CARTESIAN_POINT('Ctrl Pts',(-4.77136031262958,42.5011272584252,100.800474508685));
#3318=CARTESIAN_POINT('Ctrl Pts',(-5.13579377431235,42.8581950992668,100.803759331542));
#3319=CARTESIAN_POINT('Ctrl Pts',(-5.30059793946269,43.0385561616586,100.803759331542));
#3320=CARTESIAN_POINT('Ctrl Pts',(-5.30059793946268,45.7886673759904,96.0404269818543));
#3321=CARTESIAN_POINT('Ctrl Pts',(-5.30059793946268,44.8719636378798,97.6282044317501));
#3322=CARTESIAN_POINT('Ctrl Pts',(-5.30059793946268,43.9552598997692,99.2159818816459));
#3323=CARTESIAN_POINT('Ctrl Pts',(-5.30059793946269,43.0385561616586,100.803759331542));
#3324=CARTESIAN_POINT('Ctrl Pts',(-6.30212564966679,46.7715077773704,96.0404269818543));
#3325=CARTESIAN_POINT('Ctrl Pts',(-6.26444344323011,45.8528934047601,97.6282044317501));
#3326=CARTESIAN_POINT('Ctrl Pts',(-6.22721614358283,44.9332009581558,99.2159818816459));
#3327=CARTESIAN_POINT('Ctrl Pts',(-6.19047989779319,44.0124396509587,100.803759331542));
#3328=CARTESIAN_POINT('Ctrl Pts',(-8.25763860640212,48.2373900096639,96.0299696330626));
#3329=CARTESIAN_POINT('Ctrl Pts',(-8.15418027400576,47.3212289958672,97.6194538370944));
#3330=CARTESIAN_POINT('Ctrl Pts',(-8.05197293528028,46.4021032785871,99.2089380411263));
#3331=CARTESIAN_POINT('Ctrl Pts',(-7.95111599466332,45.4800381946767,100.798422245158));
#3332=CARTESIAN_POINT('Ctrl Pts',(-11.321848855838,49.1435672311643,95.9868330692969));
#3333=CARTESIAN_POINT('Ctrl Pts',(-11.1404283309069,48.2466612183647,97.5833576341399));
#3334=CARTESIAN_POINT('Ctrl Pts',(-10.9611437355104,47.3446933112652,99.1798821989829));
#3335=CARTESIAN_POINT('Ctrl Pts',(-10.7841647914298,46.4377067696635,100.776406763826));
#3336=CARTESIAN_POINT('Ctrl Pts',(-14.5922677550338,48.9149570769103,95.9201674707502));
#3337=CARTESIAN_POINT('Ctrl Pts',(-14.3495117400286,48.0506152402138,97.5275725932103));
#3338=CARTESIAN_POINT('Ctrl Pts',(-14.109499381597,47.1797712697411,99.1349777156704));
#3339=CARTESIAN_POINT('Ctrl Pts',(-13.8724486917443,46.3024807338178,100.742382838131));
#3340=CARTESIAN_POINT('Ctrl Pts',(-18.0880680607616,47.692638539658,95.833894343219));
#3341=CARTESIAN_POINT('Ctrl Pts',(-17.7975954212086,46.8721341206529,97.4553801873013));
#3342=CARTESIAN_POINT('Ctrl Pts',(-17.5102289420771,46.0442684776576,99.0768660313837));
#3343=CARTESIAN_POINT('Ctrl Pts',(-17.2262154400674,45.2091045209268,100.698351875466));
#3344=CARTESIAN_POINT('Ctrl Pts',(-21.790004208241,45.6072252175943,95.7319351925004));
#3345=CARTESIAN_POINT('Ctrl Pts',(-21.4631985167354,44.8400059702399,97.370061889409));
#3346=CARTESIAN_POINT('Ctrl Pts',(-21.1396482519415,44.065071755866,99.0081885863176));
#3347=CARTESIAN_POINT('Ctrl Pts',(-20.8196120913164,43.2824885078747,100.646315283226));
#3348=CARTESIAN_POINT('Ctrl Pts',(-25.6589329823058,42.781688879009,95.6182115243912));
#3349=CARTESIAN_POINT('Ctrl Pts',(-25.3051849123074,42.075441258116,97.274899172529));
#3350=CARTESIAN_POINT('Ctrl Pts',(-24.9546602833871,41.3615544722812,98.9315868206669));
#3351=CARTESIAN_POINT('Ctrl Pts',(-24.6076152314112,40.6400938070893,100.588274468805));
#3352=CARTESIAN_POINT('Ctrl Pts',(-29.6414452127326,39.3337307384587,95.4966448446882));
#3353=CARTESIAN_POINT('Ctrl Pts',(-29.2684394089338,38.6944858838787,97.1731735096574));
#3354=CARTESIAN_POINT('Ctrl Pts',(-28.8984757942892,38.0480314094638,98.8497021746265));
#3355=CARTESIAN_POINT('Ctrl Pts',(-28.5317961023175,37.3944289298344,100.526230839596));
#3356=CARTESIAN_POINT('Ctrl Pts',(-33.6675407261714,35.3773412542255,95.3711566591884));
#3357=CARTESIAN_POINT('Ctrl Pts',(-33.2813297315276,34.8095739399375,97.0681663737899));
#3358=CARTESIAN_POINT('Ctrl Pts',(-32.8978623934574,34.2353044918732,98.7651760883913));
#3359=CARTESIAN_POINT('Ctrl Pts',(-32.5173567239661,33.6545884783585,100.462185802993));
#3360=CARTESIAN_POINT('Ctrl Pts',(-37.6565652929954,31.0221308521107,95.2456684736885));
#3361=CARTESIAN_POINT('Ctrl Pts',(-37.2617837883627,30.5288475631516,96.9631592379222));
#3362=CARTESIAN_POINT('Ctrl Pts',(-36.8693621127001,30.0299717653486,98.680650002156));
#3363=CARTESIAN_POINT('Ctrl Pts',(-36.4794877789241,29.5255512532203,100.39814076639));
#3364=CARTESIAN_POINT('Ctrl Pts',(-41.5101694408876,26.3809741224636,95.1241017939854));
#3365=CARTESIAN_POINT('Ctrl Pts',(-41.1101515729354,25.9639077904094,96.8614335750505));
#3366=CARTESIAN_POINT('Ctrl Pts',(-40.7120563969603,25.5422849112399,98.5987653561155));
#3367=CARTESIAN_POINT('Ctrl Pts',(-40.3160366908054,25.116144425971,100.336097137181));
#3368=CARTESIAN_POINT('Ctrl Pts',(-45.1160121333548,21.565193991824,95.0103781258763));
#3369=CARTESIAN_POINT('Ctrl Pts',(-44.7130728672786,21.2248351967924,96.7662708581706));
#3370=CARTESIAN_POINT('Ctrl Pts',(-44.3115978324309,20.8810063510928,98.5221635904649));
#3371=CARTESIAN_POINT('Ctrl Pts',(-43.9117033771875,20.5337371103599,100.278056322759));
#3372=CARTESIAN_POINT('Ctrl Pts',(-48.3471699852017,16.7002574546586,94.9084189751577));
#3373=CARTESIAN_POINT('Ctrl Pts',(-47.9429355505994,16.4359821445931,96.6809525602783));
#3374=CARTESIAN_POINT('Ctrl Pts',(-47.5397175483546,16.1692980129474,98.4534861453989));
#3375=CARTESIAN_POINT('Ctrl Pts',(-47.137596744573,15.9002256459145,100.226019730519));
#3376=CARTESIAN_POINT('Ctrl Pts',(-51.0631775564916,11.9232782165812,94.8221458476265));
#3377=CARTESIAN_POINT('Ctrl Pts',(-50.6588577610079,11.7331135065754,96.6087601543693));
#3378=CARTESIAN_POINT('Ctrl Pts',(-50.2551492465224,11.5415001346402,98.3953744611121));
#3379=CARTESIAN_POINT('Ctrl Pts',(-49.8521005856581,11.3484504812834,100.181988767855));
#3380=CARTESIAN_POINT('Ctrl Pts',(-53.1296070588665,7.39889200802877,94.7554802490797));
#3381=CARTESIAN_POINT('Ctrl Pts',(-52.7262147909966,7.27920626809806,96.5529751134396));
#3382=CARTESIAN_POINT('Ctrl Pts',(-52.3231032859108,7.1588551543742,98.3504699777996));
#3383=CARTESIAN_POINT('Ctrl Pts',(-51.9202948531277,7.0378443532532,100.147964842159));
#3384=CARTESIAN_POINT('Ctrl Pts',(-54.4277391261756,3.31420171923337,94.7123436853142));
#3385=CARTESIAN_POINT('Ctrl Pts',(-54.025774478702,3.2592527880614,96.5168789104852));
#3386=CARTESIAN_POINT('Ctrl Pts',(-53.6238666945772,3.20416909764019,98.3214141356562));
#3387=CARTESIAN_POINT('Ctrl Pts',(-53.2220202921845,3.14895179964487,100.125949360827));
#3388=CARTESIAN_POINT('Ctrl Pts',(-54.7280669895669,1.01397994071334,94.7018863365225));
#3389=CARTESIAN_POINT('Ctrl Pts',(-54.3267487006138,0.996795929569668,96.5081283158296));
#3390=CARTESIAN_POINT('Ctrl Pts',(-53.9254304116606,0.979611918425998,98.3143702951367));
#3391=CARTESIAN_POINT('Ctrl Pts',(-53.5241121227075,0.962427907282328,100.120612274444));
#3392=CARTESIAN_POINT('Ctrl Pts',(-54.7280669895669,-1.01397994071329,94.7018863365225));
#3393=CARTESIAN_POINT('Ctrl Pts',(-54.3267487006138,-0.996795929569613,
96.5081283158296));
#3394=CARTESIAN_POINT('Ctrl Pts',(-53.9254304116606,-0.979611918425941,
98.3143702951367));
#3395=CARTESIAN_POINT('Ctrl Pts',(-53.5241121227075,-0.962427907282268,
100.120612274444));
#3396=CARTESIAN_POINT('Ctrl Pts',(-54.4277391260932,-3.31420171663223,94.7123436853142));
#3397=CARTESIAN_POINT('Ctrl Pts',(-54.0257744786177,-3.25925278551608,96.5168789104853));
#3398=CARTESIAN_POINT('Ctrl Pts',(-53.6238666944911,-3.20416909515047,98.3214141356563));
#3399=CARTESIAN_POINT('Ctrl Pts',(-53.2220202920967,-3.14895179721053,100.125949360827));
#3400=CARTESIAN_POINT('Ctrl Pts',(-53.1296070584602,-7.39889200800376,94.7554802490799));
#3401=CARTESIAN_POINT('Ctrl Pts',(-52.726214790581,-7.2792062680909,96.5529751134398));
#3402=CARTESIAN_POINT('Ctrl Pts',(-52.3231032854863,-7.15885515438384,98.3504699777997));
#3403=CARTESIAN_POINT('Ctrl Pts',(-51.9202948526949,-7.03784435327853,100.14796484216));
#3404=CARTESIAN_POINT('Ctrl Pts',(-51.0631775556052,-11.9232782169947,94.8221458476266));
#3405=CARTESIAN_POINT('Ctrl Pts',(-50.6588577601012,-11.7331135070184,96.6087601543694));
#3406=CARTESIAN_POINT('Ctrl Pts',(-50.2551492455964,-11.5415001351104,98.3953744611122));
#3407=CARTESIAN_POINT('Ctrl Pts',(-49.8521005847139,-11.3484504817783,100.181988767855));
#3408=CARTESIAN_POINT('Ctrl Pts',(-48.3471699837286,-16.7002574570994,94.9084189751577));
#3409=CARTESIAN_POINT('Ctrl Pts',(-47.9429355490925,-16.4359821470477,96.6809525602783));
#3410=CARTESIAN_POINT('Ctrl Pts',(-47.5397175468156,-16.1692980154119,98.4534861453989));
#3411=CARTESIAN_POINT('Ctrl Pts',(-47.1375967430037,-15.9002256483849,100.226019730519));
#3412=CARTESIAN_POINT('Ctrl Pts',(-45.1160121312266,-21.5651939957789,95.0103781258763));
#3413=CARTESIAN_POINT('Ctrl Pts',(-44.7130728651021,-21.2248352007583,96.7662708581707));
#3414=CARTESIAN_POINT('Ctrl Pts',(-44.3115978302082,-20.8810063550641,98.522163590465));
#3415=CARTESIAN_POINT('Ctrl Pts',(-43.9117033749212,-20.5337371143309,100.278056322759));
#3416=CARTESIAN_POINT('Ctrl Pts',(-41.5101694380966,-26.3809741283573,95.1241017939856));
#3417=CARTESIAN_POINT('Ctrl Pts',(-41.1101515700808,-25.9639077963034,96.8614335750506));
#3418=CARTESIAN_POINT('Ctrl Pts',(-40.712056394045,-25.542284917127,98.5987653561156));
#3419=CARTESIAN_POINT('Ctrl Pts',(-40.3160366878329,-25.1161444318436,100.336097137181));
#3420=CARTESIAN_POINT('Ctrl Pts',(-37.6565652895518,-31.0221308596747,95.2456684736885));
#3421=CARTESIAN_POINT('Ctrl Pts',(-37.2617837848414,-30.5288475707093,96.9631592379222));
#3422=CARTESIAN_POINT('Ctrl Pts',(-36.8693621091046,-30.0299717728912,98.680650002156));
#3423=CARTESIAN_POINT('Ctrl Pts',(-36.4794877752587,-29.5255512607385,100.39814076639));
#3424=CARTESIAN_POINT('Ctrl Pts',(-33.6675407221845,-35.377341263379,95.3711566591883));
#3425=CARTESIAN_POINT('Ctrl Pts',(-33.28132972745,-34.8095739490765,97.0681663737898));
#3426=CARTESIAN_POINT('Ctrl Pts',(-32.8978623892932,-34.2353045009874,98.7651760883912));
#3427=CARTESIAN_POINT('Ctrl Pts',(-32.5173567197205,-33.6545884874371,100.462185802993));
#3428=CARTESIAN_POINT('Ctrl Pts',(-29.6414452082562,-39.3337307488351,95.4966448446883));
#3429=CARTESIAN_POINT('Ctrl Pts',(-29.2684394043579,-38.6944858942343,97.1731735096574));
#3430=CARTESIAN_POINT('Ctrl Pts',(-28.8984757896184,-38.0480314197874,98.8497021746266));
#3431=CARTESIAN_POINT('Ctrl Pts',(-28.5317960975575,-37.394428940114,100.526230839596));
#3432=CARTESIAN_POINT('Ctrl Pts',(-25.6589329776321,-42.7816888902045,95.6182115243914));
#3433=CARTESIAN_POINT('Ctrl Pts',(-25.3051849075269,-42.0754412692855,97.2748991725292));
#3434=CARTESIAN_POINT('Ctrl Pts',(-24.9546602785047,-41.3615544834127,98.9315868206671));
#3435=CARTESIAN_POINT('Ctrl Pts',(-24.6076152264329,-40.6400938181702,100.588274468805));
#3436=CARTESIAN_POINT('Ctrl Pts',(-21.7900042033396,-45.6072252290483,95.7319351925005));
#3437=CARTESIAN_POINT('Ctrl Pts',(-21.4631985117297,-44.8400059816648,97.3700618894091));
#3438=CARTESIAN_POINT('Ctrl Pts',(-21.1396482468366,-44.0650717672496,99.0081885863176));
#3439=CARTESIAN_POINT('Ctrl Pts',(-20.8196120861182,-43.2824885192041,100.646315283226));
#3440=CARTESIAN_POINT('Ctrl Pts',(-18.0880680563968,-47.6926385506881,95.833894343219));
#3441=CARTESIAN_POINT('Ctrl Pts',(-17.7975954167381,-46.8721341316531,97.4553801873013));
#3442=CARTESIAN_POINT('Ctrl Pts',(-17.5102289375056,-46.0442684886163,99.0768660313836));
#3443=CARTESIAN_POINT('Ctrl Pts',(-17.2262154354005,-45.2091045318318,100.698351875466));
#3444=CARTESIAN_POINT('Ctrl Pts',(-14.5922677504481,-48.9149570867563,95.9201674707502));
#3445=CARTESIAN_POINT('Ctrl Pts',(-14.3495117353642,-48.0506152500313,97.5275725932103));
#3446=CARTESIAN_POINT('Ctrl Pts',(-14.1094993768581,-47.1797712795199,99.1349777156704));
#3447=CARTESIAN_POINT('Ctrl Pts',(-13.8724486869359,-46.302480743547,100.742382838131));
#3448=CARTESIAN_POINT('Ctrl Pts',(-11.3218488534721,-49.1435672388344,95.9868330692971));
#3449=CARTESIAN_POINT('Ctrl Pts',(-11.1404283284555,-48.2466612260126,97.58335763414));
#3450=CARTESIAN_POINT('Ctrl Pts',(-10.9611437329767,-47.3446933188829,99.179882198983));
#3451=CARTESIAN_POINT('Ctrl Pts',(-10.7841647888179,-46.4377067772425,100.776406763826));
#3452=CARTESIAN_POINT('Ctrl Pts',(-8.25763860255579,-48.2373900142755,96.0299696330626));
#3453=CARTESIAN_POINT('Ctrl Pts',(-8.15418027015885,-47.3212290004634,97.6194538370945));
#3454=CARTESIAN_POINT('Ctrl Pts',(-8.05197293143468,-46.4021032831632,99.2089380411263));
#3455=CARTESIAN_POINT('Ctrl Pts',(-7.95111599082134,-45.4800381992278,100.798422245158));
#3456=CARTESIAN_POINT('Ctrl Pts',(-6.30212565126445,-46.7715077789382,96.0404269818542));
#3457=CARTESIAN_POINT('Ctrl Pts',(-6.2644434447673,-45.8528934063245,97.6282044317501));
#3458=CARTESIAN_POINT('Ctrl Pts',(-6.22721614506024,-44.9332009597151,99.2159818816459));
#3459=CARTESIAN_POINT('Ctrl Pts',(-6.19047989921168,-44.012439652511,100.803759331542));
#3460=CARTESIAN_POINT('Ctrl Pts',(-5.11511722837144,-45.6066475130552,96.0404269818542));
#3461=CARTESIAN_POINT('Ctrl Pts',(-5.12209588944514,-44.6902976202173,97.6282044317501));
#3462=CARTESIAN_POINT('Ctrl Pts',(-5.12899030279018,-43.7741473842925,99.2159818816459));
#3463=CARTESIAN_POINT('Ctrl Pts',(-5.13579377404966,-42.8581950989794,100.803759331542));
#3464=CARTESIAN_POINT('Ctrl Pts',(-4.70810746863726,-45.2422557293563,96.0369312763053));
#3465=CARTESIAN_POINT('Ctrl Pts',(-4.7294403775989,-44.3279738603414,97.6247790204318));
#3466=CARTESIAN_POINT('Ctrl Pts',(-4.75053107434066,-43.4142660049517,99.2126267645583));
#3467=CARTESIAN_POINT('Ctrl Pts',(-4.77136031258644,-42.5011272575706,100.800474508685));
#3468=CARTESIAN_POINT('Ctrl Pts',(-3.74428688854375,-44.39537959705,96.0168309693996));
#3469=CARTESIAN_POINT('Ctrl Pts',(-3.79571623197748,-43.4882588120686,97.6050829053526));
#3470=CARTESIAN_POINT('Ctrl Pts',(-3.84662758351704,-42.5823656051389,99.1933348413057));
#3471=CARTESIAN_POINT('Ctrl Pts',(-3.89697978332742,-41.677689485173,100.781586777259));
#3472=CARTESIAN_POINT('Ctrl Pts',(-2.27113754374547,-43.1740061883154,95.9687650181024));
#3473=CARTESIAN_POINT('Ctrl Pts',(-2.36283198335128,-42.2820041678963,97.5579834997277));
#3474=CARTESIAN_POINT('Ctrl Pts',(-2.45373528413016,-41.3918770506767,99.1472019813529));
#3475=CARTESIAN_POINT('Ctrl Pts',(-2.54378458188685,-40.5036088134198,100.736420462978));
#3476=CARTESIAN_POINT('Ctrl Pts',(-0.0965306230547114,-41.4592478690882,
95.8796245266065));
#3477=CARTESIAN_POINT('Ctrl Pts',(-0.240709323378305,-40.5937437570878,
97.4706355111147));
#3478=CARTESIAN_POINT('Ctrl Pts',(-0.383871785474956,-39.7306480066017,
99.0616464956228));
#3479=CARTESIAN_POINT('Ctrl Pts',(-0.525937258664562,-38.8699400353686,
100.652657480131));
#3480=CARTESIAN_POINT('Ctrl Pts',(2.46370290430897,-39.5327591993289,95.764266243494));
#3481=CARTESIAN_POINT('Ctrl Pts',(2.26281703077795,-38.7012096821327,97.3575969376154));
#3482=CARTESIAN_POINT('Ctrl Pts',(2.06308166529142,-37.872386729656,98.9509276317367));
#3483=CARTESIAN_POINT('Ctrl Pts',(1.8645882276608,-37.0462670402198,100.544258325858));
#3484=CARTESIAN_POINT('Ctrl Pts',(5.39353865447386,-37.4167982322589,95.6279337270883));
#3485=CARTESIAN_POINT('Ctrl Pts',(5.1315925772164,-36.6256943666711,97.2240058962071));
#3486=CARTESIAN_POINT('Ctrl Pts',(4.87085229557534,-35.8374480906521,98.8200780653259));
#3487=CARTESIAN_POINT('Ctrl Pts',(4.61141362253385,-35.0520349827624,100.416150234445));
#3488=CARTESIAN_POINT('Ctrl Pts',(8.68199232584131,-35.1283603087836,95.4758705357126));
#3489=CARTESIAN_POINT('Ctrl Pts',(8.35439116925891,-34.3834583069871,97.075000503867));
#3490=CARTESIAN_POINT('Ctrl Pts',(8.02798396095609,-33.6413858180059,98.6741304720214));
#3491=CARTESIAN_POINT('Ctrl Pts',(7.70286557252203,-32.9021186603493,100.273260440176));
#3492=CARTESIAN_POINT('Ctrl Pts',(12.321873741255,-32.6717400526862,95.3133202276905));
#3493=CARTESIAN_POINT('Ctrl Pts',(11.9237044896113,-31.9783166776487,96.9157188775726));
#3494=CARTESIAN_POINT('Ctrl Pts',(11.5266620513385,-31.2875637138241,98.5181175274546));
#3495=CARTESIAN_POINT('Ctrl Pts',(11.13083596346,-30.5994583394303,100.120516177337));
#3496=CARTESIAN_POINT('Ctrl Pts',(16.3069989582866,-30.0302914290511,95.145526361345));
#3497=CARTESIAN_POINT('Ctrl Pts',(15.833011688637,-29.3935470106485,96.7512991343008));
#3498=CARTESIAN_POINT('Ctrl Pts',(15.3600406572142,-28.7592109537602,98.3570719072567));
#3499=CARTESIAN_POINT('Ctrl Pts',(14.8881666146985,-28.1272626761249,99.9628446802126));
#3500=CARTESIAN_POINT('Ctrl Pts',(20.6162321282266,-27.1581066809435,94.9777324949996));
#3501=CARTESIAN_POINT('Ctrl Pts',(20.0611406743995,-26.5837535322915,96.5868793910292));
#3502=CARTESIAN_POINT('Ctrl Pts',(19.5069232907572,-26.011471824113,98.1960262870588));
#3503=CARTESIAN_POINT('Ctrl Pts',(18.9536494312526,-25.4412438535303,99.8051731830884));
#3504=CARTESIAN_POINT('Ctrl Pts',(24.4213683787939,-24.5007916599551,94.8422739049811));
#3505=CARTESIAN_POINT('Ctrl Pts',(23.7950255975402,-23.9842958253959,96.4541447024504));
#3506=CARTESIAN_POINT('Ctrl Pts',(23.1694219584684,-23.4695516682852,98.0660154999198));
#3507=CARTESIAN_POINT('Ctrl Pts',(22.5446161941004,-22.956544218494,99.6778862973891));
#3508=CARTESIAN_POINT('Ctrl Pts',(27.4980175300147,-22.1604969977872,94.7391505912895));
#3509=CARTESIAN_POINT('Ctrl Pts',(26.8141728636214,-21.6947341509666,96.3530950685646));
#3510=CARTESIAN_POINT('Ctrl Pts',(26.1309554478954,-21.2304578122569,97.9670395458397));
#3511=CARTESIAN_POINT('Ctrl Pts',(25.4484151244158,-20.7676552777105,99.5809840231148));
#3512=CARTESIAN_POINT('Ctrl Pts',(29.7755555761649,-20.2870535960817,94.665085329973));
#3513=CARTESIAN_POINT('Ctrl Pts',(29.0492057672785,-19.8617344733091,96.2805191662611));
#3514=CARTESIAN_POINT('Ctrl Pts',(28.3233987967843,-19.4377018117794,97.8959530025492));
#3515=CARTESIAN_POINT('Ctrl Pts',(27.5981777988298,-19.014944617179,99.5113868388373));
#3516=CARTESIAN_POINT('Ctrl Pts',(31.9719293182458,-18.2909770310042,94.5949527373988));
#3517=CARTESIAN_POINT('Ctrl Pts',(31.2046677963967,-17.9085335074277,96.2117968516904));
#3518=CARTESIAN_POINT('Ctrl Pts',(30.4378656879429,-17.5271787379554,97.828640965982));
#3519=CARTESIAN_POINT('Ctrl Pts',(29.6715594980494,-17.1469034179123,99.4454850802736));
#3520=CARTESIAN_POINT('Ctrl Pts',(33.680804609332,-16.532355369754,94.5403323381978));
#3521=CARTESIAN_POINT('Ctrl Pts',(32.881811585604,-16.1874855855918,96.1582747998441));
#3522=CARTESIAN_POINT('Ctrl Pts',(32.0832105112699,-15.8435446740214,97.7762172614905));
#3523=CARTESIAN_POINT('Ctrl Pts',(31.2850325307791,-15.5005246967419,99.3941597231368));
#3524=CARTESIAN_POINT('Ctrl Pts',(34.9448037888297,-15.0806909201703,94.4992577979986));
#3525=CARTESIAN_POINT('Ctrl Pts',(34.1224217339459,-14.7667124734353,96.1180262168558));
#3526=CARTESIAN_POINT('Ctrl Pts',(33.3003796318109,-14.4535396735411,97.7367946357129));
#3527=CARTESIAN_POINT('Ctrl Pts',(32.4787044952009,-14.1411656352947,99.35556305457));
#3528=CARTESIAN_POINT('Ctrl Pts',(35.8343830860147,-13.9747982387376,94.4698447130289));
#3529=CARTESIAN_POINT('Ctrl Pts',(34.9955882620996,-13.6842927912085,96.0892045919365));
#3530=CARTESIAN_POINT('Ctrl Pts',(34.1570955658423,-13.3945033496356,97.7085644708441));
#3531=CARTESIAN_POINT('Ctrl Pts',(33.3189290044226,-13.1054237949119,99.3279243497518));
#3532=CARTESIAN_POINT('Ctrl Pts',(36.6601208461253,-12.8568465562041,94.4419063788376));
#3533=CARTESIAN_POINT('Ctrl Pts',(35.8061440569879,-12.5900100213937,96.0618280624172));
#3534=CARTESIAN_POINT('Ctrl Pts',(34.9524329279246,-12.323803068783,97.6817497459968));
#3535=CARTESIAN_POINT('Ctrl Pts',(34.0990085683869,-12.0582203178569,99.3016714295763));
#3536=CARTESIAN_POINT('Ctrl Pts',(37.4174387435699,-11.7339097528264,94.4155247260235));
#3537=CARTESIAN_POINT('Ctrl Pts',(36.5495956383312,-11.4907894746515,96.0359769113754));
#3538=CARTESIAN_POINT('Ctrl Pts',(35.6819832682047,-11.2482160107468,97.6564290967274));
#3539=CARTESIAN_POINT('Ctrl Pts',(34.8146199674913,-11.006184687946,99.2768812820793));
#3540=CARTESIAN_POINT('Ctrl Pts',(38.104040140259,-10.6116604336995,94.3907816851855));
#3541=CARTESIAN_POINT('Ctrl Pts',(37.2236853314932,-10.3921833643568,96.0117314218891));
#3542=CARTESIAN_POINT('Ctrl Pts',(36.3435280606146,-10.1731744358815,97.6326811585927));
#3543=CARTESIAN_POINT('Ctrl Pts',(35.4635840240596,-9.95462964746349,99.2536308952963));
#3544=CARTESIAN_POINT('Ctrl Pts',(38.9226760143757,-9.12778191997275,94.3600850208346));
#3545=CARTESIAN_POINT('Ctrl Pts',(38.0274866153226,-8.93949130174953,95.9816520287515));
#3546=CARTESIAN_POINT('Ctrl Pts',(37.1324530416582,-8.75156997082456,97.6032190366685));
#3547=CARTESIAN_POINT('Ctrl Pts',(36.2375876753279,-8.5640147712067,99.2247860445855));
#3548=CARTESIAN_POINT('Ctrl Pts',(40.104117251199,-6.58062601041291,94.3126745143281));
#3549=CARTESIAN_POINT('Ctrl Pts',(39.1877316040563,-6.44566211372301,95.935194887749));
#3550=CARTESIAN_POINT('Ctrl Pts',(38.2714361283106,-6.31091191232292,97.5577152611699));
#3551=CARTESIAN_POINT('Ctrl Pts',(37.355237989016,-6.17637357993687,99.1802356345908));
#3552=CARTESIAN_POINT('Ctrl Pts',(41.1050820541806,-3.221808812918,94.2646085630313));
#3553=CARTESIAN_POINT('Ctrl Pts',(40.1712640707994,-3.15655081839524,95.8880954821243));
#3554=CARTESIAN_POINT('Ctrl Pts',(39.2374671493504,-3.09134273810076,97.5115824012174));
#3555=CARTESIAN_POINT('Ctrl Pts',(38.3036929634228,-3.02618414545919,99.1350693203104));
#3556=CARTESIAN_POINT('Ctrl Pts',(41.3281955028186,-0.989474887242243,94.2506257408357));
#3557=CARTESIAN_POINT('Ctrl Pts',(40.3907125554823,-0.969662232747767,95.8743938368516));
#3558=CARTESIAN_POINT('Ctrl Pts',(39.453229608146,-0.949849578253291,97.4981619328675));
#3559=CARTESIAN_POINT('Ctrl Pts',(38.5157466608097,-0.930036923758815,99.1219300288834));
#3560=CARTESIAN_POINT('Ctrl Pts',(41.3281955028186,0.989474887242226,94.2506257408357));
#3561=CARTESIAN_POINT('Ctrl Pts',(40.3907125554823,0.96966223274775,95.8743938368516));
#3562=CARTESIAN_POINT('Ctrl Pts',(39.453229608146,0.949849578253275,97.4981619328675));
#3563=CARTESIAN_POINT('Ctrl Pts',(38.5157466608097,0.930036923758799,99.1219300288834));
#3564=CARTESIAN_POINT('Ctrl Pts',(41.1050820542081,3.22180881403234,94.2646085630313));
#3565=CARTESIAN_POINT('Ctrl Pts',(40.1712640708277,3.15655081948848,95.8880954821243));
#3566=CARTESIAN_POINT('Ctrl Pts',(39.2374671493794,3.09134273917281,97.5115824012174));
#3567=CARTESIAN_POINT('Ctrl Pts',(38.3036929634525,3.02618414650997,99.1350693203104));
#3568=CARTESIAN_POINT('Ctrl Pts',(40.1041172513169,6.5806260110343,94.3126745143282));
#3569=CARTESIAN_POINT('Ctrl Pts',(39.1877316041774,6.44566211433748,95.935194887749));
#3570=CARTESIAN_POINT('Ctrl Pts',(38.2714361284349,6.31091191293013,97.5577152611699));
#3571=CARTESIAN_POINT('Ctrl Pts',(37.3552379891432,6.17637358053646,99.1802356345908));
#3572=CARTESIAN_POINT('Ctrl Pts',(38.922676014579,9.12778192118274,94.3600850208346));
#3573=CARTESIAN_POINT('Ctrl Pts',(38.0274866155315,8.93949130294481,95.9816520287516));
#3574=CARTESIAN_POINT('Ctrl Pts',(37.1324530418726,8.75156997200455,97.6032190366686));
#3575=CARTESIAN_POINT('Ctrl Pts',(36.2375876755473,8.5640147723708,99.2247860445855));
#3576=CARTESIAN_POINT('Ctrl Pts',(38.1040401405166,10.6116604348695,94.3907816851855));
#3577=CARTESIAN_POINT('Ctrl Pts',(37.2236853317579,10.3921833655154,96.0117314218891));
#3578=CARTESIAN_POINT('Ctrl Pts',(36.3435280608861,10.1731744370281,97.6326811585927));
#3579=CARTESIAN_POINT('Ctrl Pts',(35.4635840243376,9.95462964859722,99.2536308952964));
#3580=CARTESIAN_POINT('Ctrl Pts',(37.4174387438706,11.7339097542103,94.4155247260236));
#3581=CARTESIAN_POINT('Ctrl Pts',(36.5495956386402,11.4907894760217,96.0359769113755));
#3582=CARTESIAN_POINT('Ctrl Pts',(35.6819832685217,11.2482160121026,97.6564290967274));
#3583=CARTESIAN_POINT('Ctrl Pts',(34.8146199678159,11.0061846892865,99.2768812820793));
#3584=CARTESIAN_POINT('Ctrl Pts',(36.6601208464714,12.8568465576497,94.4419063788377));
#3585=CARTESIAN_POINT('Ctrl Pts',(35.8061440573436,12.5900100228267,96.0618280624172));
#3586=CARTESIAN_POINT('Ctrl Pts',(34.9524329282895,12.3238030702023,97.6817497459968));
#3587=CARTESIAN_POINT('Ctrl Pts',(34.0990085687605,12.0582203192615,99.3016714295764));
#3588=CARTESIAN_POINT('Ctrl Pts',(35.8343830864078,13.9747982403364,94.4698447130289));
#3589=CARTESIAN_POINT('Ctrl Pts',(34.9955882625036,13.6842927927938,96.0892045919366));
#3590=CARTESIAN_POINT('Ctrl Pts',(34.1570955662568,13.3945033512062,97.7085644708442));
#3591=CARTESIAN_POINT('Ctrl Pts',(33.318929004847,13.1054237964667,99.3279243497519));
#3592=CARTESIAN_POINT('Ctrl Pts',(34.9448037892719,15.0806909218831,94.4992577979987));
#3593=CARTESIAN_POINT('Ctrl Pts',(34.1224217344004,14.7667124751347,96.1180262168558));
#3594=CARTESIAN_POINT('Ctrl Pts',(33.3003796322772,14.4535396752258,97.7367946357129));
#3595=CARTESIAN_POINT('Ctrl Pts',(32.4787044956783,14.1411656369633,99.35556305457));
#3596=CARTESIAN_POINT('Ctrl Pts',(33.6808046098413,16.532355371649,94.5403323381979));
#3597=CARTESIAN_POINT('Ctrl Pts',(32.8818115861274,16.1874855874729,96.1582747998442));
#3598=CARTESIAN_POINT('Ctrl Pts',(32.0832105118069,15.8435446758871,97.7762172614905));
#3599=CARTESIAN_POINT('Ctrl Pts',(31.285032531329,15.5005246985908,99.3941597231369));
#3600=CARTESIAN_POINT('Ctrl Pts',(31.9719293188421,18.2909770331234,94.5949527373989));
#3601=CARTESIAN_POINT('Ctrl Pts',(31.2046677970096,17.9085335095326,96.2117968516905));
#3602=CARTESIAN_POINT('Ctrl Pts',(30.4378656885718,17.5271787400444,97.8286409659821));
#3603=CARTESIAN_POINT('Ctrl Pts',(29.6715594986934,17.1469034199836,99.4454850802737));
#3604=CARTESIAN_POINT('Ctrl Pts',(29.7755555768682,20.2870535984835,94.665085329973));
#3605=CARTESIAN_POINT('Ctrl Pts',(29.0492057680014,19.8617344756962,96.2805191662611));
#3606=CARTESIAN_POINT('Ctrl Pts',(28.3233987975262,19.4377018141496,97.8959530025493));
#3607=CARTESIAN_POINT('Ctrl Pts',(27.5981777995895,19.0149446195303,99.5113868388374));
#3608=CARTESIAN_POINT('Ctrl Pts',(27.4980175308263,22.1604970004713,94.7391505912896));
#3609=CARTESIAN_POINT('Ctrl Pts',(26.8141728644558,21.6947341536355,96.3530950685647));
#3610=CARTESIAN_POINT('Ctrl Pts',(26.1309554487516,21.2304578149082,97.9670395458398));
#3611=CARTESIAN_POINT('Ctrl Pts',(25.4484151252926,20.7676552803418,99.5809840231149));
#3612=CARTESIAN_POINT('Ctrl Pts',(24.4213683797469,24.5007916630132,94.8422739049811));
#3613=CARTESIAN_POINT('Ctrl Pts',(23.7950255985201,23.9842958284381,96.4541447024505));
#3614=CARTESIAN_POINT('Ctrl Pts',(23.1694219594741,23.4695516713088,98.0660154999198));
#3615=CARTESIAN_POINT('Ctrl Pts',(22.5446161951305,22.9565442214962,99.6778862973892));
#3616=CARTESIAN_POINT('Ctrl Pts',(20.6162321293511,27.1581066844486,94.9777324949994));
#3617=CARTESIAN_POINT('Ctrl Pts',(20.0611406755559,26.5837535357801,96.5868793910291));
#3618=CARTESIAN_POINT('Ctrl Pts',(19.5069232919441,26.0114718275817,98.1960262870587));
#3619=CARTESIAN_POINT('Ctrl Pts',(18.9536494324684,25.441243856976,99.8051731830883));
#3620=CARTESIAN_POINT('Ctrl Pts',(16.306998959584,30.0302914330191,95.1455263613449));
#3621=CARTESIAN_POINT('Ctrl Pts',(15.8330116899715,29.3935470145995,96.7512991343007));
#3622=CARTESIAN_POINT('Ctrl Pts',(15.3600406585845,28.7592109576903,98.3570719072566));
#3623=CARTESIAN_POINT('Ctrl Pts',(14.8881666161026,28.1272626800303,99.9628446802124));
#3624=CARTESIAN_POINT('Ctrl Pts',(12.3218737426876,32.6717400570027,95.3133202276906));
#3625=CARTESIAN_POINT('Ctrl Pts',(11.9237044910854,31.9783166819481,96.9157188775726));
#3626=CARTESIAN_POINT('Ctrl Pts',(11.5266620528522,31.2875637181019,98.5181175274548));
#3627=CARTESIAN_POINT('Ctrl Pts',(11.1308359650113,30.5994583436824,100.120516177337));
#3628=CARTESIAN_POINT('Ctrl Pts',(8.68199232733538,35.1283603132917,95.4758705357129));
#3629=CARTESIAN_POINT('Ctrl Pts',(8.35439117079729,34.3834583114783,97.0750005038673));
#3630=CARTESIAN_POINT('Ctrl Pts',(8.02798396253699,33.6413858224757,98.6741304720217));
#3631=CARTESIAN_POINT('Ctrl Pts',(7.70286557414326,32.9021186647931,100.273260440176));
#3632=CARTESIAN_POINT('Ctrl Pts',(5.39353865598313,37.4167982367624,95.6279337270882));
#3633=CARTESIAN_POINT('Ctrl Pts',(5.13159257877043,36.6256943711585,97.224005896207));
#3634=CARTESIAN_POINT('Ctrl Pts',(4.87085229717232,35.8374480951189,98.8200780653258));
#3635=CARTESIAN_POINT('Ctrl Pts',(4.61141362417153,35.0520349872039,100.416150234445));
#3636=CARTESIAN_POINT('Ctrl Pts',(2.46370290567313,39.5327592035861,95.7642662434937));
#3637=CARTESIAN_POINT('Ctrl Pts',(2.26281703218634,38.7012096863753,97.3575969376151));
#3638=CARTESIAN_POINT('Ctrl Pts',(2.06308166674232,37.8723867338798,98.9509276317365));
#3639=CARTESIAN_POINT('Ctrl Pts',(1.86458822915206,37.0462670444203,100.544258325858));
#3640=CARTESIAN_POINT('Ctrl Pts',(-0.0965306218029749,41.4592478728243,
95.8796245266069));
#3641=CARTESIAN_POINT('Ctrl Pts',(-0.240709322088435,40.5937437608115,97.4706355111151));
#3642=CARTESIAN_POINT('Ctrl Pts',(-0.383871784148488,39.7306480103092,99.0616464956233));
#3643=CARTESIAN_POINT('Ctrl Pts',(-0.525937257303379,38.8699400390561,100.652657480131));
#3644=CARTESIAN_POINT('Ctrl Pts',(-2.27113754300556,43.1740061911982,95.9687650181022));
#3645=CARTESIAN_POINT('Ctrl Pts',(-2.36283198257697,42.28200417077,97.5579834997275));
#3646=CARTESIAN_POINT('Ctrl Pts',(-2.45373528332264,41.3918770535383,99.1472019813527));
#3647=CARTESIAN_POINT('Ctrl Pts',(-2.54378458104758,40.5036088162663,100.736420462978));
#3648=CARTESIAN_POINT('Ctrl Pts',(-3.74428688791928,44.3953795989356,96.0168309693997));
#3649=CARTESIAN_POINT('Ctrl Pts',(-3.7957162313333,43.4882588139483,97.6050829053527));
#3650=CARTESIAN_POINT('Ctrl Pts',(-3.84662758285394,42.5823656070107,99.1933348413058));
#3651=CARTESIAN_POINT('Ctrl Pts',(-3.89697978264636,41.677689487035,100.781586777259));
#3652=CARTESIAN_POINT('Ctrl Pts',(-4.70810746873008,45.242255730221,96.0369312763053));
#3653=CARTESIAN_POINT('Ctrl Pts',(-4.72944037767477,44.3279738612037,97.6247790204318));
#3654=CARTESIAN_POINT('Ctrl Pts',(-4.75053107439994,43.4142660058107,99.2126267645584));
#3655=CARTESIAN_POINT('Ctrl Pts',(-4.77136031262958,42.5011272584252,100.800474508685));
#3656=CARTESIAN_POINT('Ctrl Pts',(-5.11511722866732,45.6066475133456,96.0404269818543));
#3657=CARTESIAN_POINT('Ctrl Pts',(-5.12209588972982,44.690297620507,97.6282044317501));
#3658=CARTESIAN_POINT('Ctrl Pts',(-5.12899030306379,43.7741473845813,99.2159818816459));
#3659=CARTESIAN_POINT('Ctrl Pts',(-5.13579377431235,42.8581950992668,100.803759331542));
#3660=CARTESIAN_POINT('Ctrl Pts',(-5.30059793946268,45.7886673759904,96.0404269818543));
#3661=CARTESIAN_POINT('Ctrl Pts',(-5.30059793946268,44.8719636378798,97.6282044317501));
#3662=CARTESIAN_POINT('Ctrl Pts',(-5.30059793946268,43.9552598997692,99.2159818816459));
#3663=CARTESIAN_POINT('Ctrl Pts',(-5.30059793946269,43.0385561616586,100.803759331542));
#3664=CARTESIAN_POINT('',(-5.30059793946272,-45.7886673759904,96.0404269818542));
#3665=CARTESIAN_POINT('Ctrl Pts',(-41.742967386626,-26.0030538668077,95.1167634737126));
#3666=CARTESIAN_POINT('Ctrl Pts',(-41.6518333011982,-26.1194783719797,95.1196380345741));
#3667=CARTESIAN_POINT('Ctrl Pts',(-40.3202676377357,-27.8140535359652,95.1616387089012));
#3668=CARTESIAN_POINT('Ctrl Pts',(-37.6565652895518,-31.0221308596747,95.2456684736885));
#3669=CARTESIAN_POINT('Ctrl Pts',(-33.6675407221845,-35.377341263379,95.3711566591883));
#3670=CARTESIAN_POINT('Ctrl Pts',(-29.6414452082562,-39.3337307488351,95.4966448446883));
#3671=CARTESIAN_POINT('Ctrl Pts',(-25.6589329776321,-42.7816888902045,95.6182115243914));
#3672=CARTESIAN_POINT('Ctrl Pts',(-21.7900042033396,-45.6072252290483,95.7319351925005));
#3673=CARTESIAN_POINT('Ctrl Pts',(-18.0880680563968,-47.6926385506881,95.833894343219));
#3674=CARTESIAN_POINT('Ctrl Pts',(-14.5922677504481,-48.9149570867563,95.9201674707502));
#3675=CARTESIAN_POINT('Ctrl Pts',(-11.3218488534721,-49.1435672388344,95.9868330692971));
#3676=CARTESIAN_POINT('Ctrl Pts',(-8.25763860255579,-48.2373900142755,96.0299696330626));
#3677=CARTESIAN_POINT('Ctrl Pts',(-6.30212565126445,-46.7715077789382,96.0404269818542));
#3678=CARTESIAN_POINT('Ctrl Pts',(-5.30059793946272,-45.7886673759904,96.0404269818542));
#3679=CARTESIAN_POINT('Ctrl Pts',(-5.30059793946272,-45.7886673759904,96.0404269818542));
#3680=CARTESIAN_POINT('Ctrl Pts',(-5.11511722837144,-45.6066475130552,96.0404269818542));
#3681=CARTESIAN_POINT('Ctrl Pts',(-4.70810746863726,-45.2422557293563,96.0369312763053));
#3682=CARTESIAN_POINT('Ctrl Pts',(-3.74428688854375,-44.39537959705,96.0168309693996));
#3683=CARTESIAN_POINT('Ctrl Pts',(-2.27113754374547,-43.1740061883154,95.9687650181024));
#3684=CARTESIAN_POINT('Ctrl Pts',(-0.0965306230547114,-41.4592478690882,
95.8796245266065));
#3685=CARTESIAN_POINT('Ctrl Pts',(2.46370290430897,-39.5327591993289,95.764266243494));
#3686=CARTESIAN_POINT('Ctrl Pts',(5.39353865447386,-37.4167982322589,95.6279337270883));
#3687=CARTESIAN_POINT('Ctrl Pts',(8.68199232584131,-35.1283603087836,95.4758705357126));
#3688=CARTESIAN_POINT('Ctrl Pts',(12.321873741255,-32.6717400526862,95.3133202276905));
#3689=CARTESIAN_POINT('Ctrl Pts',(16.3069989582866,-30.0302914290511,95.145526361345));
#3690=CARTESIAN_POINT('Ctrl Pts',(20.6162321282266,-27.1581066809435,94.9777324949996));
#3691=CARTESIAN_POINT('Ctrl Pts',(24.4213683787939,-24.5007916599551,94.8422739049811));
#3692=CARTESIAN_POINT('Ctrl Pts',(27.4980175300147,-22.1604969977872,94.7391505912895));
#3693=CARTESIAN_POINT('Ctrl Pts',(29.7755555761649,-20.2870535960817,94.665085329973));
#3694=CARTESIAN_POINT('Ctrl Pts',(31.9719293182458,-18.2909770310042,94.5949527373988));
#3695=CARTESIAN_POINT('Ctrl Pts',(33.680804609332,-16.532355369754,94.5403323381978));
#3696=CARTESIAN_POINT('Ctrl Pts',(34.9448037888297,-15.0806909201703,94.4992577979986));
#3697=CARTESIAN_POINT('Ctrl Pts',(35.8343830860147,-13.9747982387376,94.4698447130289));
#3698=CARTESIAN_POINT('Ctrl Pts',(36.6601208461253,-12.8568465562041,94.4419063788376));
#3699=CARTESIAN_POINT('Ctrl Pts',(37.4174387435699,-11.7339097528264,94.4155247260235));
#3700=CARTESIAN_POINT('Ctrl Pts',(38.104040140259,-10.6116604336995,94.3907816851855));
#3701=CARTESIAN_POINT('Ctrl Pts',(38.9226760143757,-9.12778191997275,94.3600850208346));
#3702=CARTESIAN_POINT('Ctrl Pts',(40.104117251199,-6.58062601041291,94.3126745143281));
#3703=CARTESIAN_POINT('Ctrl Pts',(41.1050820541806,-3.221808812918,94.2646085630313));
#3704=CARTESIAN_POINT('Ctrl Pts',(41.3281955028186,-0.989474887242243,94.2506257408357));
#3705=CARTESIAN_POINT('Ctrl Pts',(41.3281955028186,0.989474887242226,94.2506257408357));
#3706=CARTESIAN_POINT('Ctrl Pts',(41.1050820542081,3.22180881403234,94.2646085630313));
#3707=CARTESIAN_POINT('Ctrl Pts',(40.1041172513169,6.5806260110343,94.3126745143282));
#3708=CARTESIAN_POINT('Ctrl Pts',(38.922676014579,9.12778192118274,94.3600850208346));
#3709=CARTESIAN_POINT('Ctrl Pts',(38.1040401405166,10.6116604348695,94.3907816851855));
#3710=CARTESIAN_POINT('Ctrl Pts',(37.4174387438706,11.7339097542103,94.4155247260236));
#3711=CARTESIAN_POINT('Ctrl Pts',(36.6601208464714,12.8568465576497,94.4419063788377));
#3712=CARTESIAN_POINT('Ctrl Pts',(35.8343830864078,13.9747982403364,94.4698447130289));
#3713=CARTESIAN_POINT('Ctrl Pts',(34.9448037892719,15.0806909218831,94.4992577979987));
#3714=CARTESIAN_POINT('Ctrl Pts',(33.6808046098413,16.532355371649,94.5403323381979));
#3715=CARTESIAN_POINT('Ctrl Pts',(31.9719293188421,18.2909770331234,94.5949527373989));
#3716=CARTESIAN_POINT('Ctrl Pts',(29.7755555768682,20.2870535984835,94.665085329973));
#3717=CARTESIAN_POINT('Ctrl Pts',(27.4980175308263,22.1604970004713,94.7391505912896));
#3718=CARTESIAN_POINT('Ctrl Pts',(24.4213683797469,24.5007916630132,94.8422739049811));
#3719=CARTESIAN_POINT('Ctrl Pts',(20.6162321293511,27.1581066844486,94.9777324949994));
#3720=CARTESIAN_POINT('Ctrl Pts',(16.306998959584,30.0302914330191,95.1455263613449));
#3721=CARTESIAN_POINT('Ctrl Pts',(12.3218737426876,32.6717400570027,95.3133202276906));
#3722=CARTESIAN_POINT('Ctrl Pts',(8.68199232733538,35.1283603132917,95.4758705357129));
#3723=CARTESIAN_POINT('Ctrl Pts',(5.39353865598313,37.4167982367624,95.6279337270882));
#3724=CARTESIAN_POINT('Ctrl Pts',(2.46370290567313,39.5327592035861,95.7642662434937));
#3725=CARTESIAN_POINT('Ctrl Pts',(-0.0965306218029749,41.4592478728243,
95.8796245266069));
#3726=CARTESIAN_POINT('Ctrl Pts',(-2.27113754300556,43.1740061911982,95.9687650181022));
#3727=CARTESIAN_POINT('Ctrl Pts',(-3.74428688791928,44.3953795989356,96.0168309693997));
#3728=CARTESIAN_POINT('Ctrl Pts',(-4.70810746873008,45.242255730221,96.0369312763053));
#3729=CARTESIAN_POINT('Ctrl Pts',(-5.11511722866732,45.6066475133456,96.0404269818543));
#3730=CARTESIAN_POINT('Ctrl Pts',(-5.30059793946268,45.7886673759904,96.0404269818543));
#3731=CARTESIAN_POINT('Ctrl Pts',(-5.30059793946268,46.3893581740361,95.));
#3732=CARTESIAN_POINT('Ctrl Pts',(-5.30059793946268,46.1891279080209,95.3468089939514));
#3733=CARTESIAN_POINT('Ctrl Pts',(-5.30059793946268,45.9888976420056,95.6936179879028));
#3734=CARTESIAN_POINT('Ctrl Pts',(-5.30059793946268,45.7886673759904,96.0404269818543));
#3735=CARTESIAN_POINT('Ctrl Pts',(-6.32704669857443,47.372862534026,95.));
#3736=CARTESIAN_POINT('Ctrl Pts',(-6.31872040068746,47.1724628034828,95.3468089939514));
#3737=CARTESIAN_POINT('Ctrl Pts',(-6.31041325315662,46.9720112014734,95.6936179879028));
#3738=CARTESIAN_POINT('Ctrl Pts',(-6.30212564966679,46.7715077773704,96.0404269818543));
#3739=CARTESIAN_POINT('Ctrl Pts',(-8.32606157855705,48.8361080990923,94.9884242620697));
#3740=CARTESIAN_POINT('Ctrl Pts',(-8.30320089681489,48.63667800389,95.3356060524007));
#3741=CARTESIAN_POINT('Ctrl Pts',(-8.28039287855215,48.4371052621558,95.6827878427316));
#3742=CARTESIAN_POINT('Ctrl Pts',(-8.25763860640212,48.2373900096639,96.0299696330626));
#3743=CARTESIAN_POINT('Ctrl Pts',(-11.4418036597257,49.7285241492445,94.9406743431073));
#3744=CARTESIAN_POINT('Ctrl Pts',(-11.4017281920321,49.5337819853548,95.2893939185038));
#3745=CARTESIAN_POINT('Ctrl Pts',(-11.3617426412451,49.3387962687217,95.6381134939004));
#3746=CARTESIAN_POINT('Ctrl Pts',(-11.321848855838,49.1435672311643,95.9868330692969));
#3747=CARTESIAN_POINT('Ctrl Pts',(-14.752719862654,49.4777900159045,94.8668790138018));
#3748=CARTESIAN_POINT('Ctrl Pts',(-14.6991195347245,49.2904917867608,95.2179751661179));
#3749=CARTESIAN_POINT('Ctrl Pts',(-14.6456347073805,49.1028807078369,95.569071318434));
#3750=CARTESIAN_POINT('Ctrl Pts',(-14.5922677550338,48.9149570769103,95.9201674707502));
#3751=CARTESIAN_POINT('Ctrl Pts',(-18.2799699939729,48.2262774374802,94.771379175877));
#3752=CARTESIAN_POINT('Ctrl Pts',(-18.2158710258338,48.0487518773539,95.1255508983243));
#3753=CARTESIAN_POINT('Ctrl Pts',(-18.1519028187202,47.8708721323727,95.4797226207717));
#3754=CARTESIAN_POINT('Ctrl Pts',(-18.0880680607616,47.692638539658,95.833894343219));
#3755=CARTESIAN_POINT('Ctrl Pts',(-22.0057893118802,46.1057548583961,94.6585157310568));
#3756=CARTESIAN_POINT('Ctrl Pts',(-21.9337229601619,45.9399493988679,95.0163222182047));
#3757=CARTESIAN_POINT('Ctrl Pts',(-21.8617936531798,45.7737727341602,95.3741287053526));
#3758=CARTESIAN_POINT('Ctrl Pts',(-21.790004208241,45.6072252175943,95.7319351925004));
#3759=CARTESIAN_POINT('Ctrl Pts',(-25.8923565901868,43.2403068322303,94.5326295810651));
#3760=CARTESIAN_POINT('Ctrl Pts',(-25.8144120927909,43.087801622507,94.8944902288405));
#3761=CARTESIAN_POINT('Ctrl Pts',(-25.7366032936219,42.9349288548166,95.2563508766158));
#3762=CARTESIAN_POINT('Ctrl Pts',(-25.6589329823058,42.781688879009,95.6182115243912));
#3763=CARTESIAN_POINT('Ctrl Pts',(-29.8873966693682,39.748677910297,94.3980616276257));
#3764=CARTESIAN_POINT('Ctrl Pts',(-29.8052839048938,39.6107089667214,94.7642560333132));
#3765=CARTESIAN_POINT('Ctrl Pts',(-29.7232992084261,39.4723931327159,95.1304504390007));
#3766=CARTESIAN_POINT('Ctrl Pts',(-29.6414452127326,39.3337307384587,95.4966448446882));
#3767=CARTESIAN_POINT('Ctrl Pts',(-33.9219949444193,35.7458370490155,94.2591527724624));
#3768=CARTESIAN_POINT('Ctrl Pts',(-33.8370605796139,35.6233178679399,94.6298207347044));
#3769=CARTESIAN_POINT('Ctrl Pts',(-33.752241715394,35.500485837084,95.0004886969464));
#3770=CARTESIAN_POINT('Ctrl Pts',(-33.6675407261714,35.3773412542255,95.3711566591884));
#3771=CARTESIAN_POINT('Ctrl Pts',(-37.9164423687042,31.3423154579297,94.120243917299));
#3772=CARTESIAN_POINT('Ctrl Pts',(-37.8297166535821,31.2358562538475,94.4953854360955));
#3773=CARTESIAN_POINT('Ctrl Pts',(-37.7430902809324,31.1291279665347,94.870526954892));
#3774=CARTESIAN_POINT('Ctrl Pts',(-37.6565652929954,31.0221308521107,95.2456684736885));
#3775=CARTESIAN_POINT('Ctrl Pts',(-41.7732577711359,26.6517809063153,93.9856759638595));
#3776=CARTESIAN_POINT('Ctrl Pts',(-41.6854801662314,26.5617311467998,94.3651512405681));
#3777=CARTESIAN_POINT('Ctrl Pts',(-41.5977835015041,26.4714621492907,94.7446265172768));
#3778=CARTESIAN_POINT('Ctrl Pts',(-41.5101694408876,26.3809741224636,95.1241017939854));
#3779=CARTESIAN_POINT('Ctrl Pts',(-45.3807840537411,21.7863290538225,93.8597898138678));
#3780=CARTESIAN_POINT('Ctrl Pts',(-45.2924646843458,21.7127842747988,94.243319251204));
#3781=CARTESIAN_POINT('Ctrl Pts',(-45.2042069551593,21.6390725344935,94.6268486885401));
#3782=CARTESIAN_POINT('Ctrl Pts',(-45.1160121333548,21.565193991824,95.0103781258763));
#3783=CARTESIAN_POINT('Ctrl Pts',(-48.6125652377321,16.8721159370877,93.7469263690477));
#3784=CARTESIAN_POINT('Ctrl Pts',(-48.5240570712651,16.814945639813,94.1340905710844));
#3785=CARTESIAN_POINT('Ctrl Pts',(-48.4355916938751,16.7576594422311,94.5212547731211));
#3786=CARTESIAN_POINT('Ctrl Pts',(-48.3471699852017,16.7002574546586,94.9084189751577));
#3787=CARTESIAN_POINT('Ctrl Pts',(-51.3284248499221,12.0470977691685,93.6514265311229));
#3788=CARTESIAN_POINT('Ctrl Pts',(-51.2399831758162,12.0058942651406,94.0416663032908));
#3789=CARTESIAN_POINT('Ctrl Pts',(-51.1515672350014,11.9646210588301,94.4319060754586));
#3790=CARTESIAN_POINT('Ctrl Pts',(-51.0631775564916,11.9232782165812,94.8221458476265));
#3791=CARTESIAN_POINT('Ctrl Pts',(-53.3940802345414,7.4769558649226,93.5776312018174));
#3792=CARTESIAN_POINT('Ctrl Pts',(-53.3059106089635,7.45096658355448,93.9702475509048));
#3793=CARTESIAN_POINT('Ctrl Pts',(-53.2177528027461,7.42494528776586,94.3628638999923));
#3794=CARTESIAN_POINT('Ctrl Pts',(-53.1296070588665,7.39889200802877,94.7554802490797));
#3795=CARTESIAN_POINT('Ctrl Pts',(-54.691164143269,3.35013474213398,93.529881282855));
#3796=CARTESIAN_POINT('Ctrl Pts',(-54.6033533940398,3.33816354970986,93.924035417008));
#3797=CARTESIAN_POINT('Ctrl Pts',(-54.5155450386051,3.32618587335247,94.3181895511611));
#3798=CARTESIAN_POINT('Ctrl Pts',(-54.4277391261756,3.31420171923337,94.7123436853142));
#3799=CARTESIAN_POINT('Ctrl Pts',(-54.9910398489974,1.02524015155178,93.5183055449247));
#3800=CARTESIAN_POINT('Ctrl Pts',(-54.9033822291872,1.02148674793897,93.9128324754573));
#3801=CARTESIAN_POINT('Ctrl Pts',(-54.8157246093771,1.01773334432615,94.3073594059899));
#3802=CARTESIAN_POINT('Ctrl Pts',(-54.7280669895669,1.01397994071334,94.7018863365225));
#3803=CARTESIAN_POINT('Ctrl Pts',(-54.9910398489974,-1.02524015155173,93.5183055449247));
#3804=CARTESIAN_POINT('Ctrl Pts',(-54.9033822291872,-1.02148674793892,93.9128324754573));
#3805=CARTESIAN_POINT('Ctrl Pts',(-54.8157246093771,-1.0177333443261,94.3073594059899));
#3806=CARTESIAN_POINT('Ctrl Pts',(-54.7280669895669,-1.01397994071329,94.7018863365225));
#3807=CARTESIAN_POINT('Ctrl Pts',(-54.6911641431879,-3.35013473949616,93.5298812828551));
#3808=CARTESIAN_POINT('Ctrl Pts',(-54.6033533939582,-3.33816354708428,93.9240354170081));
#3809=CARTESIAN_POINT('Ctrl Pts',(-54.5155450385231,-3.32618587073912,94.3181895511612));
#3810=CARTESIAN_POINT('Ctrl Pts',(-54.4277391260932,-3.31420171663223,94.7123436853142));
#3811=CARTESIAN_POINT('Ctrl Pts',(-53.3940802341414,-7.47695586488533,93.5776312018175));
#3812=CARTESIAN_POINT('Ctrl Pts',(-53.3059106085614,-7.45096658352137,93.970247550905));
#3813=CARTESIAN_POINT('Ctrl Pts',(-53.2177528023419,-7.42494528773685,94.3628638999924));
#3814=CARTESIAN_POINT('Ctrl Pts',(-53.1296070584602,-7.39889200800376,94.7554802490799));
#3815=CARTESIAN_POINT('Ctrl Pts',(-51.3284248490494,-12.0470977695616,93.651426531123));
#3816=CARTESIAN_POINT('Ctrl Pts',(-51.2399831749389,-12.0058942655407,94.0416663032909));
#3817=CARTESIAN_POINT('Ctrl Pts',(-51.1515672341194,-11.964621059237,94.4319060754587));
#3818=CARTESIAN_POINT('Ctrl Pts',(-51.0631775556052,-11.9232782169947,94.8221458476266));
#3819=CARTESIAN_POINT('Ctrl Pts',(-48.6125652362817,-16.8721159395175,93.7469263690477));
#3820=CARTESIAN_POINT('Ctrl Pts',(-48.524057069807,-16.8149456422467,94.1340905710844));
#3821=CARTESIAN_POINT('Ctrl Pts',(-48.4355916924093,-16.7576594446686,94.5212547731211));
#3822=CARTESIAN_POINT('Ctrl Pts',(-48.3471699837286,-16.7002574570994,94.9084189751577));
#3823=CARTESIAN_POINT('Ctrl Pts',(-45.3807840516458,-21.7863290577673,93.8597898138679));
#3824=CARTESIAN_POINT('Ctrl Pts',(-45.2924646822393,-21.7127842787473,94.243319251204));
#3825=CARTESIAN_POINT('Ctrl Pts',(-45.2042069530418,-21.6390725384455,94.6268486885402));
#3826=CARTESIAN_POINT('Ctrl Pts',(-45.1160121312266,-21.5651939957789,95.0103781258763));
#3827=CARTESIAN_POINT('Ctrl Pts',(-41.7732577683881,-26.651780912205,93.9856759638596));
#3828=CARTESIAN_POINT('Ctrl Pts',(-41.685480163469,-26.5617311526913,94.3651512405683));
#3829=CARTESIAN_POINT('Ctrl Pts',(-41.5977834987272,-26.4714621551837,94.7446265172769));
#3830=CARTESIAN_POINT('Ctrl Pts',(-41.5101694380966,-26.3809741283573,95.1241017939856));
#3831=CARTESIAN_POINT('Ctrl Pts',(-37.9164423653132,-31.3423154654931,94.120243917299));
#3832=CARTESIAN_POINT('Ctrl Pts',(-37.8297166501733,-31.2358562614116,94.4953854360955));
#3833=CARTESIAN_POINT('Ctrl Pts',(-37.7430902775059,-31.1291279740992,94.870526954892));
#3834=CARTESIAN_POINT('Ctrl Pts',(-37.6565652895518,-31.0221308596747,95.2456684736885));
#3835=CARTESIAN_POINT('Ctrl Pts',(-33.9219949404939,-35.7458370581731,94.2591527724623));
#3836=CARTESIAN_POINT('Ctrl Pts',(-33.8370605756677,-35.6233178770967,94.6298207347044));
#3837=CARTESIAN_POINT('Ctrl Pts',(-33.7522417114271,-35.5004858462397,95.0004886969464));
#3838=CARTESIAN_POINT('Ctrl Pts',(-33.6675407221845,-35.377341263379,95.3711566591883));
#3839=CARTESIAN_POINT('Ctrl Pts',(-29.8873966649592,-39.7486779206808,94.3980616276258));
#3840=CARTESIAN_POINT('Ctrl Pts',(-29.805283900462,-39.6107089771034,94.7642560333133));
#3841=CARTESIAN_POINT('Ctrl Pts',(-29.7232992039716,-39.4723931430957,95.1304504390008));
#3842=CARTESIAN_POINT('Ctrl Pts',(-29.6414452082562,-39.3337307488351,95.4966448446883));
#3843=CARTESIAN_POINT('Ctrl Pts',(-25.8923565855855,-43.2403068434364,94.5326295810653));
#3844=CARTESIAN_POINT('Ctrl Pts',(-25.8144120881652,-43.0878016337103,94.8944902288407));
#3845=CARTESIAN_POINT('Ctrl Pts',(-25.7366032889717,-42.9349288660166,95.256350876616));
#3846=CARTESIAN_POINT('Ctrl Pts',(-25.6589329776321,-42.7816888902045,95.6182115243914));
#3847=CARTESIAN_POINT('Ctrl Pts',(-22.0057893070495,-46.1057548698627,94.6585157310569));
#3848=CARTESIAN_POINT('Ctrl Pts',(-21.9337229553072,-45.9399494103311,95.0163222182048));
#3849=CARTESIAN_POINT('Ctrl Pts',(-21.8617936483013,-45.7737727456195,95.3741287053526));
#3850=CARTESIAN_POINT('Ctrl Pts',(-21.7900042033396,-45.6072252290483,95.7319351925005));
#3851=CARTESIAN_POINT('Ctrl Pts',(-18.2799699896796,-48.2262774485236,94.771379175877));
#3852=CARTESIAN_POINT('Ctrl Pts',(-18.2158710215163,-48.0487518883935,95.1255508983243));
#3853=CARTESIAN_POINT('Ctrl Pts',(-18.1519028143786,-47.8708721434082,95.4797226207717));
#3854=CARTESIAN_POINT('Ctrl Pts',(-18.0880680563968,-47.6926385506881,95.833894343219));
#3855=CARTESIAN_POINT('Ctrl Pts',(-14.7527198581219,-49.4777900257636,94.8668790138018));
#3856=CARTESIAN_POINT('Ctrl Pts',(-14.6991195301742,-49.2904917966161,95.217975166118));
#3857=CARTESIAN_POINT('Ctrl Pts',(-14.6456347028122,-49.1028807176881,95.5690713184341));
#3858=CARTESIAN_POINT('Ctrl Pts',(-14.5922677504481,-48.9149570867563,95.9201674707502));
#3859=CARTESIAN_POINT('Ctrl Pts',(-11.4418036574174,-49.7285241569249,94.9406743431074));
#3860=CARTESIAN_POINT('Ctrl Pts',(-11.4017281897043,-49.5337819930323,95.289393918504));
#3861=CARTESIAN_POINT('Ctrl Pts',(-11.3617426388979,-49.338796276396,95.6381134939005));
#3862=CARTESIAN_POINT('Ctrl Pts',(-11.3218488534721,-49.1435672388344,95.9868330692971));
#3863=CARTESIAN_POINT('Ctrl Pts',(-8.32606157471203,-48.8361081037115,94.9884242620698));
#3864=CARTESIAN_POINT('Ctrl Pts',(-8.30320089296928,-48.636678008507,95.3356060524007));
#3865=CARTESIAN_POINT('Ctrl Pts',(-8.28039287470599,-48.4371052667703,95.6827878427317));
#3866=CARTESIAN_POINT('Ctrl Pts',(-8.25763860255579,-48.2373900142755,96.0299696330626));
#3867=CARTESIAN_POINT('Ctrl Pts',(-6.32704670021206,-47.3728625355951,95.));
#3868=CARTESIAN_POINT('Ctrl Pts',(-6.31872040231169,-47.1724628050516,95.3468089939514));
#3869=CARTESIAN_POINT('Ctrl Pts',(-6.31041325476751,-46.9720112030418,95.6936179879028));
#3870=CARTESIAN_POINT('Ctrl Pts',(-6.30212565126445,-46.7715077789382,96.0404269818542));
#3871=CARTESIAN_POINT('Ctrl Pts',(-5.11050190537491,-46.2072153474386,95.));
#3872=CARTESIAN_POINT('Ctrl Pts',(-5.11204391728044,-46.0070164658782,95.3468089939514));
#3873=CARTESIAN_POINT('Ctrl Pts',(-5.11358238258248,-45.8068271907983,95.6936179879028));
#3874=CARTESIAN_POINT('Ctrl Pts',(-5.11511722837144,-45.6066475130552,96.0404269818542));
#3875=CARTESIAN_POINT('Ctrl Pts',(-4.69452634085269,-45.8416726346773,94.9962351600643));
#3876=CARTESIAN_POINT('Ctrl Pts',(-4.69906364980426,-45.6418393897015,95.3431338654779));
#3877=CARTESIAN_POINT('Ctrl Pts',(-4.7035907622708,-45.4420337633572,95.6900325708916));
#3878=CARTESIAN_POINT('Ctrl Pts',(-4.70810746863726,-45.2422557293563,96.0369312763053));
#3879=CARTESIAN_POINT('Ctrl Pts',(-3.71383351334057,-44.9904605225934,94.9745873304343));
#3880=CARTESIAN_POINT('Ctrl Pts',(-3.72400659390486,-44.7920411679736,95.322001876756));
#3881=CARTESIAN_POINT('Ctrl Pts',(-3.73415786839926,-44.5936808781989,95.6694164230778));
#3882=CARTESIAN_POINT('Ctrl Pts',(-3.74428688854375,-44.39537959705,96.0168309693996));
#3883=CARTESIAN_POINT('Ctrl Pts',(-2.22130708919557,-43.759533281282,94.9228207813184));
#3884=CARTESIAN_POINT('Ctrl Pts',(-2.23795077375778,-43.564267401392,95.2714688602464));
#3885=CARTESIAN_POINT('Ctrl Pts',(-2.2545611534966,-43.369091732358,95.6201169391744));
#3886=CARTESIAN_POINT('Ctrl Pts',(-2.27113754374547,-43.1740061883154,95.9687650181024));
#3887=CARTESIAN_POINT('Ctrl Pts',(-0.0254461091577163,-42.0277025809935,
94.8268173629584));
#3888=CARTESIAN_POINT('Ctrl Pts',(-0.0491840211852601,-41.838101835619,
95.1777530841744));
#3889=CARTESIAN_POINT('Ctrl Pts',(-0.0728791523082073,-41.6486169684157,
95.5286888053904));
#3890=CARTESIAN_POINT('Ctrl Pts',(-0.0965306230547114,-41.4592478690882,
95.8796245266065));
#3891=CARTESIAN_POINT('Ctrl Pts',(2.5548656558764,-40.0791379588974,94.7025776450808));
#3892=CARTESIAN_POINT('Ctrl Pts',(2.52442930682618,-39.8968805588311,95.0564738445518));
#3893=CARTESIAN_POINT('Ctrl Pts',(2.49404139107988,-39.7147543472643,95.4103700440229));
#3894=CARTESIAN_POINT('Ctrl Pts',(2.46370290430897,-39.5327591993289,95.764266243494));
#3895=CARTESIAN_POINT('Ctrl Pts',(5.5044745010267,-37.9367455330394,94.555748887589));
#3896=CARTESIAN_POINT('Ctrl Pts',(5.46744477690716,-37.7632923169831,94.9131438340888));
#3897=CARTESIAN_POINT('Ctrl Pts',(5.43046581355008,-37.5899765936791,95.2705387805885));
#3898=CARTESIAN_POINT('Ctrl Pts',(5.39353865447386,-37.4167982322589,95.6279337270883));
#3899=CARTESIAN_POINT('Ctrl Pts',(8.81334001535543,-35.6180174820991,94.3919783503866));
#3900=CARTESIAN_POINT('Ctrl Pts',(8.76950684574089,-35.4546623256806,94.7532757454953));
#3901=CARTESIAN_POINT('Ctrl Pts',(8.72572393814769,-35.291443311103,95.114573140604));
#3902=CARTESIAN_POINT('Ctrl Pts',(8.68199232584131,-35.1283603087836,95.4758705357126));
#3903=CARTESIAN_POINT('Ctrl Pts',(12.4752659064247,-33.1275779140345,94.2169132933772));
#3904=CARTESIAN_POINT('Ctrl Pts',(12.4240874238246,-32.9755035143404,94.5823822714816));
#3905=CARTESIAN_POINT('Ctrl Pts',(12.3729563770461,-32.823557601323,94.947851249586));
#3906=CARTESIAN_POINT('Ctrl Pts',(12.321873741255,-32.6717400526862,95.3133202276905));
#3907=CARTESIAN_POINT('Ctrl Pts',(16.4850744140712,-30.4488461927014,94.0362009764642));
#3908=CARTESIAN_POINT('Ctrl Pts',(16.4256728547478,-30.3092120967453,94.4059761047578));
#3909=CARTESIAN_POINT('Ctrl Pts',(16.366314076329,-30.1696938789603,94.7757512330514));
#3910=CARTESIAN_POINT('Ctrl Pts',(16.3069989582866,-30.0302914290511,95.145526361345));
#3911=CARTESIAN_POINT('Ctrl Pts',(20.8224388549952,-27.5355943868644,93.8554886595514));
#3912=CARTESIAN_POINT('Ctrl Pts',(20.7536662312488,-27.409665515944,94.2295699380341));
#3913=CARTESIAN_POINT('Ctrl Pts',(20.6849304035136,-27.2838363122588,94.6036512165168));
#3914=CARTESIAN_POINT('Ctrl Pts',(20.6162321282266,-27.1581066809435,94.9777324949996));
#3915=CARTESIAN_POINT('Ctrl Pts',(24.6540603465773,-24.8401926435587,93.7096011120435));
#3916=CARTESIAN_POINT('Ctrl Pts',(24.5764650281896,-24.7269747272416,94.0871587096893));
#3917=CARTESIAN_POINT('Ctrl Pts',(24.4989008257058,-24.6138410927808,94.4647163073352));
#3918=CARTESIAN_POINT('Ctrl Pts',(24.4213683787939,-24.5007916599551,94.8422739049811));
#3919=CARTESIAN_POINT('Ctrl Pts',(27.7530033329094,-22.4665094123215,93.5985383339407));
#3920=CARTESIAN_POINT('Ctrl Pts',(27.6679814787617,-22.3644337735864,93.9787424197237));
#3921=CARTESIAN_POINT('Ctrl Pts',(27.5829860301852,-22.2624296581007,94.3589465055066));
#3922=CARTESIAN_POINT('Ctrl Pts',(27.4980175300147,-22.1604969977872,94.7391505912895));
#3923=CARTESIAN_POINT('Ctrl Pts',(30.0473415636515,-20.5664552342096,93.5187707878033));
#3924=CARTESIAN_POINT('Ctrl Pts',(29.9567232258542,-20.473259476466,93.9008756351932));
#3925=CARTESIAN_POINT('Ctrl Pts',(29.8661277400978,-20.3801256167286,94.2829804825831));
#3926=CARTESIAN_POINT('Ctrl Pts',(29.7755555761649,-20.2870535960817,94.665085329973));
#3927=CARTESIAN_POINT('Ctrl Pts',(32.2600564470458,-18.5421756278794,93.4432386865936));
#3928=CARTESIAN_POINT('Ctrl Pts',(32.1639945981786,-18.4583903935358,93.8271433701953));
#3929=CARTESIAN_POINT('Ctrl Pts',(32.0679520893836,-18.3746575445312,94.2110480537971));
#3930=CARTESIAN_POINT('Ctrl Pts',(31.9719293182458,-18.2909770310042,94.5949527373988));
#3931=CARTESIAN_POINT('Ctrl Pts',(33.9815712562946,-16.7588457202838,93.3844130625985));
#3932=CARTESIAN_POINT('Ctrl Pts',(33.8812990942217,-16.6833042583041,93.7697194877983));
#3933=CARTESIAN_POINT('Ctrl Pts',(33.7810434321674,-16.607807488974,94.155025912998));
#3934=CARTESIAN_POINT('Ctrl Pts',(33.680804609332,-16.532355369754,94.5403323381978));
#3935=CARTESIAN_POINT('Ctrl Pts',(35.25476473539,-15.2868718125816,93.3401761933542));
#3936=CARTESIAN_POINT('Ctrl Pts',(35.1514300107035,-15.2181060970933,93.7265367282357));
#3937=CARTESIAN_POINT('Ctrl Pts',(35.0481095971162,-15.1493791452549,94.1128972631172));
#3938=CARTESIAN_POINT('Ctrl Pts',(34.9448037888297,-15.0806909201703,94.4992577979986));
#3939=CARTESIAN_POINT('Ctrl Pts',(36.1507075842019,-14.1655490250744,93.3084985948328));
#3940=CARTESIAN_POINT('Ctrl Pts',(36.0452532788862,-14.101930989975,93.6956139675648));
#3941=CARTESIAN_POINT('Ctrl Pts',(35.9398116923348,-14.0383474054597,94.0827293402969));
#3942=CARTESIAN_POINT('Ctrl Pts',(35.8343830860147,-13.9747982387376,94.4698447130289));
#3943=CARTESIAN_POINT('Ctrl Pts',(36.9822222885962,-13.032040614478,93.2784092881593));
#3944=CARTESIAN_POINT('Ctrl Pts',(36.8748438808933,-12.9736123123542,93.6662416517188));
#3945=CARTESIAN_POINT('Ctrl Pts',(36.7674766567673,-12.9152143025405,94.0540740152782));
#3946=CARTESIAN_POINT('Ctrl Pts',(36.6601208461253,-12.8568465562041,94.4419063788376));
#3947=CARTESIAN_POINT('Ctrl Pts',(37.7446871983051,-11.8935180539133,93.2499965117697));
#3948=CARTESIAN_POINT('Ctrl Pts',(37.6355946001696,-11.8402889852957,93.638505916521));
#3949=CARTESIAN_POINT('Ctrl Pts',(37.5265117153637,-11.7870862266142,94.0270153212723));
#3950=CARTESIAN_POINT('Ctrl Pts',(37.4174387435699,-11.7339097528264,94.4155247260235));
#3951=CARTESIAN_POINT('Ctrl Pts',(38.4357924156864,-10.7557330771499,93.2233485040999));
#3952=CARTESIAN_POINT('Ctrl Pts',(38.3251999510775,-10.7076863452429,93.6124928977951));
#3953=CARTESIAN_POINT('Ctrl Pts',(38.214615802284,-10.6596621379059,94.0016372914903));
#3954=CARTESIAN_POINT('Ctrl Pts',(38.104040140259,-10.6116604336995,94.3907816851855));
#3955=CARTESIAN_POINT('Ctrl Pts',(39.2595649440207,-9.25136501903418,93.1902885034147));
#3956=CARTESIAN_POINT('Ctrl Pts',(39.1472620293565,-9.21015289008136,93.580220675888));
#3957=CARTESIAN_POINT('Ctrl Pts',(39.0349656745234,-9.16895852936494,93.9701528483613));
#3958=CARTESIAN_POINT('Ctrl Pts',(38.9226760143757,-9.12778191997275,94.3600850208346));
#3959=CARTESIAN_POINT('Ctrl Pts',(40.4478148965221,-6.66918070601081,93.139227861787));
#3960=CARTESIAN_POINT('Ctrl Pts',(40.3332451927617,-6.63965219547086,93.5303767459674));
#3961=CARTESIAN_POINT('Ctrl Pts',(40.2186792849753,-6.61013396686708,93.9215256301477));
#3962=CARTESIAN_POINT('Ctrl Pts',(40.104117251199,-6.58062601041291,94.3126745143281));
#3963=CARTESIAN_POINT('Ctrl Pts',(41.4530228563279,-3.26459781089587,93.0874613126713));
#3964=CARTESIAN_POINT('Ctrl Pts',(41.3370416962188,-3.25033241071176,93.479843729458));
#3965=CARTESIAN_POINT('Ctrl Pts',(41.2210614227605,-3.23606941214777,93.8722261462446));
#3966=CARTESIAN_POINT('Ctrl Pts',(41.1050820541806,-3.221808812918,94.2646085630313));
#3967=CARTESIAN_POINT('Ctrl Pts',(41.6764487117443,-1.00245757591789,93.0724019529285));
#3968=CARTESIAN_POINT('Ctrl Pts',(41.560364308769,-0.998130013026006,93.4651432155643));
#3969=CARTESIAN_POINT('Ctrl Pts',(41.4442799057938,-0.993802450134124,93.8578844782));
#3970=CARTESIAN_POINT('Ctrl Pts',(41.3281955028186,-0.989474887242243,94.2506257408357));
#3971=CARTESIAN_POINT('Ctrl Pts',(41.6764487117443,1.00245757591787,93.0724019529285));
#3972=CARTESIAN_POINT('Ctrl Pts',(41.560364308769,0.998130013025989,93.4651432155643));
#3973=CARTESIAN_POINT('Ctrl Pts',(41.4442799057938,0.993802450134108,93.8578844782));
#3974=CARTESIAN_POINT('Ctrl Pts',(41.3281955028186,0.989474887242226,94.2506257408357));
#3975=CARTESIAN_POINT('Ctrl Pts',(41.453022856355,3.264597812024,93.0874613126713));
#3976=CARTESIAN_POINT('Ctrl Pts',(41.337041696246,3.2503324118353,93.479843729458));
#3977=CARTESIAN_POINT('Ctrl Pts',(41.221061422788,3.23606941326672,93.8722261462446));
#3978=CARTESIAN_POINT('Ctrl Pts',(41.1050820542081,3.22180881403234,94.2646085630313));
#3979=CARTESIAN_POINT('Ctrl Pts',(40.4478148966378,6.66918070663656,93.139227861787));
#3980=CARTESIAN_POINT('Ctrl Pts',(40.3332451928781,6.63965219609518,93.5303767459674));
#3981=CARTESIAN_POINT('Ctrl Pts',(40.2186792850925,6.61013396748996,93.9215256301478));
#3982=CARTESIAN_POINT('Ctrl Pts',(40.1041172513169,6.5806260110343,94.3126745143282));
#3983=CARTESIAN_POINT('Ctrl Pts',(39.2595649442203,9.25136502025348,93.1902885034147));
#3984=CARTESIAN_POINT('Ctrl Pts',(39.1472620295574,9.21015289129759,93.580220675888));
#3985=CARTESIAN_POINT('Ctrl Pts',(39.0349656747256,9.16895853057808,93.9701528483613));
#3986=CARTESIAN_POINT('Ctrl Pts',(38.922676014579,9.12778192118274,94.3600850208346));
#3987=CARTESIAN_POINT('Ctrl Pts',(38.4357924159391,10.7557330783268,93.2233485041));
#3988=CARTESIAN_POINT('Ctrl Pts',(38.3251999513319,10.7076863464175,93.6124928977951));
#3989=CARTESIAN_POINT('Ctrl Pts',(38.21461580254,10.6596621390782,94.0016372914903));
#3990=CARTESIAN_POINT('Ctrl Pts',(38.1040401405166,10.6116604348695,94.3907816851855));
#3991=CARTESIAN_POINT('Ctrl Pts',(37.7446871986002,11.8935180553055,93.2499965117697));
#3992=CARTESIAN_POINT('Ctrl Pts',(37.6355946004666,11.8402889866852,93.638505916521));
#3993=CARTESIAN_POINT('Ctrl Pts',(37.5265117156626,11.7870862280009,94.0270153212723));
#3994=CARTESIAN_POINT('Ctrl Pts',(37.4174387438706,11.7339097542103,94.4155247260236));
#3995=CARTESIAN_POINT('Ctrl Pts',(36.9822222889358,13.0320406159314,93.2784092881594));
#3996=CARTESIAN_POINT('Ctrl Pts',(36.8748438812351,12.973612313805,93.6662416517188));
#3997=CARTESIAN_POINT('Ctrl Pts',(36.7674766571112,12.9152143039888,94.0540740152782));
#3998=CARTESIAN_POINT('Ctrl Pts',(36.6601208464714,12.8568465576497,94.4419063788377));
#3999=CARTESIAN_POINT('Ctrl Pts',(36.1507075845877,14.1655490266813,93.3084985948328));
#4000=CARTESIAN_POINT('Ctrl Pts',(36.0452532792745,14.1019309915793,93.6956139675649));
#4001=CARTESIAN_POINT('Ctrl Pts',(35.9398116927255,14.0383474070613,94.0827293402969));
#4002=CARTESIAN_POINT('Ctrl Pts',(35.8343830864078,13.9747982403364,94.4698447130289));
#4003=CARTESIAN_POINT('Ctrl Pts',(35.2547647358239,15.2868718143026,93.3401761933542));
#4004=CARTESIAN_POINT('Ctrl Pts',(35.1514300111402,15.2181060988117,93.7265367282357));
#4005=CARTESIAN_POINT('Ctrl Pts',(35.0481095975557,15.1493791469706,94.1128972631172));
#4006=CARTESIAN_POINT('Ctrl Pts',(34.9448037892719,15.0806909218831,94.4992577979987));
#4007=CARTESIAN_POINT('Ctrl Pts',(33.9815712567943,16.7588457221871,93.3844130625985));
#4008=CARTESIAN_POINT('Ctrl Pts',(33.8812990947246,16.6833042602047,93.7697194877983));
#4009=CARTESIAN_POINT('Ctrl Pts',(33.7810434326735,16.6078074908719,94.1550259129981));
#4010=CARTESIAN_POINT('Ctrl Pts',(33.6808046098413,16.532355371649,94.5403323381979));
#4011=CARTESIAN_POINT('Ctrl Pts',(32.2600564476309,18.5421756300071,93.4432386865936));
#4012=CARTESIAN_POINT('Ctrl Pts',(32.1639945987675,18.4583903956607,93.8271433701954));
#4013=CARTESIAN_POINT('Ctrl Pts',(32.0679520899762,18.3746575466534,94.2110480537971));
#4014=CARTESIAN_POINT('Ctrl Pts',(31.9719293188421,18.2909770331234,94.5949527373989));
#4015=CARTESIAN_POINT('Ctrl Pts',(30.0473415643415,20.5664552366199,93.5187707878034));
#4016=CARTESIAN_POINT('Ctrl Pts',(29.9567232265487,20.4732594788736,93.9008756351933));
#4017=CARTESIAN_POINT('Ctrl Pts',(29.8661277407968,20.3801256191335,94.2829804825831));
#4018=CARTESIAN_POINT('Ctrl Pts',(29.7755555768682,20.2870535984835,94.665085329973));
#4019=CARTESIAN_POINT('Ctrl Pts',(27.7530033337056,22.4665094150143,93.5985383339408));
#4020=CARTESIAN_POINT('Ctrl Pts',(27.667981479563,22.3644337762765,93.9787424197237));
#4021=CARTESIAN_POINT('Ctrl Pts',(27.5829860309918,22.262429660788,94.3589465055066));
#4022=CARTESIAN_POINT('Ctrl Pts',(27.4980175308263,22.1604970004713,94.7391505912896));
#4023=CARTESIAN_POINT('Ctrl Pts',(24.6540603475122,24.8401926466257,93.7096011120436));
#4024=CARTESIAN_POINT('Ctrl Pts',(24.5764650291306,24.7269747303058,94.0871587096894));
#4025=CARTESIAN_POINT('Ctrl Pts',(24.498900826653,24.6138410958421,94.4647163073353));
#4026=CARTESIAN_POINT('Ctrl Pts',(24.4213683797469,24.5007916630132,94.8422739049811));
#4027=CARTESIAN_POINT('Ctrl Pts',(20.8224388560983,27.5355943903785,93.8554886595513));
#4028=CARTESIAN_POINT('Ctrl Pts',(20.7536662323591,27.4096655194553,94.229569938034));
#4029=CARTESIAN_POINT('Ctrl Pts',(20.6849304046312,27.2838363157671,94.6036512165167));
#4030=CARTESIAN_POINT('Ctrl Pts',(20.6162321293511,27.1581066844486,94.9777324949994));
#4031=CARTESIAN_POINT('Ctrl Pts',(16.4850744153435,30.4488461966785,94.0362009764642));
#4032=CARTESIAN_POINT('Ctrl Pts',(16.4256728560285,30.3092121007196,94.4059761047578));
#4033=CARTESIAN_POINT('Ctrl Pts',(16.3663140776182,30.1696938829316,94.7757512330513));
#4034=CARTESIAN_POINT('Ctrl Pts',(16.306998959584,30.0302914330191,95.1455263613449));
#4035=CARTESIAN_POINT('Ctrl Pts',(12.4752659078295,33.12757791836,94.2169132933773));
#4036=CARTESIAN_POINT('Ctrl Pts',(12.4240874252388,32.9755035186631,94.5823822714817));
#4037=CARTESIAN_POINT('Ctrl Pts',(12.3729563784697,32.8235576056429,94.9478512495861));
#4038=CARTESIAN_POINT('Ctrl Pts',(12.3218737426876,32.6717400570027,95.3133202276906));
#4039=CARTESIAN_POINT('Ctrl Pts',(8.81334001681958,35.6180174866159,94.3919783503869));
#4040=CARTESIAN_POINT('Ctrl Pts',(8.76950684721515,35.4546623301947,94.7532757454955));
#4041=CARTESIAN_POINT('Ctrl Pts',(8.72572393963202,35.2914433156143,95.1145731406042));
#4042=CARTESIAN_POINT('Ctrl Pts',(8.68199232733538,35.1283603132917,95.4758705357129));
#4043=CARTESIAN_POINT('Ctrl Pts',(5.50447450250576,37.9367455375509,94.5557488875889));
#4044=CARTESIAN_POINT('Ctrl Pts',(5.46744477839644,37.7632923214923,94.9131438340887));
#4045=CARTESIAN_POINT('Ctrl Pts',(5.43046581504954,37.5899765981857,95.2705387805884));
#4046=CARTESIAN_POINT('Ctrl Pts',(5.39353865598313,37.4167982367624,95.6279337270882));
#4047=CARTESIAN_POINT('Ctrl Pts',(2.55486565721073,40.0791379631618,94.7025776450806));
#4048=CARTESIAN_POINT('Ctrl Pts',(2.52442930817059,39.8968805630934,95.0564738445516));
#4049=CARTESIAN_POINT('Ctrl Pts',(2.49404139243433,39.7147543515242,95.4103700440227));
#4050=CARTESIAN_POINT('Ctrl Pts',(2.46370290567313,39.5327592035861,95.7642662434937));
#4051=CARTESIAN_POINT('Ctrl Pts',(-0.0254461079317059,42.0277025847356,
94.8268173629588));
#4052=CARTESIAN_POINT('Ctrl Pts',(-0.0491840199505589,41.8381018393594,
95.1777530841749));
#4053=CARTESIAN_POINT('Ctrl Pts',(-0.072879151064833,41.6486169721541,95.5286888053909));
#4054=CARTESIAN_POINT('Ctrl Pts',(-0.0965306218029749,41.4592478728243,
95.8796245266069));
#4055=CARTESIAN_POINT('Ctrl Pts',(-2.22130708847877,43.7595332841692,94.9228207813182));
#4056=CARTESIAN_POINT('Ctrl Pts',(-2.23795077303319,43.5642674042779,95.2714688602462));
#4057=CARTESIAN_POINT('Ctrl Pts',(-2.25456115276423,43.3690917352425,95.6201169391742));
#4058=CARTESIAN_POINT('Ctrl Pts',(-2.27113754300556,43.1740061911982,95.9687650181022));
#4059=CARTESIAN_POINT('Ctrl Pts',(-3.71383351272938,44.9904605244818,94.9745873304344));
#4060=CARTESIAN_POINT('Ctrl Pts',(-3.72400659328919,44.7920411698612,95.3220018767561));
#4061=CARTESIAN_POINT('Ctrl Pts',(-3.73415786777911,44.5936808800856,95.6694164230779));
#4062=CARTESIAN_POINT('Ctrl Pts',(-3.74428688791928,44.3953795989356,96.0168309693997));
#4063=CARTESIAN_POINT('Ctrl Pts',(-4.6945263409568,45.8416726355431,94.9962351600642));
#4064=CARTESIAN_POINT('Ctrl Pts',(-4.69906364990458,45.641839390567,95.3431338654779));
#4065=CARTESIAN_POINT('Ctrl Pts',(-4.70359076236733,45.4420337642223,95.6900325708916));
#4066=CARTESIAN_POINT('Ctrl Pts',(-4.70810746873008,45.242255730221,96.0369312763053));
#4067=CARTESIAN_POINT('Ctrl Pts',(-5.11050190567818,46.2072153477292,95.));
#4068=CARTESIAN_POINT('Ctrl Pts',(-5.11204391758124,46.0070164661687,95.3468089939514));
#4069=CARTESIAN_POINT('Ctrl Pts',(-5.1135823828808,45.8068271910887,95.6936179879028));
#4070=CARTESIAN_POINT('Ctrl Pts',(-5.11511722866732,45.6066475133456,96.0404269818543));
#4071=CARTESIAN_POINT('Ctrl Pts',(-5.30059793946268,46.3893581740361,95.));
#4072=CARTESIAN_POINT('Ctrl Pts',(-5.30059793946268,46.1891279080209,95.3468089939514));
#4073=CARTESIAN_POINT('Ctrl Pts',(-5.30059793946268,45.9888976420056,95.6936179879028));
#4074=CARTESIAN_POINT('Ctrl Pts',(-5.30059793946268,45.7886673759904,96.0404269818543));
#4075=CARTESIAN_POINT('Origin',(109.699402060537,-10.6419098501153,30.9321161439436));
#4076=CARTESIAN_POINT('',(109.699402060537,-10.6419098501153,30.9321161439436));
#4077=CARTESIAN_POINT('',(109.699402060537,-10.6419098501153,30.9321161439436));
#4078=CARTESIAN_POINT('',(109.699402060537,-10.6419098501153,30.9321161439436));
#4079=CARTESIAN_POINT('Origin',(109.699402060537,-29.0042150286322,62.7365616572203));
#4080=CARTESIAN_POINT('',(109.699402060537,-29.0042150286322,62.7365616572203));
#4081=CARTESIAN_POINT('Origin',(109.699402060537,-4.85893208946291E-14,
1.77512287484199));
#4082=CARTESIAN_POINT('Origin',(109.699402060537,29.004215028632,62.7365616572203));
#4083=CARTESIAN_POINT('',(109.699402060537,10.6419098501151,30.9321161439435));
#4084=CARTESIAN_POINT('',(109.699402060537,10.6419098501151,30.9321161439435));
#4085=CARTESIAN_POINT('',(109.699402060537,29.004215028632,62.7365616572203));
#4086=CARTESIAN_POINT('Origin',(109.699402060537,10.6419098501151,30.9321161439435));
#4087=CARTESIAN_POINT('',(109.699402060537,10.6419098501151,30.9321161439435));
#4088=CARTESIAN_POINT('Origin',(109.699402060537,-4.85893208946291E-14,
1.77512287484199));
#4089=CARTESIAN_POINT('Origin',(-20.3005979394626,70.,1.77512287484194));
#4090=CARTESIAN_POINT('',(-35.1506783435531,70.,55.3572381900062));
#4091=CARTESIAN_POINT('',(-35.1506783435531,70.,55.3572381900062));
#4092=CARTESIAN_POINT('',(-17.5044526197056,70.,86.7844626287566));
#4093=CARTESIAN_POINT('',(-17.5044526197056,70.,86.7844626287566));
#4094=CARTESIAN_POINT('',(1.14529200747922,70.,55.3572381900062));
#4095=CARTESIAN_POINT('',(1.14529200747922,70.,55.3572381900062));
#4096=CARTESIAN_POINT('',(7.93677558070298,70.,-4.99999999999995));
#4097=CARTESIAN_POINT('Origin',(7.93677558070298,70.,-4.99999999999995));
#4098=CARTESIAN_POINT('',(1.14529200747922,70.,55.3572381900062));
#4099=CARTESIAN_POINT('Origin',(1.14529200747922,70.,55.3572381900062));
#4100=CARTESIAN_POINT('',(-17.5044526197056,70.,86.7844626287566));
#4101=CARTESIAN_POINT('Origin',(-17.5044526197056,70.,86.7844626287566));
#4102=CARTESIAN_POINT('',(-35.1506783435531,70.,55.3572381900062));
#4103=CARTESIAN_POINT('Origin',(-35.1506783435531,70.,55.3572381900062));
#4104=CARTESIAN_POINT('Origin',(-17.5044526197056,70.,86.7844626287566));
#4105=CARTESIAN_POINT('',(-35.1506783435531,-70.,55.3572381900062));
#4106=CARTESIAN_POINT('',(-35.1506783435531,70.,55.3572381900062));
#4107=CARTESIAN_POINT('',(-17.5044526197056,-70.,86.7844626287566));
#4108=CARTESIAN_POINT('',(-17.5044526197056,-70.,86.7844626287566));
#4109=CARTESIAN_POINT('',(-17.5044526197056,70.,86.7844626287566));
#4110=CARTESIAN_POINT('Origin',(1.14529200747922,70.,55.3572381900062));
#4111=CARTESIAN_POINT('',(1.14529200747916,-70.,55.3572381900062));
#4112=CARTESIAN_POINT('',(1.14529200747916,-70.,55.3572381900062));
#4113=CARTESIAN_POINT('',(1.14529200747922,70.,55.3572381900062));
#4114=CARTESIAN_POINT('Origin',(-35.1506783435531,70.,55.3572381900062));
#4115=CARTESIAN_POINT('',(-35.1506783435531,-70.,55.3572381900062));
#4116=CARTESIAN_POINT('Origin',(7.93677558070298,70.,-4.99999999999995));
#4117=CARTESIAN_POINT('',(7.93677558070293,-70.,-4.99999999999997));
#4118=CARTESIAN_POINT('Origin',(-20.3005979394627,-70.,1.77512287484192));
#4119=UNCERTAINTY_MEASURE_WITH_UNIT(LENGTH_MEASURE(0.01),#4123,
'DISTANCE_ACCURACY_VALUE',
'Maximum model space distance between geometric entities at asserted c
onnectivities');
#4120=UNCERTAINTY_MEASURE_WITH_UNIT(LENGTH_MEASURE(0.01),#4123,
'DISTANCE_ACCURACY_VALUE',
'Maximum model space distance between geometric entities at asserted c
onnectivities');
#4121=(
GEOMETRIC_REPRESENTATION_CONTEXT(3)
GLOBAL_UNCERTAINTY_ASSIGNED_CONTEXT((#4119))
GLOBAL_UNIT_ASSIGNED_CONTEXT((#4123,#4125,#4126))
REPRESENTATION_CONTEXT('','3D')
);
#4122=(
GEOMETRIC_REPRESENTATION_CONTEXT(3)
GLOBAL_UNCERTAINTY_ASSIGNED_CONTEXT((#4120))
GLOBAL_UNIT_ASSIGNED_CONTEXT((#4123,#4125,#4126))
REPRESENTATION_CONTEXT('','3D')
);
#4123=(
LENGTH_UNIT()
NAMED_UNIT(*)
SI_UNIT(.MILLI.,.METRE.)
);
#4124=(
LENGTH_UNIT()
NAMED_UNIT(*)
SI_UNIT($,.METRE.)
);
#4125=(
NAMED_UNIT(*)
PLANE_ANGLE_UNIT()
SI_UNIT($,.RADIAN.)
);
#4126=(
NAMED_UNIT(*)
SI_UNIT($,.STERADIAN.)
SOLID_ANGLE_UNIT()
);
#4127=SHAPE_DEFINITION_REPRESENTATION(#4128,#4129);
#4128=PRODUCT_DEFINITION_SHAPE('',$,#4131);
#4129=SHAPE_REPRESENTATION('',(#577),#4121);
#4130=PRODUCT_DEFINITION_CONTEXT('part definition',#4135,'design');
#4131=PRODUCT_DEFINITION('Moldcore-Shape_hollow_small',
'moldcore-small v5',#4132,#4130);
#4132=PRODUCT_DEFINITION_FORMATION('',$,#4137);
#4133=PRODUCT_RELATED_PRODUCT_CATEGORY('moldcore-small v5',
'moldcore-small v5',(#4137));
#4134=APPLICATION_PROTOCOL_DEFINITION('international standard',
'automotive_design',2009,#4135);
#4135=APPLICATION_CONTEXT(
'Core Data for Automotive Mechanical Design Process');
#4136=PRODUCT_CONTEXT('part definition',#4135,'mechanical');
#4137=PRODUCT('Moldcore-Shape_hollow_small','moldcore-small v5',
'STEP AP214',(#4136));
#4138=PRESENTATION_STYLE_ASSIGNMENT((#4140));
#4139=PRESENTATION_STYLE_ASSIGNMENT((#4141));
#4140=SURFACE_STYLE_USAGE(.BOTH.,#4142);
#4141=SURFACE_STYLE_USAGE(.BOTH.,#4143);
#4142=SURFACE_SIDE_STYLE('',(#4144));
#4143=SURFACE_SIDE_STYLE('',(#4145));
#4144=SURFACE_STYLE_FILL_AREA(#4146);
#4145=SURFACE_STYLE_FILL_AREA(#4147);
#4146=FILL_AREA_STYLE('ABS (White)',(#4148));
#4147=FILL_AREA_STYLE('Opaque(202,209,238)',(#4149));
#4148=FILL_AREA_STYLE_COLOUR('ABS (White)',#4150);
#4149=FILL_AREA_STYLE_COLOUR('Opaque(202,209,238)',#4151);
#4150=COLOUR_RGB('ABS (White)',0.964705882352941,0.964705882352941,0.952941176470588);
#4151=COLOUR_RGB('Opaque(202,209,238)',0.792156862745098,0.819607843137255,
0.933333333333333);
ENDSEC;
END-ISO-10303-21;
