ISO-10303-21;
HEADER;
FILE_DESCRIPTION (( 'STEP AP214' ),
    '1' );
FILE_NAME ('W0002457_04_Moldcore_shape_hollow.STEP',
    '2025-05-13T08:20:35',
    ( '' ),
    ( '' ),
    'SwSTEP 2.0',
    'SolidWorks 2025',
    '' );
FILE_SCHEMA (( 'AUTOMOTIVE_DESIGN' ));
ENDSEC;

DATA;
#1 = CARTESIAN_POINT ( 'NONE',  ( -36.23002982914305647, 98.00645114638204802, 35.83925667971033135 ) ) ;
#2 = CARTESIAN_POINT ( 'NONE',  ( -44.10610829276835432, 92.95719070587929878, 0.9110357292168237420 ) ) ;
#3 = CARTESIAN_POINT ( 'NONE',  ( 48.65872031445990586, 59.89154379182479460, 17.72356355148309248 ) ) ;
#4 = CARTESIAN_POINT ( 'NONE',  ( 4.005154339145025055, 147.9690755552676649, -1.258307109075058161 ) ) ;
#5 = CARTESIAN_POINT ( 'NONE',  ( 9.727791692674955470, 148.0157583640755661, 26.88392696778696234 ) ) ;
#6 = CARTESIAN_POINT ( 'NONE',  ( 4.011336665633956855, 147.8624094998987744, 30.99266998116387484 ) ) ;
#7 = ADVANCED_FACE ( 'NONE', ( #1276 ), #603, .F. ) ;
#8 = CARTESIAN_POINT ( 'NONE',  ( -19.09558289190628599, 93.77765161681446671, -24.45781923581223083 ) ) ;
#9 = CARTESIAN_POINT ( 'NONE',  ( 48.69994868133911581, 59.89154379182479460, 12.18265965280315299 ) ) ;
#10 = CARTESIAN_POINT ( 'NONE',  ( -0.9741674376374815925, 96.04439136376990405, -31.85622137398095433 ) ) ;
#11 = LINE ( 'NONE', #913, #1872 ) ;
#12 = CARTESIAN_POINT ( 'NONE',  ( 23.62430753291696206, 93.94251625741097200, 52.09750524574551633 ) ) ;
#13 = ORIENTED_EDGE ( 'NONE', *, *, #100, .F. ) ;
#14 = CARTESIAN_POINT ( 'NONE',  ( -11.41313036393419544, 91.62479144494345462, 61.04982930121821738 ) ) ;
#15 = CARTESIAN_POINT ( 'NONE',  ( 47.72393217730769521, 94.98414950917492661, 12.92956982972349955 ) ) ;
#16 = CARTESIAN_POINT ( 'NONE',  ( 48.67898561401620583, 93.22487712515804503, 15.00000000000000000 ) ) ;
#17 = CARTESIAN_POINT ( 'NONE',  ( 48.67898561401620583, 26.55821045849139139, 14.99999999999999467 ) ) ;
#18 = CARTESIAN_POINT ( 'NONE',  ( 1.919714535889174067, 173.2248771251578319, 13.16914185133310333 ) ) ;
#19 = CARTESIAN_POINT ( 'NONE',  ( -2.566486137612631779, 147.8382712527597960, 31.55272069140512770 ) ) ;
#20 = CARTESIAN_POINT ( 'NONE',  ( -18.57178247953064343, 96.33421439959467136, -23.85440516586869819 ) ) ;
#21 = CARTESIAN_POINT ( 'NONE',  ( -41.50259817215895453, 39.31360416532767488, 45.54439994748848619 ) ) ;
#22 = CARTESIAN_POINT ( 'NONE',  ( 14.57219210331360948, 96.23842543012716533, -26.62962398156228616 ) ) ;
#23 = CARTESIAN_POINT ( 'NONE',  ( -3.018606995664471844E-14, -6.775122874841971843, 91.11738157801121929 ) ) ;
#24 = CARTESIAN_POINT ( 'NONE',  ( -85.00000000000000000, 85.00933975391465935, 2.796145319757071590 ) ) ;
#25 = ORIENTED_EDGE ( 'NONE', *, *, #353, .T. ) ;
#26 = CARTESIAN_POINT ( 'NONE',  ( -47.18921970390638165, 94.34627714377784002, 8.430565809880789629 ) ) ;
#27 = CARTESIAN_POINT ( 'NONE',  ( 45.59500600722665808, 98.46081815135038084, 16.91952957911180633 ) ) ;
#28 = DIRECTION ( 'NONE',  ( -0.000000000000000000, -0.000000000000000000, -1.000000000000000000 ) ) ;
#29 = CARTESIAN_POINT ( 'NONE',  ( 12.65950179451072444, -6.775122874841963849, 89.61927142871756757 ) ) ;
#30 = CARTESIAN_POINT ( 'NONE',  ( 31.26766379500405080, 123.3821711426196259, 14.99999999999999822 ) ) ;
#31 = CARTESIAN_POINT ( 'NONE',  ( -10.70654669476130572, 97.13747424938004826, 58.58976068712014040 ) ) ;
#32 = CARTESIAN_POINT ( 'NONE',  ( 18.00628150021461948, 122.8066396029930161, 36.98339371080811588 ) ) ;
#33 = CARTESIAN_POINT ( 'NONE',  ( -25.94004556411432816, 97.80627501035766613, -17.01503975982558714 ) ) ;
#34 = CARTESIAN_POINT ( 'NONE',  ( -39.07485484814689158, 43.51857895025271716, 49.11792222483039438 ) ) ;
#35 = CARTESIAN_POINT ( 'NONE',  ( -19.09558289190628599, 93.77765161681446671, -24.45781923581223083 ) ) ;
#36 = CARTESIAN_POINT ( 'NONE',  ( 16.93127477533877823, 148.3035241338888568, 14.22922098428997728 ) ) ;
#37 = LINE ( 'NONE', #251, #2160 ) ;
#38 = CARTESIAN_POINT ( 'NONE',  ( 31.26766379500405080, 123.3821711426196259, 14.99999999999999822 ) ) ;
#39 = VERTEX_POINT ( 'NONE', #383 ) ;
#40 = MANIFOLD_SOLID_BREP ( 'Boss-Extrude2', #1351 ) ;
#41 = CARTESIAN_POINT ( 'NONE',  ( -27.70255180536102912, 93.44748630853034399, 48.63609100659805762 ) ) ;
#42 = VECTOR ( 'NONE', #2817, 1000.000000000000114 ) ;
#43 = CARTESIAN_POINT ( 'NONE',  ( 38.24245849282087306, 93.27228488801790718, -6.750508995572685578 ) ) ;
#44 = EDGE_CURVE ( 'NONE', #2336, #1893, #1991, .T. ) ;
#45 = CARTESIAN_POINT ( 'NONE',  ( -7.043444447368319317, 91.49372087416450938, -31.79317014864247426 ) ) ;
#46 = CARTESIAN_POINT ( 'NONE',  ( 40.63396819282931460, -6.775122874841924769, -30.97169401982817760 ) ) ;
#47 = CARTESIAN_POINT ( 'NONE',  ( 46.32509884523075527, 97.30192860395854382, 15.00000000000000000 ) ) ;
#48 = CARTESIAN_POINT ( 'NONE',  ( -18.30976948812633509, 97.61249579098479501, -23.55269834607959467 ) ) ;
#49 = CARTESIAN_POINT ( 'NONE',  ( 0.9026482715344311680, 173.2248771251580592, 17.12283464460174187 ) ) ;
#50 = CARTESIAN_POINT ( 'NONE',  ( -43.19717799970960215, 94.75142402739982117, 1.128194936768156742 ) ) ;
#51 = CARTESIAN_POINT ( 'NONE',  ( 42.55096293691073583, -6.775122874841917664, -21.55719659405220057 ) ) ;
#52 = CARTESIAN_POINT ( 'NONE',  ( 3.061260934046883708, 97.36704211311247548, -31.28982398530903808 ) ) ;
#53 = CARTESIAN_POINT ( 'NONE',  ( 25.94004556611493229, 97.80627501035748139, -17.01503976433525622 ) ) ;
#54 = CARTESIAN_POINT ( 'NONE',  ( 47.66326922952618617, 94.98414950917492661, 15.00000000000000000 ) ) ;
#55 = CARTESIAN_POINT ( 'NONE',  ( -26.18183862022290853, 56.07293944492973026, 62.04659112311175306 ) ) ;
#56 = ORIENTED_EDGE ( 'NONE', *, *, #137, .T. ) ;
#57 = CARTESIAN_POINT ( 'NONE',  ( -15.37797760840519423, 93.69733867318696241, 58.22847284984550242 ) ) ;
#58 = CARTESIAN_POINT ( 'NONE',  ( 26.33889485702625066, 97.59752084191050869, 47.08463433393676922 ) ) ;
#59 = B_SPLINE_CURVE_WITH_KNOTS ( 'NONE', 3,
 ( #2458, #1728, #1999, #2679, #888, #1105, #668, #447, #1537, #1772, #1339, #844, #213, #433, #1093, #2236, #2428, #2208, #1985, #225 ),
 .UNSPECIFIED., .F., .F.,
 ( 4, 2, 2, 2, 2, 2, 2, 2, 2, 4 ),
 ( 1.201851678989727385E-17, 0.01191252282772993325, 0.01786878424159488860, 0.02084691494852735846, 0.02382504565545983180, 0.02978130706932477501, 0.03573756848318972168, 0.03871569919012218808, 0.04169382989705466142, 0.04765009131091962197 ),
 .UNSPECIFIED. ) ;
#60 = EDGE_CURVE ( 'NONE', #417, #1061, #1994, .T. ) ;
#61 = CARTESIAN_POINT ( 'NONE',  ( -10.64190985011514812, -6.775122874841930098, 89.96126503704024913 ) ) ;
#62 = CARTESIAN_POINT ( 'NONE',  ( -10.64190985011514812, -6.775122874841930098, 89.96126503704024913 ) ) ;
#63 = CARTESIAN_POINT ( 'NONE',  ( -30.52482798139767439, 123.3518800089552485, 19.24393687124504027 ) ) ;
#64 = CARTESIAN_POINT ( 'NONE',  ( -48.60932970201827885, 68.04072924701931413, 12.86576674778114970 ) ) ;
#65 = CARTESIAN_POINT ( 'NONE',  ( 1.007754534525529211, 95.82541667771209859, 61.97423652664351579 ) ) ;
#66 = CARTESIAN_POINT ( 'NONE',  ( -27.31754535149208607, -6.775122874841887466, -47.45506221986270390 ) ) ;
#67 = CARTESIAN_POINT ( 'NONE',  ( -23.13922837537715083, 93.91085633335680427, -21.27102721900197224 ) ) ;
#68 = CARTESIAN_POINT ( 'NONE',  ( 12.65711492767017887, 122.8166229023758120, -11.49457849591296110 ) ) ;
#69 = DIRECTION ( 'NONE',  ( 0.000000000000000000, 0.9937289486199696320, -0.1118158158520063949 ) ) ;
#70 = ORIENTED_EDGE ( 'NONE', *, *, #2237, .F. ) ;
#71 = CARTESIAN_POINT ( 'NONE',  ( 1.036156965228597793, 93.46256256223300340, 63.33843098627119161 ) ) ;
#72 = CARTESIAN_POINT ( 'NONE',  ( 4.360143829968143869, 58.72867751779174483, 72.74505203220383009 ) ) ;
#73 = CARTESIAN_POINT ( 'NONE',  ( -32.26641641117173975, 93.62600182029673590, -13.05446643302455634 ) ) ;
#74 = CARTESIAN_POINT ( 'NONE',  ( 44.77356336456576003, 59.71308617897228288, -2.651630171032823391 ) ) ;
#75 = DIRECTION ( 'NONE',  ( 0.000000000000000000, -0.9980047495993558115, 0.06313889274549382147 ) ) ;
#76 = CARTESIAN_POINT ( 'NONE',  ( -22.18579329681693935, 97.70615574701501771, -20.41910684768976481 ) ) ;
#77 = CARTESIAN_POINT ( 'NONE',  ( 0.9606141223600594969, 97.35842970336256030, -31.51387663925495630 ) ) ;
#78 = CARTESIAN_POINT ( 'NONE',  ( 32.38254110622331439, 94.27090562779588367, 43.40507330872057423 ) ) ;
#79 = EDGE_CURVE ( 'NONE', #680, #1280, #1780, .T. ) ;
#80 = CARTESIAN_POINT ( 'NONE',  ( 1.359457024805728942, 58.68930303155525507, -41.58829495238411056 ) ) ;
#81 = CARTESIAN_POINT ( 'NONE',  ( -27.11661245625745309, 95.25297845358893767, 48.02412069314073051 ) ) ;
#82 = CARTESIAN_POINT ( 'NONE',  ( -0.08624187094307765589, 173.2248771251580592, 12.28763720214470467 ) ) ;
#83 = DIRECTION ( 'NONE',  ( -1.000000000000000000, 0.000000000000000000, -0.000000000000000000 ) ) ;
#84 = FACE_OUTER_BOUND ( 'NONE', #1822, .T. ) ;
#85 = EDGE_LOOP ( 'NONE', ( #2163, #2774, #182, #1265, #311 ) ) ;
#86 = CARTESIAN_POINT ( 'NONE',  ( 47.66326922952618617, 94.98414950917492661, 15.00000000000000000 ) ) ;
#87 = AXIS2_PLACEMENT_3D ( 'NONE', #1561, #2438, #2392 ) ;
#88 = APPLICATION_CONTEXT ( 'automotive_design' ) ;
#89 = CARTESIAN_POINT ( 'NONE',  ( -26.12820837710586730, 26.10725641127777052, 71.99654669877058666 ) ) ;
#90 = CARTESIAN_POINT ( 'NONE',  ( -15.29393545559433853, 91.69976897321464548, -27.74477061277769252 ) ) ;
#91 = VECTOR ( 'NONE', #614, 1000.000000000000000 ) ;
#92 = ORIENTED_EDGE ( 'NONE', *, *, #494, .T. ) ;
#93 = ADVANCED_BREP_SHAPE_REPRESENTATION ( 'W0002457_04_Moldcore_shape_hollow', ( #40, #1969 ), #1594 ) ;
#94 = CARTESIAN_POINT ( 'NONE',  ( 44.10610829458226334, 92.95719070587931299, 0.9110357201499929003 ) ) ;
#95 = CARTESIAN_POINT ( 'NONE',  ( -47.60867869903135130, 94.97905399500154999, 13.31315029432992958 ) ) ;
#96 = CARTESIAN_POINT ( 'NONE',  ( -15.46935135266883421, 148.2489788721392756, 9.855204555563501501 ) ) ;
#97 = CARTESIAN_POINT ( 'NONE',  ( -3.153645887564158645, 97.01820291057585166, 61.09247043145593636 ) ) ;
#98 = CARTESIAN_POINT ( 'NONE',  ( -5.151552818705809500, 25.96178633132647917, -49.85388122136135536 ) ) ;
#99 = CARTESIAN_POINT ( 'NONE',  ( -31.00713634489876469, 97.77926764389782477, 42.21320524242452876 ) ) ;
#100 = EDGE_CURVE ( 'NONE', #1675, #1444, #560, .T. ) ;
#101 = CARTESIAN_POINT ( 'NONE',  ( 36.15273581954502902, 98.11632176135412919, -5.960073624376930113 ) ) ;
#102 = FACE_OUTER_BOUND ( 'NONE', #252, .T. ) ;
#103 = CARTESIAN_POINT ( 'NONE',  ( 47.05570880232395581, 96.14303905656674942, 12.95783923708975038 ) ) ;
#104 = VERTEX_POINT ( 'NONE', #1129 ) ;
#105 = CARTESIAN_POINT ( 'NONE',  ( 24.13097028765624685, 92.02137920473913368, 52.55845643115754484 ) ) ;
#106 = CARTESIAN_POINT ( 'NONE',  ( -42.67139862545414530, 26.37508191139957603, 47.19656125995000195 ) ) ;
#107 = CARTESIAN_POINT ( 'NONE',  ( -32.48962443305273951, 93.00277670544515729, -13.17391885413492503 ) ) ;
#108 = ORIENTED_EDGE ( 'NONE', *, *, #533, .F. ) ;
#109 = CARTESIAN_POINT ( 'NONE',  ( 36.79159352042109532, 26.27643528030317555, -25.04955838536499613 ) ) ;
#110 = CARTESIAN_POINT ( 'NONE',  ( 23.62134935037664007, 91.99034962572105201, -21.70211819538835840 ) ) ;
#111 = CARTESIAN_POINT ( 'NONE',  ( -24.90538414962368563, 123.1525068826222196, 0.5381770786329581613 ) ) ;
#112 = CARTESIAN_POINT ( 'NONE',  ( -10.86288400686442479, 95.95807204608580321, 59.23143381095419358 ) ) ;
#113 = CARTESIAN_POINT ( 'NONE',  ( -24.75574753553373952, 26.09562954096587717, -39.94450052667330198 ) ) ;
#114 = CARTESIAN_POINT ( 'NONE',  ( -18.30976948812633509, 97.61249579098479501, -23.55269834607959467 ) ) ;
#115 = CARTESIAN_POINT ( 'NONE',  ( 2.128566921418030500, 122.6529871171276795, -16.76090223362708542 ) ) ;
#116 = CARTESIAN_POINT ( 'NONE',  ( -48.49681654182924717, -6.775122874841932763, 28.23736965130479248 ) ) ;
#117 = CARTESIAN_POINT ( 'NONE',  ( 46.99418403737846006, 96.14303905656674942, 15.00000000000000000 ) ) ;
#118 = ORIENTED_EDGE ( 'NONE', *, *, #79, .F. ) ;
#119 = DIRECTION ( 'NONE',  ( 0.8660254037844415942, -0.4999999999999950040, 0.000000000000000000 ) ) ;
#120 = CARTESIAN_POINT ( 'NONE',  ( -11.41313036393419544, 91.62479144494345462, 61.04982930121821738 ) ) ;
#121 = CARTESIAN_POINT ( 'NONE',  ( 3.191269658819495092, 93.42856339415173750, -32.31476242947591970 ) ) ;
#122 = CARTESIAN_POINT ( 'NONE',  ( 34.79783180373471652, 59.32799343544834159, -19.17299375914606685 ) ) ;
#123 = CARTESIAN_POINT ( 'NONE',  ( -6.995850765613917943, 92.15551035648169886, -31.62248092681369727 ) ) ;
#124 = CARTESIAN_POINT ( 'NONE',  ( -16.82908264511649676, 148.3035241338886863, 15.74512318969521374 ) ) ;
#125 = CARTESIAN_POINT ( 'NONE',  ( 26.72769507909325881, 96.42524964774972318, 47.55437737418257882 ) ) ;
#126 = PRODUCT_DEFINITION_SHAPE ( 'NONE', 'NONE',  #194 ) ;
#127 = CARTESIAN_POINT ( 'NONE',  ( -1.021848913597882991, 91.42151598475378194, -33.06061320762504607 ) ) ;
#128 = CARTESIAN_POINT ( 'NONE',  ( -36.23002982914305647, 98.00645114638204802, 35.83925667971033135 ) ) ;
#129 = CARTESIAN_POINT ( 'NONE',  ( -15.46935135266883421, 148.2489788721392756, 9.855204555563501501 ) ) ;
#130 = CARTESIAN_POINT ( 'NONE',  ( -10.64190985011527069, 29.15699326910159073, 79.64467873917999441 ) ) ;
#131 = CARTESIAN_POINT ( 'NONE',  ( -44.71427039219706501, 3.337814006214456342, -11.67136852709136186 ) ) ;
#132 = VERTEX_POINT ( 'NONE', #277 ) ;
#133 = CARTESIAN_POINT ( 'NONE',  ( 33.07901564594847343, 92.40079866324494162, 43.78206323778242393 ) ) ;
#134 = CARTESIAN_POINT ( 'NONE',  ( -47.63126548465808696, 93.16993856103057681, 21.51460392621208229 ) ) ;
#135 = CARTESIAN_POINT ( 'NONE',  ( -10.95493642813643476, 92.89929546714164132, -29.74027475932555831 ) ) ;
#136 = CARTESIAN_POINT ( 'NONE',  ( -30.71886229886086639, 97.94407356635615258, -12.22682992355637488 ) ) ;
#137 = EDGE_CURVE ( 'NONE', #2336, #315, #805, .T. ) ;
#138 = CARTESIAN_POINT ( 'NONE',  ( -22.14762660660967697, 58.96638195677365957, -32.43094529469455978 ) ) ;
#139 = CARTESIAN_POINT ( 'NONE',  ( 10.95493642988162541, 92.89929546714166975, -29.74027476036237871 ) ) ;
#140 = CARTESIAN_POINT ( 'NONE',  ( -0.9935533191739289727, 97.00684373545163908, 61.29213929682967432 ) ) ;
#141 = AXIS2_PLACEMENT_3D ( 'NONE', #840, #2188, #1995 ) ;
#142 = CARTESIAN_POINT ( 'NONE',  ( -23.62430754089438523, 93.94251625741095779, 52.09750524885453871 ) ) ;
#143 = CARTESIAN_POINT ( 'NONE',  ( -47.93206435583736891, 59.85397376806631797, 6.374132381344481679 ) ) ;
#144 = CARTESIAN_POINT ( 'NONE',  ( 23.62430753291696206, 93.94251625741097200, 52.09750524574551633 ) ) ;
#145 = CARTESIAN_POINT ( 'NONE',  ( -16.68672116485745605, 148.2920409208888373, 12.57147276670117364 ) ) ;
#146 = CARTESIAN_POINT ( 'NONE',  ( -85.00000000000000000, -6.775122874841904341, 28.23737352016560465 ) ) ;
#147 = CARTESIAN_POINT ( 'NONE',  ( -7.243708798194428589, 91.53723310836518579, 62.70524060984886461 ) ) ;
#148 = CARTESIAN_POINT ( 'NONE',  ( 27.50564696326523517, 94.08070725942815216, 48.49386412518586553 ) ) ;
#149 = CARTESIAN_POINT ( 'NONE',  ( 11.41313035233088158, 91.62479144494345462, 61.04982930010238817 ) ) ;
#150 = CARTESIAN_POINT ( 'NONE',  ( -43.68982956800608264, 93.56204227928095918, 28.97692244694979635 ) ) ;
#151 = ORIENTED_EDGE ( 'NONE', *, *, #1627, .F. ) ;
#152 = CARTESIAN_POINT ( 'NONE',  ( 10.64190985011515345, 29.15699326910146993, 129.9999999999999716 ) ) ;
#153 = CARTESIAN_POINT ( 'NONE',  ( 2.034673245835966426, -6.775122874841906118, -58.64365844190223953 ) ) ;
#154 = CARTESIAN_POINT ( 'NONE',  ( 3.213196179780246631, 92.76424384398889345, -32.48764305251469153 ) ) ;
#155 = CARTESIAN_POINT ( 'NONE',  ( -2.000527503756566183, 173.2248771251580592, 16.31050584732450659 ) ) ;
#156 = EDGE_CURVE ( 'NONE', #1338, #1536, #2203, .T. ) ;
#157 = CARTESIAN_POINT ( 'NONE',  ( -1.036156965228532068, 93.46256256223300340, 63.33843098627119161 ) ) ;
#158 = CARTESIAN_POINT ( 'NONE',  ( -5.363321863154326685, 25.97677732147488427, 81.80790013311749931 ) ) ;
#159 = CARTESIAN_POINT ( 'NONE',  ( 19.56100575862261692, 93.81324080391102882, 55.38369108731623669 ) ) ;
#160 = CARTESIAN_POINT ( 'NONE',  ( -28.47270473976490379, 123.2730806191208757, 5.707523290886054035 ) ) ;
#161 = CARTESIAN_POINT ( 'NONE',  ( 31.60188198286090255, 95.48084247888402842, -12.69895241453752277 ) ) ;
#162 = ORIENTED_EDGE ( 'NONE', *, *, #2735, .F. ) ;
#163 = CARTESIAN_POINT ( 'NONE',  ( 41.99911412130327903, 97.11526291986805859, 1.414294505587525341 ) ) ;
#164 = B_SPLINE_CURVE_WITH_KNOTS ( 'NONE', 3,
 ( #2301, #1438, #1688, #1704 ),
 .UNSPECIFIED., .F., .F.,
 ( 4, 4 ),
 ( 0.3702092692701089982, 0.5198152452040820659 ),
 .UNSPECIFIED. ) ;
#165 = CARTESIAN_POINT ( 'NONE',  ( 37.19990261133737874, -6.775122874841972731, 69.91354635336341516 ) ) ;
#166 = CARTESIAN_POINT ( 'NONE',  ( -43.38106421379642086, 94.16016561300966714, 28.90388408365556927 ) ) ;
#167 = ORIENTED_EDGE ( 'NONE', *, *, #60, .T. ) ;
#168 = CARTESIAN_POINT ( 'NONE',  ( -29.00421502863211387, 60.96143878237831615, 129.9999999999999716 ) ) ;
#169 = CARTESIAN_POINT ( 'NONE',  ( 3.257046978751924282, 91.43560474366320534, -32.83340429617336298 ) ) ;
#170 = CARTESIAN_POINT ( 'NONE',  ( -23.46066763722178550, 92.63051852826639276, -21.55842123355624551 ) ) ;
#171 = CARTESIAN_POINT ( 'NONE',  ( -15.47623200491368678, 122.7186059957804076, 39.32657757826933675 ) ) ;
#172 = CARTESIAN_POINT ( 'NONE',  ( 19.56100575862261692, 93.81324080391102882, 55.38369108731623669 ) ) ;
#173 = CARTESIAN_POINT ( 'NONE',  ( -28.09645145824127255, 92.18104440673477029, 48.92054466155467196 ) ) ;
#174 = CARTESIAN_POINT ( 'NONE',  ( 32.38254110622331439, 94.27090562779588367, 43.40507330872057423 ) ) ;
#175 = CARTESIAN_POINT ( 'NONE',  ( -10.09753877934651989, 122.5624173378225237, 43.30750853219998930 ) ) ;
#176 = ADVANCED_FACE ( 'NONE', ( #1833 ), #2613, .T. ) ;
#177 = CARTESIAN_POINT ( 'NONE',  ( 10.87969720103049553, 93.55717484460647881, -29.57376326961314916 ) ) ;
#178 = LINE ( 'NONE', #855, #1786 ) ;
#179 = B_SPLINE_SURFACE_WITH_KNOTS ( 'NONE', 3, 3, ( 
 ( #1305, #884, #664, #1562 ),
 ( #193, #221, #398, #1334 ),
 ( #1114, #2409, #604, #2393 ),
 ( #1277, #1290, #163, #2258 ),
 ( #2507, #278, #705, #2699 ),
 ( #1362, #1795, #1171, #1616 ),
 ( #482, #898, #732, #1156 ),
 ( #1848, #2712, #2687, #292 ),
 ( #2299, #1807, #688, #1375 ),
 ( #497, #2080, #22, #2272 ),
 ( #1390, #676, #1586, #2037 ),
 ( #262, #1573, #2285, #2067 ),
 ( #1406, #1143, #454, #52 ),
 ( #911, #2478, #249, #2520 ),
 ( #2465, #952, #10, #1346 ),
 ( #1601, #1184, #2739, #1630 ),
 ( #2051, #510, #468, #2244 ),
 ( #235, #2493, #1130, #924 ),
 ( #1834, #2725, #1819, #2022 ),
 ( #35, #939, #719, #114 ),
 ( #67, #348, #1022, #1242 ),
 ( #540, #2137, #2374, #2800 ),
 ( #791, #2109, #1876, #2594 ),
 ( #1685, #1007, #1227, #1436 ),
 ( #2579, #2770, #808, #1212 ),
 ( #2123, #571, #1466, #2329 ),
 ( #585, #1657, #776, #2785 ),
 ( #1199, #2344, #1257, #554 ),
 ( #761, #745, #322, #965 ),
 ( #2359, #1671, #2549, #2314 ),
 ( #306, #1903, #2095, #128 ),
 ( #1861, #2814, #2753, #99 ),
 ( #1918, #81, #363, #1702 ),
 ( #1481, #1644, #992, #1889 ),
 ( #2535, #525, #1422, #978 ),
 ( #2564, #1451, #335, #2434 ),
 ( #1960, #205, #2608, #2214 ),
 ( #1977, #1529, #2655, #2859 ),
 ( #2420, #1098, #1733, #1273 ),
 ( #2388, #2625, #645, #600 ),
 ( #864, #851, #1286, #1544 ),
 ( #1750, #2640, #408, #380 ),
 ( #437, #631, #2198, #1054 ),
 ( #616, #2154, #1764, #425 ),
 ( #1947, #1497, #1514, #2170 ),
 ( #159, #1300, #2844, #835 ),
 ( #144, #2404, #190, #394 ),
 ( #1067, #1039, #1557, #2184 ),
 ( #174, #1084, #2875, #1316 ),
 ( #1935, #1990, #2890, #880 ),
 ( #2831, #1776, #2669, #657 ),
 ( #823, #2448, #1719, #217 ),
 ( #1581, #894, #2721, #2708 ),
 ( #1124, #684, #47, #1569 ) ),
 .UNSPECIFIED., .T., .F., .F.,
 ( 4, 1, 1, 1, 1, 1, 1, 1, 1, 1, 1, 1, 2, 1, 1, 1, 1, 1, 1, 1, 1, 1, 1, 1, 2, 1, 1, 1, 1, 1, 1, 1, 1, 1, 1, 1, 2, 1, 1, 1, 1, 1, 1, 1, 1, 1, 1, 1, 4 ),
 ( 4, 4 ),
 ( 0.000000000000000000, 0.03177888931474737860, 0.06355777862949475721, 0.09533666794424214275, 0.1271155572589895144, 0.1430050019163632002, 0.1588944465737368861, 0.1747838912311105719, 0.1906733358884842855, 0.2065627805458579436, 0.2224522252032316294, 0.2383416698606053152, 0.2542311145179790288, 0.2701205591753526591, 0.2860100038327263450, 0.3018994484901000308, 0.3177888931474737166, 0.3336783378048474025, 0.3495677824622210883, 0.3654572271195947741, 0.3813466717769684600, 0.4131255610917158316, 0.4449044504064632033, 0.4766833397212105750, 0.5084622290359579466, 0.5391833397212106860, 0.5699044504064634253, 0.6006255610917159427, 0.6313466717769686820, 0.6467072271195950517, 0.6620677824622214214, 0.6774283378048476800, 0.6927888931474739387, 0.7081494484901004194, 0.7235100038327266780, 0.7388705591753531587, 0.7542311145179794174, 0.7695916698606057871, 0.7849522252032319347, 0.8003127805458581934, 0.8156733358884844520, 0.8310338912311109327, 0.8463944465737371914, 0.8617550019163633390, 0.8771155572589897087, 0.9078366679442422260, 0.9385577786294949654, 0.9692788893147475937, 1.000000000000000000 ),
 ( 0.5303749424333118467, 0.5512429834264328532 ),
 .UNSPECIFIED. ) ;
#180 = CARTESIAN_POINT ( 'NONE',  ( 48.81651258572162533, -6.775122874841947862, 19.08100490975392560 ) ) ;
#181 = CARTESIAN_POINT ( 'NONE',  ( -23.62430754089438523, 93.94251625741095779, 52.09750524885453871 ) ) ;
#182 = ORIENTED_EDGE ( 'NONE', *, *, #2576, .T. ) ;
#183 = CARTESIAN_POINT ( 'NONE',  ( 85.00000000000000000, 53.58211531516425197, -14.85008040409040220 ) ) ;
#184 = CARTESIAN_POINT ( 'NONE',  ( -15.47722876265204128, 26.01109698750941490, -46.46590038866199279 ) ) ;
#185 = CARTESIAN_POINT ( 'NONE',  ( -7.043444447368319317, 91.49372087416450938, -31.79317014864247426 ) ) ;
#186 = CARTESIAN_POINT ( 'NONE',  ( -10.70654669476130572, 97.13747424938004826, 58.58976068712014040 ) ) ;
#187 = CARTESIAN_POINT ( 'NONE',  ( 47.66326922952618617, 94.98414950917492661, 15.00000000000000000 ) ) ;
#188 = AXIS2_PLACEMENT_3D ( 'NONE', #287, #2089, #75 ) ;
#189 = CARTESIAN_POINT ( 'NONE',  ( -48.65872031454637892, 59.89154379182473775, 17.72356353986325317 ) ) ;
#190 = CARTESIAN_POINT ( 'NONE',  ( 22.95713306220075012, 96.29115237319803100, 51.05514842879128423 ) ) ;
#191 = CARTESIAN_POINT ( 'NONE',  ( -1.313354980464122468, 173.2248771251580024, 16.91893466660521739 ) ) ;
#192 = CARTESIAN_POINT ( 'NONE',  ( 6.618369276856478578, 97.40256830333083826, -30.26915594495192963 ) ) ;
#193 = CARTESIAN_POINT ( 'NONE',  ( 47.72393217730769521, 94.98414950917492661, 12.92956982972349955 ) ) ;
#194 = PRODUCT_DEFINITION ( 'UNKNOWN', '', #1081, #1335 ) ;
#195 = CARTESIAN_POINT ( 'NONE',  ( 18.69745784792829113, -6.775122874841988718, 87.38550834723584160 ) ) ;
#196 = CARTESIAN_POINT ( 'NONE',  ( -7.243708798194428589, 91.53723310836518579, 62.70524060984886461 ) ) ;
#197 = ORIENTED_EDGE ( 'NONE', *, *, #1542, .F. ) ;
#198 = CARTESIAN_POINT ( 'NONE',  ( -22.62368900398071503, 97.46547043109154629, 50.53397029643908667 ) ) ;
#199 = LINE ( 'NONE', #1174, #2529 ) ;
#200 = CARTESIAN_POINT ( 'NONE',  ( -38.38120042156531753, 93.28654551867363409, 36.95409088397723707 ) ) ;
#201 = CARTESIAN_POINT ( 'NONE',  ( -0.2317630597420688721, 173.2248771251580592, 17.28041220835990543 ) ) ;
#202 = CARTESIAN_POINT ( 'NONE',  ( 46.26483400079698072, 97.30192860395854382, 16.94685786986473275 ) ) ;
#203 = B_SPLINE_SURFACE_WITH_KNOTS ( 'NONE', 3, 3, ( 
 ( #574, #1010, #982, #2773 ),
 ( #2331, #103, #2362, #2451 ),
 ( #382, #1979, #2877, #1516 ),
 ( #647, #1041, #2847, #2172 ),
 ( #1303, #2627, #866, #1993 ),
 ( #2610, #161, #2407, #1318 ),
 ( #2672, #1546, #2422, #2437 ),
 ( #662, #1069, #2657, #1087 ),
 ( #396, #1950, #427, #838 ),
 ( #2186, #1288, #2200, #2216 ),
 ( #177, #411, #1560, #618 ),
 ( #1962, #1332, #602, #192 ),
 ( #207, #1100, #1937, #1736 ),
 ( #1766, #2862, #2892, #439 ),
 ( #2833, #2229, #853, #1500 ),
 ( #882, #1056, #1752, #2642 ),
 ( #1275, #825, #1779, #633 ),
 ( #1531, #1722, #2391, #937 ),
 ( #260, #703, #2065, #1128 ),
 ( #8, #219, #20, #1628 ),
 ( #2463, #1154, #2049, #686 ),
 ( #466, #909, #1846, #33 ),
 ( #950, #1112, #495, #1169 ),
 ( #2505, #1388, #2737, #922 ),
 ( #50, #452, #717, #1832 ),
 ( #1614, #1817, #1599, #480 ),
 ( #2697, #2242, #1344, #233 ),
 ( #2283, #674, #1584, #2723 ),
 ( #2491, #730, #1805, #2710 ),
 ( #1373, #2020, #2270, #1404 ),
 ( #276, #2476, #896, #1360 ),
 ( #2518, #2256, #508, #2006 ),
 ( #247, #2905, #1793, #2685 ),
 ( #1571, #1141, #2035, #290 ),
 ( #2562, #2768, #346, #1209 ),
 ( #1699, #1655, #806, #304 ),
 ( #1887, #2121, #112, #583 ),
 ( #2783, #2327, #2798, #320 ),
 ( #2297, #1916, #2107, #97 ),
 ( #1464, #2341, #774, #1240 ),
 ( #1669, #552, #65, #2751 ),
 ( #568, #1449, #2534, #1434 ),
 ( #334, #1225, #1183, #1005 ),
 ( #2078, #2812, #2547, #1859 ),
 ( #1901, #2312, #2093, #538 ),
 ( #523, #963, #2357, #1420 ),
 ( #990, #789, #2592, #1683 ),
 ( #2577, #2135, #125, #1197 ),
 ( #78, #743, #1020, #1642 ),
 ( #976, #1874, #759, #1945 ),
 ( #1082, #1479, #378, #2606 ),
 ( #2212, #2372, #1762, #2432 ),
 ( #862, #2653, #202, #1284 ),
 ( #1314, #1717, #1975, #1298 ) ),
 .UNSPECIFIED., .T., .F., .F.,
 ( 4, 1, 1, 1, 1, 1, 1, 1, 1, 1, 1, 1, 2, 1, 1, 1, 1, 1, 1, 1, 1, 1, 1, 1, 2, 1, 1, 1, 1, 1, 1, 1, 1, 1, 1, 1, 2, 1, 1, 1, 1, 1, 1, 1, 1, 1, 1, 1, 4 ),
 ( 4, 4 ),
 ( 0.000000000000000000, 0.03177888931474737860, 0.06355777862949475721, 0.09533666794424214275, 0.1271155572589895144, 0.1430050019163632002, 0.1588944465737368861, 0.1747838912311105719, 0.1906733358884842855, 0.2065627805458579436, 0.2224522252032316294, 0.2383416698606053152, 0.2542311145179790288, 0.2701205591753526591, 0.2860100038327263450, 0.3018994484901000308, 0.3177888931474737166, 0.3336783378048474025, 0.3495677824622210883, 0.3654572271195947741, 0.3813466717769684600, 0.4131255610917158316, 0.4449044504064632033, 0.4766833397212105750, 0.5084622290359579466, 0.5391833397212106860, 0.5699044504064634253, 0.6006255610917159427, 0.6313466717769686820, 0.6467072271195950517, 0.6620677824622214214, 0.6774283378048476800, 0.6927888931474739387, 0.7081494484901004194, 0.7235100038327266780, 0.7388705591753531587, 0.7542311145179794174, 0.7695916698606057871, 0.7849522252032319347, 0.8003127805458581934, 0.8156733358884844520, 0.8310338912311109327, 0.8463944465737371914, 0.8617550019163633390, 0.8771155572589897087, 0.9078366679442422260, 0.9385577786294949654, 0.9692788893147475937, 1.000000000000000000 ),
 ( 0.5303749424333118467, 0.5512429834264328532 ),
 .UNSPECIFIED. ) ;
#204 = CARTESIAN_POINT ( 'NONE',  ( -44.77356336297133765, 59.71308617897222604, -2.651630158678397020 ) ) ;
#205 = CARTESIAN_POINT ( 'NONE',  ( -11.01925166439907322, 94.77866984279157236, 59.87310700560335874 ) ) ;
#206 = CARTESIAN_POINT ( 'NONE',  ( 44.65574284338737243, 98.41538145085354472, 21.13276568673824229 ) ) ;
#207 = CARTESIAN_POINT ( 'NONE',  ( 3.191269658819495092, 93.42856339415173750, -32.31476242947591970 ) ) ;
#208 = ORIENTED_EDGE ( 'NONE', *, *, #1052, .T. ) ;
#209 = DIRECTION ( 'NONE',  ( -2.016488393094053972E-16, -1.000000000000000000, -6.938893903907222461E-16 ) ) ;
#210 = CARTESIAN_POINT ( 'NONE',  ( 47.36652020714926437, -6.775122874841992271, 39.01075881657478561 ) ) ;
#211 = CARTESIAN_POINT ( 'NONE',  ( -1.043343099013142039, 92.79732273251424601, 63.52278943669666234 ) ) ;
#212 = EDGE_LOOP ( 'NONE', ( #2583, #118, #1188, #1710 ) ) ;
#213 = CARTESIAN_POINT ( 'NONE',  ( 43.66065523702685169, 35.57573968334308745, 41.41622903429652780 ) ) ;
#214 = FACE_OUTER_BOUND ( 'NONE', #212, .T. ) ;
#215 = CARTESIAN_POINT ( 'NONE',  ( -10.64190985011514812, -6.775122874841930098, 129.9999999999999716 ) ) ;
#216 = CARTESIAN_POINT ( 'NONE',  ( 18.53517578854512138, 58.90036053069032818, 67.21832350494980801 ) ) ;
#217 = CARTESIAN_POINT ( 'NONE',  ( 44.65574284338737243, 98.41538145085354472, 21.13276568673824229 ) ) ;
#218 = CARTESIAN_POINT ( 'NONE',  ( 2.178383275665357388, 122.4204276487699019, 46.48838061061561433 ) ) ;
#219 = CARTESIAN_POINT ( 'NONE',  ( -18.83372028027647005, 95.05593300820459035, -24.15611216112522541 ) ) ;
#220 = CARTESIAN_POINT ( 'NONE',  ( 48.67898561401620583, 93.22487712515804503, 15.00000000000000000 ) ) ;
#221 = CARTESIAN_POINT ( 'NONE',  ( 47.05570880232395581, 96.14303905656674942, 12.95783923708975038 ) ) ;
#222 = CARTESIAN_POINT ( 'NONE',  ( -1.001274068192453237, 93.41631468458460574, -32.54091084343294682 ) ) ;
#223 = CARTESIAN_POINT ( 'NONE',  ( 47.36652020714926437, -6.775122874841992271, 39.01075881657478561 ) ) ;
#224 = VERTEX_POINT ( 'NONE', #671 ) ;
#225 = CARTESIAN_POINT ( 'NONE',  ( 47.36652020714926437, 29.15699326910146993, 29.54949254202343667 ) ) ;
#226 = EDGE_CURVE ( 'NONE', #432, #1456, #1568, .T. ) ;
#227 = CARTESIAN_POINT ( 'NONE',  ( -45.60756165418592900, 98.45723535303952190, 13.37919060422748352 ) ) ;
#228 = CARTESIAN_POINT ( 'NONE',  ( 10.84563729425330614, 25.99566245289373256, 80.64839468953576329 ) ) ;
#229 = CARTESIAN_POINT ( 'NONE',  ( 1.672206234170370731, 173.2248771251578887, 12.92311308768245581 ) ) ;
#230 = CARTESIAN_POINT ( 'NONE',  ( 0.9935533191739948089, 97.00684373545163908, 61.29213929682967432 ) ) ;
#231 = CARTESIAN_POINT ( 'NONE',  ( 3.153645871231868458, 97.01820291057585166, 61.09247043134898547 ) ) ;
#232 = AXIS2_PLACEMENT_3D ( 'NONE', #2039, #1116, #2233 ) ;
#233 = CARTESIAN_POINT ( 'NONE',  ( -45.71912189278281602, 98.46081815135043769, 13.01437785233482458 ) ) ;
#234 = CARTESIAN_POINT ( 'NONE',  ( -32.83429302896228563, 54.32754908885467415, 55.23099059900354746 ) ) ;
#235 = CARTESIAN_POINT ( 'NONE',  ( -10.87969719929585999, 93.55717484460645039, -29.57376326858411630 ) ) ;
#236 = CARTESIAN_POINT ( 'NONE',  ( 10.64190985011514812, -6.775122874841930098, 89.96128622236071237 ) ) ;
#237 = CARTESIAN_POINT ( 'NONE',  ( 47.63126548218860279, 93.16993856103049154, 21.51460390208470841 ) ) ;
#238 = B_SPLINE_CURVE_WITH_KNOTS ( 'NONE', 3,
 ( #527, #981, #793, #2816, #1024, #1905, #1891, #2581 ),
 .UNSPECIFIED., .F., .F.,
 ( 4, 2, 2, 4 ),
 ( 0.000000000000000000, 0.03042771312812530063, 0.04564156969218795268, 0.06085542625625060126 ),
 .UNSPECIFIED. ) ;
#239 = ORIENTED_EDGE ( 'NONE', *, *, #353, .F. ) ;
#240 = CARTESIAN_POINT ( 'NONE',  ( 6.995850766604937654, 92.15551035648172729, -31.62248092726904858 ) ) ;
#241 = CARTESIAN_POINT ( 'NONE',  ( 85.00000000000000000, -6.775122874841904341, 28.23737352016560465 ) ) ;
#242 = EDGE_CURVE ( 'NONE', #1470, #1396, #2472, .T. ) ;
#243 = CARTESIAN_POINT ( 'NONE',  ( 13.82248572967046840, 58.82482000501494923, 69.82921186427563498 ) ) ;
#244 = CARTESIAN_POINT ( 'NONE',  ( 16.68672116542795791, 148.2920409208890362, 12.57147276264088021 ) ) ;
#245 = CARTESIAN_POINT ( 'NONE',  ( 8.372872653729938719, 147.9717415604692690, 28.12063014393855198 ) ) ;
#246 = CARTESIAN_POINT ( 'NONE',  ( 10.70654668389740038, 97.13747424938004826, 58.58976068607675813 ) ) ;
#247 = CARTESIAN_POINT ( 'NONE',  ( -27.50564697097865263, 94.08070725942815216, 48.49386413059857404 ) ) ;
#248 = CARTESIAN_POINT ( 'NONE',  ( 44.10610829458226334, 92.95719070587931299, 0.9110357201499929003 ) ) ;
#249 = CARTESIAN_POINT ( 'NONE',  ( 0.9741674376375446531, 96.04439136376990405, -31.85622137398095433 ) ) ;
#250 = CARTESIAN_POINT ( 'NONE',  ( -46.53374484075407480, 94.91884645687082411, 7.818985211014060965 ) ) ;
#251 = CARTESIAN_POINT ( 'NONE',  ( 85.00000000000000000, 53.58211531516425197, 21.44588994694187178 ) ) ;
#252 = EDGE_LOOP ( 'NONE', ( #534, #779, #2911, #872 ) ) ;
#253 = CARTESIAN_POINT ( 'NONE',  ( -23.96205827249264075, 92.66175822229638470, 52.40480607077859787 ) ) ;
#254 = CARTESIAN_POINT ( 'NONE',  ( 37.97904073782552814, 93.88324300725415128, -6.650814624988798052 ) ) ;
#255 = CARTESIAN_POINT ( 'NONE',  ( -15.29393545559433853, 91.69976897321464548, -27.74477061277769252 ) ) ;
#256 = CARTESIAN_POINT ( 'NONE',  ( 1.411462430937284740, 58.71952109043715495, 72.96679808436881842 ) ) ;
#257 = CARTESIAN_POINT ( 'NONE',  ( 1.247790481655686623, 173.2248771251580592, 12.61603451272965515 ) ) ;
#258 = CARTESIAN_POINT ( 'NONE',  ( 36.23002982381628811, 98.00645114638199118, 35.83925666928333698 ) ) ;
#259 = CARTESIAN_POINT ( 'NONE',  ( 0.4604887011058647062, 173.2248771251580592, 17.24839821581541699 ) ) ;
#260 = CARTESIAN_POINT ( 'NONE',  ( -14.98257806395620051, 93.65822669853511684, -27.26357809384314024 ) ) ;
#261 = CARTESIAN_POINT ( 'NONE',  ( -44.62313650836845369, 33.90867322004649509, 39.07807545559646911 ) ) ;
#262 = CARTESIAN_POINT ( 'NONE',  ( 6.900652328575485051, 93.47908932111609204, -31.28110246928336124 ) ) ;
#263 = ADVANCED_FACE ( 'NONE', ( #2733 ), #1194, .F. ) ;
#264 = CARTESIAN_POINT ( 'NONE',  ( 31.33599103058731927, 123.3821711426196259, 13.62215314097885432 ) ) ;
#265 = CARTESIAN_POINT ( 'NONE',  ( 38.65270571798612309, 92.67549148388262381, 37.05712634467527522 ) ) ;
#266 = CARTESIAN_POINT ( 'NONE',  ( -48.17951961589331944, 73.76147818492286490, 9.470923306354338322 ) ) ;
#267 = VERTEX_POINT ( 'NONE', #62 ) ;
#268 = CARTESIAN_POINT ( 'NONE',  ( -48.28265888802248185, 93.81130125316369117, 17.02917230334208654 ) ) ;
#269 = B_SPLINE_CURVE_WITH_KNOTS ( 'NONE', 4,
 ( #116, #1409, #2316, #1646, #2772 ),
 .UNSPECIFIED., .F., .F.,
 ( 5, 5 ),
 ( 0.5573775740750501750, 0.6064548229036519356 ),
 .UNSPECIFIED. ) ;
#270 = CARTESIAN_POINT ( 'NONE',  ( 31.00713633858508445, 97.77926764389782477, 42.21320523823580828 ) ) ;
#271 = FACE_OUTER_BOUND ( 'NONE', #2303, .T. ) ;
#272 = CARTESIAN_POINT ( 'NONE',  ( 30.36596051941992869, 26.15704448501838186, 67.68301616678849086 ) ) ;
#273 = CARTESIAN_POINT ( 'NONE',  ( 1.468016079320713763, 173.2248771251579456, 12.75861535141146419 ) ) ;
#274 = CARTESIAN_POINT ( 'NONE',  ( -14.36692082808725068, 97.52852479592321799, -26.31264707227688859 ) ) ;
#275 = CARTESIAN_POINT ( 'NONE',  ( 7.351931696998527777, 122.4999418746393616, 44.79098558408832531 ) ) ;
#276 = CARTESIAN_POINT ( 'NONE',  ( -37.83831557784640864, 94.50865358825559781, 36.74801977764290939 ) ) ;
#277 = CARTESIAN_POINT ( 'NONE',  ( -85.00000000000000000, -6.775122874841904341, -11.03157233584434849 ) ) ;
#278 = CARTESIAN_POINT ( 'NONE',  ( 37.19480104495809769, 95.70157467144498753, -6.354104435076588508 ) ) ;
#279 = CARTESIAN_POINT ( 'NONE',  ( 44.89892825553491207, 98.42636851235080542, 8.708769702665250634 ) ) ;
#280 = CARTESIAN_POINT ( 'NONE',  ( 48.28265888778125969, 93.81130125316367696, 17.02917231181492497 ) ) ;
#281 = CARTESIAN_POINT ( 'NONE',  ( -10.64190985011527069, 29.15699326910159073, 79.64467873917999441 ) ) ;
#282 = VERTEX_POINT ( 'NONE', #1653 ) ;
#283 = CARTESIAN_POINT ( 'NONE',  ( -38.65270572357032108, 92.67549148388266644, 37.05712635582894166 ) ) ;
#284 = ADVANCED_FACE ( 'NONE', ( #727 ), #973, .F. ) ;
#285 = CARTESIAN_POINT ( 'NONE',  ( 11.03016762145492180, 92.24141608967687489, -29.90678624416982601 ) ) ;
#286 = CARTESIAN_POINT ( 'NONE',  ( 4.205203617347193834, 58.69869553749488489, -41.34367303517197456 ) ) ;
#287 = CARTESIAN_POINT ( 'NONE',  ( 85.00000000000000000, 53.58211531516425197, -14.85008040409040220 ) ) ;
#288 = CARTESIAN_POINT ( 'NONE',  ( -2.505098426332944328, 173.2248771251580592, 14.83420753472816322 ) ) ;
#289 = CARTESIAN_POINT ( 'NONE',  ( -45.60756165418592900, 98.45723535303952190, 13.37919060422748352 ) ) ;
#290 = CARTESIAN_POINT ( 'NONE',  ( -22.62368900398071503, 97.46547043109154629, 50.53397029643908667 ) ) ;
#291 = CARTESIAN_POINT ( 'NONE',  ( -3.257046976491689616, 91.43560474366319113, -32.83340429607951449 ) ) ;
#292 = CARTESIAN_POINT ( 'NONE',  ( 22.18579329866658156, 97.70615574701487560, -20.41910685104468115 ) ) ;
#293 = CARTESIAN_POINT ( 'NONE',  ( -3.061260931932646479, 97.36704211311246127, -31.28982398522139263 ) ) ;
#294 = DIRECTION ( 'NONE',  ( -1.448333965938051152E-16, -1.000000000000000000, 0.000000000000000000 ) ) ;
#295 = CARTESIAN_POINT ( 'NONE',  ( 10.64190985011514812, -6.775122874841930098, 89.96128622236071237 ) ) ;
#296 = ORIENTED_EDGE ( 'NONE', *, *, #1321, .T. ) ;
#297 = CARTESIAN_POINT ( 'NONE',  ( 1.050529232797817070, 92.13208290279550283, 63.70714788712213306 ) ) ;
#298 = CARTESIAN_POINT ( 'NONE',  ( -34.09313403565393230, 26.21026621901692977, 62.91980367824266551 ) ) ;
#299 = CARTESIAN_POINT ( 'NONE',  ( 32.04317063490033490, 94.24922693514805871, -12.93501398509759248 ) ) ;
#300 = CARTESIAN_POINT ( 'NONE',  ( 47.94176548117066972, 26.53942544661218861, 4.400427146903562736 ) ) ;
#301 = CARTESIAN_POINT ( 'NONE',  ( 43.50019700809705370, 94.15334625355964704, 1.055808479762242680 ) ) ;
#302 = CARTESIAN_POINT ( 'NONE',  ( -1.468016079320681788, 173.2248771251581445, 12.75861535141146419 ) ) ;
#303 = CARTESIAN_POINT ( 'NONE',  ( 18.30976948992667630, 97.61249579098473816, -23.55269834860950695 ) ) ;
#304 = CARTESIAN_POINT ( 'NONE',  ( -14.72988474903211653, 97.23118744415477011, 56.40173342615356944 ) ) ;
#305 = CARTESIAN_POINT ( 'NONE',  ( -34.79783180160805500, 59.32799343544844106, -19.17299375106896875 ) ) ;
#306 = CARTESIAN_POINT ( 'NONE',  ( -37.83831557784640864, 94.50865358825559781, 36.74801977764290939 ) ) ;
#307 = CARTESIAN_POINT ( 'NONE',  ( -2.557205039146520864, 147.9507741845490330, -1.864404797843228545 ) ) ;
#308 = CARTESIAN_POINT ( 'NONE',  ( 48.21524834640301549, 73.12688641710695947, 9.847506813922644042 ) ) ;
#309 = CARTESIAN_POINT ( 'NONE',  ( -2.498696058276141052, 173.2248771251580592, 14.86802996273756428 ) ) ;
#310 = B_SPLINE_CURVE_WITH_KNOTS ( 'NONE', 3,
 ( #16, #474, #2264, #1842, #2692, #1813, #682, #1149, #1555, #1567, #1800, #2706, #1340, #1827, #2060, #2238, #45, #2500, #255, #2681, #1593, #2486, #670, #448, #2, #2279, #890, #654 ),
 .UNSPECIFIED., .F., .F.,
 ( 4, 1, 1, 1, 1, 1, 1, 1, 1, 1, 1, 1, 2, 1, 1, 1, 1, 1, 1, 1, 1, 1, 1, 1, 4 ),
 ( 0.000000000000000000, 0.03177888931474737860, 0.06355777862949475721, 0.09533666794424214275, 0.1271155572589895144, 0.1430050019163632002, 0.1588944465737368861, 0.1747838912311105719, 0.1906733358884842855, 0.2065627805458579436, 0.2224522252032316294, 0.2383416698606053152, 0.2542311145179790288, 0.2701205591753526591, 0.2860100038327263450, 0.3018994484901000308, 0.3177888931474737166, 0.3336783378048474025, 0.3495677824622210883, 0.3654572271195947741, 0.3813466717769684600, 0.4131255610917158316, 0.4449044504064632033, 0.4766833397212105750, 0.4999999999999822364 ),
 .UNSPECIFIED. ) ;
#311 = ORIENTED_EDGE ( 'NONE', *, *, #2253, .F. ) ;
#312 = CARTESIAN_POINT ( 'NONE',  ( 48.00184135768951421, 94.39772538116930889, 15.00000000000000000 ) ) ;
#313 = CARTESIAN_POINT ( 'NONE',  ( 6.368238917686003475, -6.775122874841978060, 90.87063567229397165 ) ) ;
#314 = CARTESIAN_POINT ( 'NONE',  ( 1.001274068192515188, 93.41631468458460574, -32.54091084343294682 ) ) ;
#315 = VERTEX_POINT ( 'NONE', #95 ) ;
#316 = CARTESIAN_POINT ( 'NONE',  ( 31.30242033751791908, -6.775122874841928322, -42.91395322790860689 ) ) ;
#317 = CARTESIAN_POINT ( 'NONE',  ( 38.24245849282087306, 93.27228488801790718, -6.750508995572685578 ) ) ;
#318 = CARTESIAN_POINT ( 'NONE',  ( -2.128566920002411322, 122.6529871171276511, -16.76090223356890974 ) ) ;
#319 = EDGE_CURVE ( 'NONE', #956, #2553, #1511, .T. ) ;
#320 = CARTESIAN_POINT ( 'NONE',  ( -6.797724446191386605, 97.06505950796321258, 60.16281848255517417 ) ) ;
#321 = CARTESIAN_POINT ( 'NONE',  ( -27.62072833872238675, 92.15413144804307422, -18.20942723026922394 ) ) ;
#322 = CARTESIAN_POINT ( 'NONE',  ( -45.31412729533383299, 97.25578760626345343, 21.22061563974551035 ) ) ;
#323 = CARTESIAN_POINT ( 'NONE',  ( -2.128566920002411322, 122.6529871171276511, -16.76090223356890974 ) ) ;
#324 = CARTESIAN_POINT ( 'NONE',  ( 46.60438073667678793, 81.66863273196830164, 4.778609057684918504 ) ) ;
#325 = CARTESIAN_POINT ( 'NONE',  ( 47.66326922952618617, 94.98414950917492661, 15.00000000000000000 ) ) ;
#326 = ORIENTED_EDGE ( 'NONE', *, *, #677, .F. ) ;
#327 = DIRECTION ( 'NONE',  ( 0.000000000000000000, -0.5103329861937656586, -0.8599768852722460277 ) ) ;
#328 = CARTESIAN_POINT ( 'NONE',  ( -15.70610017827522142, 91.73810223345651593, 58.74488181183505020 ) ) ;
#329 = CARTESIAN_POINT ( 'NONE',  ( -19.49296426824707495, 91.83713437258138867, -24.91583083205378557 ) ) ;
#330 = AXIS2_PLACEMENT_3D ( 'NONE', #2554, #327, #1218 ) ;
#331 = CARTESIAN_POINT ( 'NONE',  ( -8.176908277193440711, -6.775122874841969178, 90.52860081471084186 ) ) ;
#332 = CARTESIAN_POINT ( 'NONE',  ( 46.85875175005912752, 94.93515467090651327, 8.470718900839090182 ) ) ;
#333 = CARTESIAN_POINT ( 'NONE',  ( -9.940033131108160447, 122.7606422390015410, -13.37470820031591856 ) ) ;
#334 = CARTESIAN_POINT ( 'NONE',  ( 7.093826636398479657, 93.52348547710079174, 62.15847377906057147 ) ) ;
#335 = CARTESIAN_POINT ( 'NONE',  ( -14.94586524440024888, 96.05323785383218649, 57.01064647111596884 ) ) ;
#336 = CARTESIAN_POINT ( 'NONE',  ( 2.390217009709813212, 173.2248771251582014, 13.99553625521993183 ) ) ;
#337 = PLANE ( 'NONE',  #2675 ) ;
#338 = EDGE_LOOP ( 'NONE', ( #1104, #2322, #25, #723, #1217 ) ) ;
#339 = CARTESIAN_POINT ( 'NONE',  ( -47.36652020714926437, -6.775122874841992271, 129.9999999999999716 ) ) ;
#340 = CARTESIAN_POINT ( 'NONE',  ( -37.19990261160833711, -6.775122874841948750, 69.91354635509073034 ) ) ;
#341 = CARTESIAN_POINT ( 'NONE',  ( -11.03016761969918491, 92.24141608967684647, -29.90678624312521450 ) ) ;
#342 = ORIENTED_EDGE ( 'NONE', *, *, #912, .T. ) ;
#343 = CARTESIAN_POINT ( 'NONE',  ( 32.71279470113376675, 92.37955159059339394, -13.29337122423701878 ) ) ;
#344 = LINE ( 'NONE', #2075, #1352 ) ;
#345 = CARTESIAN_POINT ( 'NONE',  ( -45.59500600748017973, 98.46081815135043769, 16.91952957113586109 ) ) ;
#346 = CARTESIAN_POINT ( 'NONE',  ( -19.00974557732227765, 96.16570653571420735, 54.24734052727620082 ) ) ;
#347 = CARTESIAN_POINT ( 'NONE',  ( -28.80298608791811787, 26.14670129201246240, -35.84664449368467842 ) ) ;
#348 = CARTESIAN_POINT ( 'NONE',  ( -22.82151541453811561, 95.17595613790955156, -20.98705361556161364 ) ) ;
#349 = CARTESIAN_POINT ( 'NONE',  ( 9.817256461193354156, 148.0853430868911005, 2.947939358299467738 ) ) ;
#350 = DIRECTION ( 'NONE',  ( 0.000000000000000000, 0.8599768852722460277, -0.5103329861937656586 ) ) ;
#351 = ORIENTED_EDGE ( 'NONE', *, *, #1743, .T. ) ;
#352 = CARTESIAN_POINT ( 'NONE',  ( 7.193744504380223503, 92.19931723127703549, 62.52298500391990643 ) ) ;
#353 = EDGE_CURVE ( 'NONE', #2381, #1249, #344, .T. ) ;
#354 = CARTESIAN_POINT ( 'NONE',  ( -2.118956548767815917, -6.775122874841970955, 91.11738157801119087 ) ) ;
#355 = CARTESIAN_POINT ( 'NONE',  ( -14.98257806395620051, 93.65822669853511684, -27.26357809384314024 ) ) ;
#356 = ORIENTED_EDGE ( 'NONE', *, *, #2558, .F. ) ;
#357 = CARTESIAN_POINT ( 'NONE',  ( 10.64190985011514812, -6.775122874841930098, 129.9999999999999716 ) ) ;
#358 = CARTESIAN_POINT ( 'NONE',  ( -34.79783180160805500, 59.32799343544844106, -19.17299375106896875 ) ) ;
#359 = CARTESIAN_POINT ( 'NONE',  ( -1.014990631796073295, 92.08644888469740408, -32.88737908622768202 ) ) ;
#360 = CARTESIAN_POINT ( 'NONE',  ( -0.6881631277815495329, 122.4128548653537649, 46.62397193194600220 ) ) ;
#361 = CARTESIAN_POINT ( 'NONE',  ( -47.60462548313660847, 94.98414950917495503, 17.00151470153360478 ) ) ;
#362 = CARTESIAN_POINT ( 'NONE',  ( -6.368238932413134989, -6.775122874841971843, 90.87063567234373807 ) ) ;
#363 = CARTESIAN_POINT ( 'NONE',  ( -26.72769508661293969, 96.42524964774972318, 47.55437737943602627 ) ) ;
#364 = CARTESIAN_POINT ( 'NONE',  ( -18.73422451313435388, 97.34193940161578951, 53.67916545384564131 ) ) ;
#365 = PLANE ( 'NONE',  #2292 ) ;
#366 = SURFACE_STYLE_USAGE ( .BOTH. , #1501 ) ;
#367 = CARTESIAN_POINT ( 'NONE',  ( 38.10973703391569956, 93.89759955346457332, 36.85105533792252430 ) ) ;
#368 = CARTESIAN_POINT ( 'NONE',  ( 47.63126548218860279, 93.16993856103049154, 21.51460390208470841 ) ) ;
#369 = CARTESIAN_POINT ( 'NONE',  ( -23.62134934846716661, 91.99034962572119412, -21.70211819179634105 ) ) ;
#370 = EDGE_CURVE ( 'NONE', #2332, #680, #1432, .T. ) ;
#371 = ORIENTED_EDGE ( 'NONE', *, *, #1353, .F. ) ;
#372 = CARTESIAN_POINT ( 'NONE',  ( -22.18579329681693935, 97.70615574701501771, -20.41910684768976481 ) ) ;
#373 = CARTESIAN_POINT ( 'NONE',  ( 45.65601365308305049, 98.46081815135038084, 15.00000000000000000 ) ) ;
#374 = CARTESIAN_POINT ( 'NONE',  ( -31.30242033758064935, -6.775122874841918552, -42.91395322804674350 ) ) ;
#375 = CARTESIAN_POINT ( 'NONE',  ( 6.995850766604937654, 92.15551035648172729, -31.62248092726904858 ) ) ;
#376 = VECTOR ( 'NONE', #1608, 1000.000000000000000 ) ;
#377 = B_SPLINE_CURVE_WITH_KNOTS ( 'NONE', 3,
 ( #579, #2839, #1250, #1928, #1474, #2368, #1266, #1182 ),
 .UNSPECIFIED., .F., .F.,
 ( 4, 2, 2, 4 ),
 ( 0.01996850721457738356, 0.02413844287831054189, 0.02830837854204369675, 0.03664824986951003422 ),
 .UNSPECIFIED. ) ;
#378 = CARTESIAN_POINT ( 'NONE',  ( 41.85253849089092881, 97.08275886490631024, 28.44783177055378687 ) ) ;
#379 = CARTESIAN_POINT ( 'NONE',  ( -18.69745785147870265, -6.775122874841970066, 87.38550834739329787 ) ) ;
#380 = CARTESIAN_POINT ( 'NONE',  ( 3.153645871231868458, 97.01820291057585166, 61.09247043134898547 ) ) ;
#381 = CARTESIAN_POINT ( 'NONE',  ( -9.817256460273242169, 148.0853430868912710, 2.947939359788562808 ) ) ;
#382 = CARTESIAN_POINT ( 'NONE',  ( 46.85875175005912752, 94.93515467090651327, 8.470718900839090182 ) ) ;
#383 = CARTESIAN_POINT ( 'NONE',  ( 48.16817689043443806, 53.58211531516424486, 21.44588994694187534 ) ) ;
#384 = PLANE ( 'NONE',  #141 ) ;
#385 = CARTESIAN_POINT ( 'NONE',  ( 48.74238861045071047, -6.775122874841959408, 27.32694762875002681 ) ) ;
#386 = CARTESIAN_POINT ( 'NONE',  ( -3.312773148380207644, 92.80982587820686547, 63.31393123165515391 ) ) ;
#387 = EDGE_LOOP ( 'NONE', ( #1927, #2525, #943, #1679 ) ) ;
#388 = CARTESIAN_POINT ( 'NONE',  ( 0.9935533191739948089, 97.00684373545163908, 61.29213929682967432 ) ) ;
#389 = CARTESIAN_POINT ( 'NONE',  ( -17.63409403033768186, -6.775122874841898124, -54.66062645676445442 ) ) ;
#390 = CARTESIAN_POINT ( 'NONE',  ( -10.87969719929585999, 93.55717484460645039, -29.57376326858411630 ) ) ;
#391 = ADVANCED_FACE ( 'NONE', ( #1207 ), #2663, .T. ) ;
#392 = CARTESIAN_POINT ( 'NONE',  ( -27.50564697097865263, 94.08070725942815216, 48.49386413059857404 ) ) ;
#393 = CARTESIAN_POINT ( 'NONE',  ( -47.47177638664423682, -6.775122874841948750, 39.82132429471825930 ) ) ;
#394 = CARTESIAN_POINT ( 'NONE',  ( 22.62368899631593422, 97.46547043109157471, 50.53397029346690061 ) ) ;
#395 = CARTESIAN_POINT ( 'NONE',  ( -22.62368900398071503, 97.46547043109154629, 50.53397029643908667 ) ) ;
#396 = CARTESIAN_POINT ( 'NONE',  ( 19.09558289375586781, 93.77765161681439565, -24.45781923846086769 ) ) ;
#397 = CARTESIAN_POINT ( 'NONE',  ( -28.09645145824127255, 92.18104440673477029, 48.92054466155467196 ) ) ;
#398 = CARTESIAN_POINT ( 'NONE',  ( 46.38743870788913171, 97.30192860395854382, 12.98610859510114324 ) ) ;
#399 = CARTESIAN_POINT ( 'NONE',  ( 48.62169293647306745, 93.22487712515804503, 17.04300109034998201 ) ) ;
#400 = CARTESIAN_POINT ( 'NONE',  ( -43.07233969595990430, 94.75828894673830405, 28.83084568509105594 ) ) ;
#401 = ORIENTED_EDGE ( 'NONE', *, *, #2323, .F. ) ;
#402 = CARTESIAN_POINT ( 'NONE',  ( -14.72988474903211653, 97.23118744415477011, 56.40173342615356944 ) ) ;
#403 = CARTESIAN_POINT ( 'NONE',  ( -5.151552818705809500, 25.96178633132647917, -49.85388122136135536 ) ) ;
#404 = CARTESIAN_POINT ( 'NONE',  ( 14.98257806548932436, 93.65822669853510263, -27.26357809557447354 ) ) ;
#405 = CARTESIAN_POINT ( 'NONE',  ( -24.74469953363039210, 123.0792598059741323, 29.32558911150873371 ) ) ;
#406 = CARTESIAN_POINT ( 'NONE',  ( 47.60462548289201834, 94.98414950917492661, 17.00151470988109992 ) ) ;
#407 = CARTESIAN_POINT ( 'NONE',  ( -34.09313403565393230, 26.21026621901692977, 62.91980367824266551 ) ) ;
#408 = CARTESIAN_POINT ( 'NONE',  ( 3.199029168513829013, 95.83695192713589961, 61.77158833183366227 ) ) ;
#409 = CARTESIAN_POINT ( 'NONE',  ( -31.00713634489876469, 97.77926764389782477, 42.21320524242452876 ) ) ;
#410 = SHAPE_DEFINITION_REPRESENTATION ( #126, #93 ) ;
#411 = CARTESIAN_POINT ( 'NONE',  ( 10.73098603349670377, 94.85727403489983089, -29.24470377655900677 ) ) ;
#412 = CARTESIAN_POINT ( 'NONE',  ( -47.63126548465808696, 93.16993856103057681, 21.51460392621208229 ) ) ;
#413 = LINE ( 'NONE', #2644, #1122 ) ;
#414 = CARTESIAN_POINT ( 'NONE',  ( 39.65988957428006501, 58.83002184034854309, -11.90340774129969326 ) ) ;
#415 = CARTESIAN_POINT ( 'NONE',  ( 1.050529232797817070, 92.13208290279550283, 63.70714788712213306 ) ) ;
#416 = B_SPLINE_CURVE_WITH_KNOTS ( 'NONE', 3,
 ( #507, #1845, #975, #1386, #2311, #594, #830, #2164, #303, #1196, #742, #1490, #2588, #77, #2382, #1402, #1873, #2092, #274, #48, #372, #2767, #136, #492, #2296, #801, #1695, #289 ),
 .UNSPECIFIED., .F., .F.,
 ( 4, 1, 1, 1, 1, 1, 1, 1, 1, 1, 1, 1, 2, 1, 1, 1, 1, 1, 1, 1, 1, 1, 1, 1, 4 ),
 ( 0.000000000000000000, 0.03177888931474737860, 0.06355777862949475721, 0.09533666794424214275, 0.1271155572589895144, 0.1430050019163632002, 0.1588944465737368861, 0.1747838912311105719, 0.1906733358884842855, 0.2065627805458579436, 0.2224522252032316294, 0.2383416698606053152, 0.2542311145179790288, 0.2701205591753526591, 0.2860100038327263450, 0.3018994484901000308, 0.3177888931474737166, 0.3336783378048474025, 0.3495677824622210883, 0.3654572271195947741, 0.3813466717769684600, 0.4131255610917158316, 0.4449044504064632033, 0.4766833397212105750, 0.4999999999999549805 ),
 .UNSPECIFIED. ) ;
#417 = VERTEX_POINT ( 'NONE', #984 ) ;
#418 = CARTESIAN_POINT ( 'NONE',  ( -45.59500600748017973, 98.46081815135043769, 16.91952957113586109 ) ) ;
#419 = CARTESIAN_POINT ( 'NONE',  ( -17.17179269645637874, 40.46708212643704172, 73.65022528225367182 ) ) ;
#420 = CARTESIAN_POINT ( 'NONE',  ( -27.89948663460154776, 92.81426535763253582, 48.77831785669104647 ) ) ;
#421 = CARTESIAN_POINT ( 'NONE',  ( -6.797724446191386605, 97.06505950796321258, 60.16281848255517417 ) ) ;
#422 = CARTESIAN_POINT ( 'NONE',  ( 85.00000000000000000, -6.775122874841904341, 28.23737352016560465 ) ) ;
#423 = VECTOR ( 'NONE', #1483, 1000.000000000000000 ) ;
#424 = CARTESIAN_POINT ( 'NONE',  ( -30.36596053214538671, 26.15704448501837476, 67.68301617225056077 ) ) ;
#425 = CARTESIAN_POINT ( 'NONE',  ( 10.70654668389740038, 97.13747424938004826, 58.58976068607675813 ) ) ;
#426 = CARTESIAN_POINT ( 'NONE',  ( 15.17280540350078155, 148.2315826914354773, 20.02319630638356429 ) ) ;
#427 = CARTESIAN_POINT ( 'NONE',  ( 18.57178248134773568, 96.33421439959462873, -23.85440516843818060 ) ) ;
#428 = CARTESIAN_POINT ( 'NONE',  ( -11.41313036393419544, 91.62479144494345462, 61.04982930121821738 ) ) ;
#429 = DIRECTION ( 'NONE',  ( 0.000000000000000000, 0.000000000000000000, 1.000000000000000000 ) ) ;
#430 = CARTESIAN_POINT ( 'NONE',  ( 30.36596051941992869, 26.15704448501838186, 67.68301616678849086 ) ) ;
#431 = CARTESIAN_POINT ( 'NONE',  ( -38.38120042156531753, 93.28654551867363409, 36.95409088397723707 ) ) ;
#432 = VERTEX_POINT ( 'NONE', #339 ) ;
#433 = CARTESIAN_POINT ( 'NONE',  ( 44.62280669320622906, 33.90924447666400710, 39.07906632597704544 ) ) ;
#434 = DIRECTION ( 'NONE',  ( -0.000000000000000000, -0.000000000000000000, -1.000000000000000000 ) ) ;
#435 = CARTESIAN_POINT ( 'NONE',  ( 10.64190985011534174, 5.207808415576507421, 86.54176547928713603 ) ) ;
#436 = CARTESIAN_POINT ( 'NONE',  ( 29.26977728591074168, -6.775122874841976284, 80.05366659111120953 ) ) ;
#437 = CARTESIAN_POINT ( 'NONE',  ( 7.093826636398479657, 93.52348547710079174, 62.15847377906057147 ) ) ;
#438 = CARTESIAN_POINT ( 'NONE',  ( 14.72988474097500600, 97.23118744415477011, 56.40173342461252304 ) ) ;
#439 = CARTESIAN_POINT ( 'NONE',  ( 0.9606141223600594969, 97.35842970336256030, -31.51387663925495630 ) ) ;
#440 = CARTESIAN_POINT ( 'NONE',  ( -38.22535145787735189, 44.98996198340149277, 50.16850464647577468 ) ) ;
#441 = CARTESIAN_POINT ( 'NONE',  ( 45.43778656024452545, 85.00933975391465935, 2.796145319757071590 ) ) ;
#442 = CARTESIAN_POINT ( 'NONE',  ( 28.47270474131274298, 123.2730806191208188, 5.707523285254073819 ) ) ;
#443 = CARTESIAN_POINT ( 'NONE',  ( -24.13097029579041219, 92.02137920473911947, 52.55845643433580960 ) ) ;
#444 = ORIENTED_EDGE ( 'NONE', *, *, #2558, .T. ) ;
#445 = ADVANCED_FACE ( 'NONE', ( #1881 ), #766, .F. ) ;
#446 = B_SPLINE_CURVE_WITH_KNOTS ( 'NONE', 3,
 ( #130, #1009, #2537, #2787 ),
 .UNSPECIFIED., .F., .F.,
 ( 4, 4 ),
 ( 0.000000000000000000, 0.03738380563055319211 ),
 .UNSPECIFIED. ) ;
#447 = CARTESIAN_POINT ( 'NONE',  ( 39.06645802637622467, 43.53312267218097986, 49.09259154621887689 ) ) ;
#448 = CARTESIAN_POINT ( 'NONE',  ( -38.50583288244887825, 92.66132676878173413, -6.850203292341904060 ) ) ;
#449 = CARTESIAN_POINT ( 'NONE',  ( 5.363321833107091763, 25.97677732147488072, 81.80790013292093477 ) ) ;
#450 = CARTESIAN_POINT ( 'NONE',  ( 28.47270474131274298, 123.2730806191208188, 5.707523285254073819 ) ) ;
#451 = CARTESIAN_POINT ( 'NONE',  ( -7.351931704304598192, 122.4999418746393758, 44.79098558478659697 ) ) ;
#452 = CARTESIAN_POINT ( 'NONE',  ( -42.59822854863286778, 95.93334347363395409, 1.271244812621079578 ) ) ;
#453 = CARTESIAN_POINT ( 'NONE',  ( -46.54696538106941972, 30.57650386746047033, 33.21822018621844563 ) ) ;
#454 = CARTESIAN_POINT ( 'NONE',  ( 3.104600095643372359, 96.05421587345890089, -31.63147012779359102 ) ) ;
#455 = CARTESIAN_POINT ( 'NONE',  ( -47.36652020716050515, -0.9089053603174198637, 36.96815201911682891 ) ) ;
#456 = CARTESIAN_POINT ( 'NONE',  ( 47.29789305418211853, 93.75882567971464709, 21.47517467988879503 ) ) ;
#457 = ORIENTED_EDGE ( 'NONE', *, *, #1932, .F. ) ;
#458 = CARTESIAN_POINT ( 'NONE',  ( 15.08637722695211103, 93.00540745676161691, -27.42397561631160485 ) ) ;
#459 = ADVANCED_FACE ( 'NONE', ( #2114 ), #1233, .F. ) ;
#460 = LINE ( 'NONE', #2014, #2440 ) ;
#461 = CARTESIAN_POINT ( 'NONE',  ( 16.25062428018772920, 26.02484856508646516, 78.60796515443477972 ) ) ;
#462 = CARTESIAN_POINT ( 'NONE',  ( 2.490964078893478817, 173.2248771251580592, 14.99999999984407495 ) ) ;
#463 = CARTESIAN_POINT ( 'NONE',  ( -0.6846802067062773833, 173.2248771251580592, 17.19570620129842098 ) ) ;
#464 = CARTESIAN_POINT ( 'NONE',  ( 8.372872653729938719, 147.9717415604692690, 28.12063014393855198 ) ) ;
#465 = VECTOR ( 'NONE', #2781, 1000.000000000000114 ) ;
#466 = CARTESIAN_POINT ( 'NONE',  ( -27.05629607858908159, 94.05324758207447644, -17.80811379365916025 ) ) ;
#467 = CARTESIAN_POINT ( 'NONE',  ( -40.72130515806873063, 40.66684336133062061, 46.79493907415569254 ) ) ;
#468 = CARTESIAN_POINT ( 'NONE',  ( -6.712478044003328925, 96.09474197592591338, -30.60647142512010177 ) ) ;
#469 = CARTESIAN_POINT ( 'NONE',  ( 37.71557961891255673, 94.49420112649039538, -6.551120216951587416 ) ) ;
#470 = CARTESIAN_POINT ( 'NONE',  ( 19.70052686104117257, 93.16616553044646309, 55.54746142158268896 ) ) ;
#471 = ORIENTED_EDGE ( 'NONE', *, *, #1228, .F. ) ;
#472 = CARTESIAN_POINT ( 'NONE',  ( -1.050529232797752455, 92.13208290279550283, 63.70714788712213306 ) ) ;
#473 = CARTESIAN_POINT ( 'NONE',  ( 44.10610829458226334, 92.95719070587931299, 0.9110357201499929003 ) ) ;
#474 = CARTESIAN_POINT ( 'NONE',  ( 48.73825097316426991, 93.22487712515804503, 12.88665500458916213 ) ) ;
#475 = CARTESIAN_POINT ( 'NONE',  ( 43.99863575442404340, 92.96391894555219437, 29.04996074432109765 ) ) ;
#476 = CARTESIAN_POINT ( 'NONE',  ( 15.46935135361492897, 148.2489788721395598, 9.855204552759389003 ) ) ;
#477 = ADVANCED_FACE ( 'NONE', ( #2805 ), #384, .F. ) ;
#478 = CARTESIAN_POINT ( 'NONE',  ( 31.00713633858508445, 97.77926764389782477, 42.21320523823580828 ) ) ;
#479 = CARTESIAN_POINT ( 'NONE',  ( 22.62368899631593422, 97.46547043109157471, 50.53397029346690061 ) ) ;
#480 = CARTESIAN_POINT ( 'NONE',  ( -44.89892825455559944, 98.42636851235081963, 8.708769714886987146 ) ) ;
#481 = CARTESIAN_POINT ( 'NONE',  ( 45.80259239920258807, -6.775122874841944309, -9.763554858360592448 ) ) ;
#482 = CARTESIAN_POINT ( 'NONE',  ( 27.05629608062715263, 94.05324758207430591, -17.80811379838028685 ) ) ;
#483 = CARTESIAN_POINT ( 'NONE',  ( 45.71912189304502760, 98.46081815135038084, 13.01437784408422615 ) ) ;
#484 = LINE ( 'NONE', #2523, #2623 ) ;
#485 = CARTESIAN_POINT ( 'NONE',  ( -45.43778655319020743, 85.00933975391465935, 2.796145319757071590 ) ) ;
#486 = ORIENTED_EDGE ( 'NONE', *, *, #695, .F. ) ;
#487 = CARTESIAN_POINT ( 'NONE',  ( -32.84682097326268035, 93.02416765142857003, 43.65639997974196262 ) ) ;
#488 = CARTESIAN_POINT ( 'NONE',  ( 19.22806260453005578, 93.13081253540336490, -24.61048979132349857 ) ) ;
#489 = PLANE ( 'NONE',  #1168 ) ;
#490 = CARTESIAN_POINT ( 'NONE',  ( 45.05778294128916173, 59.71757167208755135, 32.64474153628303554 ) ) ;
#491 = CARTESIAN_POINT ( 'NONE',  ( 2.499985644920217798, 173.2248771251581161, 14.49673674370466259 ) ) ;
#492 = CARTESIAN_POINT ( 'NONE',  ( -36.15273581745884712, 98.11632176135424288, -5.960073616505805028 ) ) ;
#493 = CARTESIAN_POINT ( 'NONE',  ( 11.42984217815651604, 148.0763406314046335, 25.12920975692130554 ) ) ;
#494 = EDGE_CURVE ( 'NONE', #1551, #529, #178, .T. ) ;
#495 = CARTESIAN_POINT ( 'NONE',  ( -31.16044587044906322, 96.71245802262019708, -12.46289099413308854 ) ) ;
#496 = CARTESIAN_POINT ( 'NONE',  ( 32.44761308890335982, 26.20129523278635375, -31.37608460177339254 ) ) ;
#497 = CARTESIAN_POINT ( 'NONE',  ( 14.98257806548932436, 93.65822669853510263, -27.26357809557447354 ) ) ;
#498 = CARTESIAN_POINT ( 'NONE',  ( 30.81980645146999009, 123.3592047166198995, 10.64100554963245138 ) ) ;
#499 = CARTESIAN_POINT ( 'NONE',  ( 24.13097028765624685, 92.02137920473913368, 52.55845643115754484 ) ) ;
#500 = LINE ( 'NONE', #669, #2204 ) ;
#501 = ORIENTED_EDGE ( 'NONE', *, *, #2735, .T. ) ;
#502 = CARTESIAN_POINT ( 'NONE',  ( -7.093826643130277887, 93.52348547710079174, 62.15847377947299890 ) ) ;
#503 = CARTESIAN_POINT ( 'NONE',  ( 48.06205040499227721, 94.39772538116930889, 12.91526487511134036 ) ) ;
#504 = CARTESIAN_POINT ( 'NONE',  ( 6.096103070920386280, -6.775122874841898124, -58.36397314150871551 ) ) ;
#505 = CARTESIAN_POINT ( 'NONE',  ( 19.49296427012041377, 91.83713437258131762, -24.91583083476250948 ) ) ;
#506 = CARTESIAN_POINT ( 'NONE',  ( -3.061260931932646479, 97.36704211311246127, -31.28982398522139263 ) ) ;
#507 = CARTESIAN_POINT ( 'NONE',  ( 45.65601365308305049, 98.46081815135038084, 15.00000000000000000 ) ) ;
#508 = CARTESIAN_POINT ( 'NONE',  ( -31.46546204887162190, 96.60981363853052528, 42.61049432734240838 ) ) ;
#509 = CARTESIAN_POINT ( 'NONE',  ( 4.205203617347193834, 58.69869553749488489, -41.34367303517197456 ) ) ;
#510 = CARTESIAN_POINT ( 'NONE',  ( -6.806572394465354670, 94.78691564852098850, -30.94378693936214830 ) ) ;
#511 = CARTESIAN_POINT ( 'NONE',  ( 4.005154339145025055, 147.9690755552676649, -1.258307109075058161 ) ) ;
#512 = CARTESIAN_POINT ( 'NONE',  ( 47.43098970306497364, 78.27845490235536374, 6.790430078858725516 ) ) ;
#513 = CARTESIAN_POINT ( 'NONE',  ( 47.36652020714926437, 29.15699326910146993, 129.9999999999999716 ) ) ;
#514 = ORIENTED_EDGE ( 'NONE', *, *, #319, .T. ) ;
#515 = CARTESIAN_POINT ( 'NONE',  ( -47.51965775257485802, 93.75739961664910993, 8.390412731960614323 ) ) ;
#516 = VECTOR ( 'NONE', #2629, 1000.000000000000000 ) ;
#517 = CARTESIAN_POINT ( 'NONE',  ( -48.74238861138211831, -6.775122874841926546, 27.32694765562428785 ) ) ;
#518 = CARTESIAN_POINT ( 'NONE',  ( 19.09558289375586781, 93.77765161681439565, -24.45781923846086769 ) ) ;
#519 = CARTESIAN_POINT ( 'NONE',  ( 45.80259239920258807, -6.775122874841944309, -9.763554858360592448 ) ) ;
#520 = CARTESIAN_POINT ( 'NONE',  ( 48.40015667021684465, 93.81130125316367696, 12.90095993083113157 ) ) ;
#521 = CARTESIAN_POINT ( 'NONE',  ( -0.2591394661990031878, 173.2248771251580592, 12.29672275720911401 ) ) ;
#522 = CARTESIAN_POINT ( 'NONE',  ( 31.26766379500405080, 123.3821711426196259, 14.99999999999999822 ) ) ;
#523 = CARTESIAN_POINT ( 'NONE',  ( 19.56100575862261692, 93.81324080391102882, 55.38369108731623669 ) ) ;
#524 = CARTESIAN_POINT ( 'NONE',  ( 17.81414511747303209, 58.87480502386249270, -35.64034658155930657 ) ) ;
#525 = CARTESIAN_POINT ( 'NONE',  ( -19.28533932940432294, 94.98947366981261098, 54.81551577033365419 ) ) ;
#526 = CARTESIAN_POINT ( 'NONE',  ( -1.194523821028862898, 147.9389321211428978, -2.232024697765251808 ) ) ;
#527 = CARTESIAN_POINT ( 'NONE',  ( 38.57686617524583284, 53.58211531516425197, -14.85008040409040220 ) ) ;
#528 = CARTESIAN_POINT ( 'NONE',  ( 85.00000000000000000, 53.58211531516425197, 21.44588994694187178 ) ) ;
#529 = VERTEX_POINT ( 'NONE', #2849 ) ;
#530 = CARTESIAN_POINT ( 'NONE',  ( 47.60462548289201834, 94.98414950917492661, 17.00151470988109992 ) ) ;
#531 = CARTESIAN_POINT ( 'NONE',  ( 1.057715366582426597, 91.46684307307677386, 63.89150633754760378 ) ) ;
#532 = CARTESIAN_POINT ( 'NONE',  ( -1.014990631796073295, 92.08644888469740408, -32.88737908622768202 ) ) ;
#533 = EDGE_CURVE ( 'NONE', #1324, #575, #2029, .T. ) ;
#534 = ORIENTED_EDGE ( 'NONE', *, *, #2038, .F. ) ;
#535 = CARTESIAN_POINT ( 'NONE',  ( 17.81414511747303209, 58.87480502386249270, -35.64034658155930657 ) ) ;
#536 = CARTESIAN_POINT ( 'NONE',  ( 47.18921970487584616, 94.34627714377782581, 8.430565796992887329 ) ) ;
#537 = CARTESIAN_POINT ( 'NONE',  ( -1.919714535889142759, 173.2248771251581161, 13.16914185133310333 ) ) ;
#538 = CARTESIAN_POINT ( 'NONE',  ( 14.72988474097500600, 97.23118744415477011, 56.40173342461252304 ) ) ;
#539 = CARTESIAN_POINT ( 'NONE',  ( -32.44761308698902980, 26.20129523278644967, -31.37608459344832212 ) ) ;
#540 = CARTESIAN_POINT ( 'NONE',  ( -27.05629607858908159, 94.05324758207447644, -17.80811379365916025 ) ) ;
#541 = CARTESIAN_POINT ( 'NONE',  ( -0.7693269008602224845, 173.2248771251581161, 12.40419577262239770 ) ) ;
#542 = CARTESIAN_POINT ( 'NONE',  ( 48.69134803263786182, -6.775122874841946086, 15.38220268921243417 ) ) ;
#543 = ORIENTED_EDGE ( 'NONE', *, *, #1911, .F. ) ;
#544 = CARTESIAN_POINT ( 'NONE',  ( 11.33396235034321897, 92.28295017646139797, 60.87147962052171835 ) ) ;
#545 = CARTESIAN_POINT ( 'NONE',  ( -29.26977728690981451, -6.775122874841974507, 80.05366659164594978 ) ) ;
#546 = CARTESIAN_POINT ( 'NONE',  ( -1.008132349994263377, 92.75138178464099781, -32.71414496483031087 ) ) ;
#547 = ORIENTED_EDGE ( 'NONE', *, *, #1430, .F. ) ;
#548 = B_SPLINE_CURVE_WITH_KNOTS ( 'NONE', 3,
 ( #1309, #624, #2012, #418, #1075, #2883, #1, #2618, #1971, #198, #609, #402, #2664, #652, #1508, #1744, #388, #1281, #2178, #1062, #1522, #2634, #681, #58, #270, #1134, #738, #1191, #27, #1367 ),
 .UNSPECIFIED., .F., .F.,
 ( 4, 2, 1, 1, 1, 1, 1, 1, 1, 1, 1, 1, 1, 2, 1, 1, 1, 1, 1, 1, 1, 1, 1, 1, 1, 4 ),
 ( 0.4999999999999549805, 0.5084622290359579466, 0.5391833397212106860, 0.5699044504064634253, 0.6006255610917159427, 0.6313466717769686820, 0.6467072271195950517, 0.6620677824622214214, 0.6774283378048476800, 0.6927888931474739387, 0.7081494484901004194, 0.7235100038327266780, 0.7388705591753531587, 0.7542311145179794174, 0.7695916698606057871, 0.7849522252032319347, 0.8003127805458581934, 0.8156733358884844520, 0.8310338912311109327, 0.8463944465737371914, 0.8617550019163633390, 0.8771155572589897087, 0.9078366679442422260, 0.9385577786294949654, 0.9692788893147475937, 1.000000000000000000 ),
 .UNSPECIFIED. ) ;
#549 = CARTESIAN_POINT ( 'NONE',  ( 32.44761308890335982, 26.20129523278635375, -31.37608460177339254 ) ) ;
#550 = CARTESIAN_POINT ( 'NONE',  ( 47.36652020714926437, 29.15699326910146993, 129.9999999999999716 ) ) ;
#551 = CARTESIAN_POINT ( 'NONE',  ( -30.81980645057277002, 123.3592047166199848, 10.64100555776985146 ) ) ;
#552 = CARTESIAN_POINT ( 'NONE',  ( 1.021955749877063502, 94.64398961997255810, 62.65633375645735015 ) ) ;
#553 = CARTESIAN_POINT ( 'NONE',  ( -13.30102472277692094, 58.79731684986074924, -38.26992452221171703 ) ) ;
#554 = CARTESIAN_POINT ( 'NONE',  ( -45.59500600748017973, 98.46081815135043769, 16.91952957113586109 ) ) ;
#555 = CARTESIAN_POINT ( 'NONE',  ( 0.08624187094310728496, 173.2248771251580592, 12.28763720214470467 ) ) ;
#556 =( NAMED_UNIT ( * ) SI_UNIT ( $, .STERADIAN. ) SOLID_ANGLE_UNIT ( ) );
#557 = CARTESIAN_POINT ( 'NONE',  ( 48.67898560539045150, 64.44427145530393375, 14.99999974403767133 ) ) ;
#558 = ORIENTED_EDGE ( 'NONE', *, *, #2829, .F. ) ;
#559 = CARTESIAN_POINT ( 'NONE',  ( 27.89948662679077529, 92.81426535763256425, 48.77831785119774821 ) ) ;
#560 = B_SPLINE_CURVE_WITH_KNOTS ( 'NONE', 3,
 ( #1806, #704, #675, #2738 ),
 .UNSPECIFIED., .F., .F.,
 ( 4, 4 ),
 ( 0.5512429834264328532, 1.000000000000000000 ),
 .UNSPECIFIED. ) ;
#561 = CARTESIAN_POINT ( 'NONE',  ( -3.358713116226800466, 91.48057771410864802, 63.68214539448355538 ) ) ;
#562 = CARTESIAN_POINT ( 'NONE',  ( -11.10539077410706987, 91.58353671221203740, -30.07329771480543457 ) ) ;
#563 = VECTOR ( 'NONE', #1892, 1000.000000000000000 ) ;
#564 = VERTEX_POINT ( 'NONE', #441 ) ;
#565 = CARTESIAN_POINT ( 'NONE',  ( -85.00000000000000000, -6.775122874841904341, 28.23737352016560465 ) ) ;
#566 = CARTESIAN_POINT ( 'NONE',  ( 19.09558289375586781, 93.77765161681439565, -24.45781923846086769 ) ) ;
#567 = CARTESIAN_POINT ( 'NONE',  ( -1.672206234170338535, 173.2248771251581161, 12.92311308768245759 ) ) ;
#568 = CARTESIAN_POINT ( 'NONE',  ( 3.289804231512400978, 93.47444996025598130, 63.12982414895991212 ) ) ;
#569 = ADVANCED_FACE ( 'NONE', ( #648 ), #2879, .F. ) ;
#570 = CARTESIAN_POINT ( 'NONE',  ( -34.74889453754619240, -6.775122874841873255, -37.95333264401045170 ) ) ;
#571 = CARTESIAN_POINT ( 'NONE',  ( -46.20559405033593237, 96.09889261805462013, 8.550069353831240448 ) ) ;
#572 = CARTESIAN_POINT ( 'NONE',  ( 9.940033132209283195, 122.7606422390014984, -13.37470820141370709 ) ) ;
#573 = PLANE ( 'NONE',  #2860 ) ;
#574 = CARTESIAN_POINT ( 'NONE',  ( 47.66326922952618617, 94.98414950917492661, 15.00000000000000000 ) ) ;
#575 = VERTEX_POINT ( 'NONE', #1981 ) ;
#576 = CARTESIAN_POINT ( 'NONE',  ( 15.37797759999655511, 93.69733867318693399, 58.22847284823354386 ) ) ;
#577 = CARTESIAN_POINT ( 'NONE',  ( -6.368238932413134989, -6.775122874841971843, 90.87063567234373807 ) ) ;
#578 = CARTESIAN_POINT ( 'NONE',  ( -7.043444447368319317, 91.49372087416450938, -31.79317014864247426 ) ) ;
#579 = CARTESIAN_POINT ( 'NONE',  ( -48.60932970201827885, 68.04072924701931413, 12.86576674778114970 ) ) ;
#580 = CARTESIAN_POINT ( 'NONE',  ( -38.50583288244887825, 92.66132676878173413, -6.850203292341904060 ) ) ;
#581 = CARTESIAN_POINT ( 'NONE',  ( -19.22806260267246614, 93.13081253540343596, -24.61048978865483505 ) ) ;
#582 = CARTESIAN_POINT ( 'NONE',  ( -1.112703590581020308, 173.2248771251580308, 17.03028202551825743 ) ) ;
#583 = CARTESIAN_POINT ( 'NONE',  ( -10.70654669476130572, 97.13747424938004826, 58.58976068712014040 ) ) ;
#584 = CARTESIAN_POINT ( 'NONE',  ( -41.30708963200860495, 26.37036033969930671, -16.66053012146299039 ) ) ;
#585 = CARTESIAN_POINT ( 'NONE',  ( -47.72393217705471358, 94.98414950917495503, 12.92956983835843943 ) ) ;
#586 = EDGE_CURVE ( 'NONE', #829, #1280, #1085, .T. ) ;
#587 = CARTESIAN_POINT ( 'NONE',  ( -18.00628150540769923, 122.8066396029930445, 36.98339371426772715 ) ) ;
#588 = CARTESIAN_POINT ( 'NONE',  ( 48.42687238133235184, 57.20124034363231402, 19.29820561400540058 ) ) ;
#589 = ORIENTED_EDGE ( 'NONE', *, *, #2323, .T. ) ;
#590 = CARTESIAN_POINT ( 'NONE',  ( 19.84006657472714608, 92.51909025698192579, 55.71123173977463949 ) ) ;
#591 = CARTESIAN_POINT ( 'NONE',  ( 40.61138128222842170, 59.52528669764114966, 42.12854136912982739 ) ) ;
#592 = CARTESIAN_POINT ( 'NONE',  ( -48.06205040474106482, 94.39772538116935152, 12.91526488381110660 ) ) ;
#593 = EDGE_LOOP ( 'NONE', ( #2662, #607, #2838, #457, #1202, #2207, #543, #2587, #2539, #2396, #1576, #2126, #1970, #2617, #401, #514, #1865, #2628 ) ) ;
#594 = CARTESIAN_POINT ( 'NONE',  ( 30.71886230095512715, 97.94407356635592521, -12.22682992909052402 ) ) ;
#595 = CARTESIAN_POINT ( 'NONE',  ( 16.82908264493762118, 148.3035241338888568, 15.74512319234859525 ) ) ;
#596 = CARTESIAN_POINT ( 'NONE',  ( -47.87950814948725764, -6.775122874841924769, 2.431365542713126882 ) ) ;
#597 = CARTESIAN_POINT ( 'NONE',  ( -43.19717799970960215, 94.75142402739982117, 1.128194936768156742 ) ) ;
#598 = DIRECTION ( 'NONE',  ( 0.000000000000000000, -0.4895953362162933087, 0.8719497730690999315 ) ) ;
#599 = CARTESIAN_POINT ( 'NONE',  ( -24.28687788734203323, -6.775122874841950527, 84.16110200093245908 ) ) ;
#600 = CARTESIAN_POINT ( 'NONE',  ( -0.9935533191739289727, 97.00684373545163908, 61.29213929682967432 ) ) ;
#601 = CARTESIAN_POINT ( 'NONE',  ( -13.33501178856451475, 148.1520684655659750, 22.81440070103764839 ) ) ;
#602 = CARTESIAN_POINT ( 'NONE',  ( 6.712478044957219225, 96.09474197592592759, -30.60647142555523814 ) ) ;
#603 = PLANE ( 'NONE',  #87 ) ;
#604 = CARTESIAN_POINT ( 'NONE',  ( 45.55231955393436749, 97.26263056520268435, 8.629419658232755808 ) ) ;
#605 = CARTESIAN_POINT ( 'NONE',  ( 28.09645145038219738, 92.18104440673478450, 48.92054465602106461 ) ) ;
#606 = CARTESIAN_POINT ( 'NONE',  ( -7.093826643130277887, 93.52348547710079174, 62.15847377947299890 ) ) ;
#607 = ORIENTED_EDGE ( 'NONE', *, *, #2015, .T. ) ;
#608 = EDGE_CURVE ( 'NONE', #1460, #1470, #1058, .T. ) ;
#609 = CARTESIAN_POINT ( 'NONE',  ( -18.73422451313435388, 97.34193940161578951, 53.67916545384564131 ) ) ;
#610 = VECTOR ( 'NONE', #2517, 1000.000000000000000 ) ;
#611 = CARTESIAN_POINT ( 'NONE',  ( -47.93206435583736891, 59.85397376806631797, 6.374132381344481679 ) ) ;
#612 = CARTESIAN_POINT ( 'NONE',  ( -1.008132349994263377, 92.75138178464099781, -32.71414496483031087 ) ) ;
#613 = CARTESIAN_POINT ( 'NONE',  ( -26.33889486444826389, 97.59752084191048027, 47.08463433911057905 ) ) ;
#614 = DIRECTION ( 'NONE',  ( -0.000000000000000000, -0.000000000000000000, -1.000000000000000000 ) ) ;
#615 = CARTESIAN_POINT ( 'NONE',  ( -48.74238861138211831, -6.775122874841926546, 27.32694765562428785 ) ) ;
#616 = CARTESIAN_POINT ( 'NONE',  ( 11.17564965538755573, 93.59926763949731310, 60.51478023121757843 ) ) ;
#617 = CARTESIAN_POINT ( 'NONE',  ( -45.59500600748017973, 98.46081815135043769, 16.91952957113586109 ) ) ;
#618 = CARTESIAN_POINT ( 'NONE',  ( 10.43346952889170964, 97.45747241548652084, -28.58658493002471346 ) ) ;
#619 = CARTESIAN_POINT ( 'NONE',  ( -48.62169293671245640, 93.22487712515807345, 17.04300108181447726 ) ) ;
#620 = LINE ( 'NONE', #2424, #2483 ) ;
#621 = CARTESIAN_POINT ( 'NONE',  ( 16.25062428018772920, 26.02484856508646516, 78.60796515443477972 ) ) ;
#622 = CARTESIAN_POINT ( 'NONE',  ( -7.143783792837843372, 92.86140135418891361, 62.34072939344684983 ) ) ;
#623 = ORIENTED_EDGE ( 'NONE', *, *, #2128, .F. ) ;
#624 = CARTESIAN_POINT ( 'NONE',  ( -45.65606937487375916, 98.45959678260547321, 13.93066432485280259 ) ) ;
#625 = EDGE_CURVE ( 'NONE', #1923, #132, #620, .T. ) ;
#626 = CARTESIAN_POINT ( 'NONE',  ( -10.37648787356150493, 25.98115837482690438, -48.59756903189396127 ) ) ;
#627 = CARTESIAN_POINT ( 'NONE',  ( -32.26641641117173975, 93.62600182029673590, -13.05446643302455634 ) ) ;
#628 = CARTESIAN_POINT ( 'NONE',  ( -10.09753877934651989, 122.5624173378225237, 43.30750853219998930 ) ) ;
#629 = CARTESIAN_POINT ( 'NONE',  ( 43.07233969246074423, 94.75828894673820457, 28.83084568083995336 ) ) ;
#630 = CARTESIAN_POINT ( 'NONE',  ( -48.63272745556267296, 26.55821045849139495, 11.47963315858076072 ) ) ;
#631 = CARTESIAN_POINT ( 'NONE',  ( 6.995111966646446078, 94.70401015405494149, 61.49325532610306055 ) ) ;
#632 = CARTESIAN_POINT ( 'NONE',  ( -30.71886229886086639, 97.94407356635615258, -12.22682992355637488 ) ) ;
#633 = CARTESIAN_POINT ( 'NONE',  ( -6.618369275915041428, 97.40256830333082405, -30.26915594452350433 ) ) ;
#634 = ORIENTED_EDGE ( 'NONE', *, *, #2470, .T. ) ;
#635 = CARTESIAN_POINT ( 'NONE',  ( 47.36652020714926437, -6.775122874841992271, 129.9999999999999716 ) ) ;
#636 = CARTESIAN_POINT ( 'NONE',  ( 41.20639209024886185, -6.775122874841961185, 62.32661007736138004 ) ) ;
#637 = CARTESIAN_POINT ( 'NONE',  ( -1.057715366582362648, 91.46684307307677386, 63.89150633754760378 ) ) ;
#638 = ORIENTED_EDGE ( 'NONE', *, *, #370, .T. ) ;
#639 = DIRECTION ( 'NONE',  ( -0.000000000000000000, 0.06313889274549383535, 0.9980047495993559226 ) ) ;
#640 = CARTESIAN_POINT ( 'NONE',  ( -27.60507562936072290, 58.53805825596883494, 59.85159157096664018 ) ) ;
#641 = CARTESIAN_POINT ( 'NONE',  ( 1.001274068192515188, 93.41631468458460574, -32.54091084343294682 ) ) ;
#642 = CARTESIAN_POINT ( 'NONE',  ( -0.4604887011058089730, 173.2248771251580592, 17.24839821581542409 ) ) ;
#643 = PLANE ( 'NONE',  #1264 ) ;
#644 = CARTESIAN_POINT ( 'NONE',  ( -38.40930552549035326, 26.28351763785363815, 56.14987039053991680 ) ) ;
#645 = CARTESIAN_POINT ( 'NONE',  ( -1.007754534525463264, 95.82541667771209859, 61.97423652664351579 ) ) ;
#646 = CARTESIAN_POINT ( 'NONE',  ( -2.390217009709783014, 173.2248771251580024, 13.99553625521992473 ) ) ;
#647 = CARTESIAN_POINT ( 'NONE',  ( 43.19717800152188403, 94.75142402739982117, 1.128194927901841504 ) ) ;
#648 = FACE_OUTER_BOUND ( 'NONE', #2567, .T. ) ;
#649 = CARTESIAN_POINT ( 'NONE',  ( 45.43778656024452545, 85.00933975391465935, 2.796145319757071590 ) ) ;
#650 = CARTESIAN_POINT ( 'NONE',  ( -32.38254111276521741, 94.27090562779588367, 43.40507331310202233 ) ) ;
#651 = VERTEX_POINT ( 'NONE', #2439 ) ;
#652 = CARTESIAN_POINT ( 'NONE',  ( -6.797724446191386605, 97.06505950796321258, 60.16281848255517417 ) ) ;
#653 = CARTESIAN_POINT ( 'NONE',  ( -39.65985553728014423, 58.82985695002496129, -11.90350032637270417 ) ) ;
#654 = CARTESIAN_POINT ( 'NONE',  ( -48.62116923822274828, 93.21901614279779835, 13.27973236569790672 ) ) ;
#655 = AXIS2_PLACEMENT_3D ( 'NONE', #2224, #1094, #2900 ) ;
#656 = CARTESIAN_POINT ( 'NONE',  ( 47.93185841074176778, 59.85491808240641376, 23.45511596737674509 ) ) ;
#657 = CARTESIAN_POINT ( 'NONE',  ( 41.24287712338487921, 98.24499382399038439, 28.25632527184334819 ) ) ;
#658 = B_SPLINE_CURVE_WITH_KNOTS ( 'NONE', 3,
 ( #2044, #712, #1355, #227 ),
 .UNSPECIFIED., .F., .F.,
 ( 4, 4 ),
 ( 0.5303749424333118467, 0.5512429834264328532 ),
 .UNSPECIFIED. ) ;
#659 = CARTESIAN_POINT ( 'NONE',  ( 10.09753877386956589, 122.5624173378225095, 43.30750853116816756 ) ) ;
#660 = CARTESIAN_POINT ( 'NONE',  ( 1.739604566348040393, 173.2248771251580308, 16.59464172921943259 ) ) ;
#661 = ADVANCED_FACE ( 'NONE', ( #2907 ), #1754, .F. ) ;
#662 = CARTESIAN_POINT ( 'NONE',  ( 23.13922837726753201, 93.91085633335666216, -21.27102722251431643 ) ) ;
#663 = FILL_AREA_STYLE ('',( #1737 ) ) ;
#664 = CARTESIAN_POINT ( 'NONE',  ( 46.32509884523075527, 97.30192860395854382, 15.00000000000000000 ) ) ;
#665 = CARTESIAN_POINT ( 'NONE',  ( 23.13922837726753201, 93.91085633335666216, -21.27102722251431643 ) ) ;
#666 = CARTESIAN_POINT ( 'NONE',  ( -11.25480212942710700, 92.94110890797935554, 60.69312993032460923 ) ) ;
#667 = ORIENTED_EDGE ( 'NONE', *, *, #1665, .F. ) ;
#668 = CARTESIAN_POINT ( 'NONE',  ( 38.21296675971468204, 45.01141290985511034, 50.15362038156872870 ) ) ;
#669 = CARTESIAN_POINT ( 'NONE',  ( 85.00000000000000000, 53.58211531516425197, -14.85008040409040220 ) ) ;
#670 = CARTESIAN_POINT ( 'NONE',  ( -32.71279469899693026, 92.37955159059360710, -13.29337121831209068 ) ) ;
#671 = CARTESIAN_POINT ( 'NONE',  ( 47.36652020714926437, 29.15699326910146993, 29.54949254202343667 ) ) ;
#672 = CARTESIAN_POINT ( 'NONE',  ( 1.194523821739749136, 147.9389321211429262, -2.232024697794128265 ) ) ;
#673 = CARTESIAN_POINT ( 'NONE',  ( -0.9935533191739289727, 97.00684373545163908, 61.29213929682967432 ) ) ;
#674 = CARTESIAN_POINT ( 'NONE',  ( -46.93470715990871156, 96.14303905656679206, 16.97418625779324586 ) ) ;
#675 = CARTESIAN_POINT ( 'NONE',  ( -16.88437208212406304, 148.3023298677850619, 14.37227635624437561 ) ) ;
#676 = CARTESIAN_POINT ( 'NONE',  ( 10.73098603349670377, 94.85727403489983089, -29.24470377655900677 ) ) ;
#677 = EDGE_CURVE ( 'NONE', #1634, #282, #2659, .T. ) ;
#678 = CARTESIAN_POINT ( 'NONE',  ( 8.176904625210847044, -6.775122874841974507, 90.52860136267351265 ) ) ;
#679 = CARTESIAN_POINT ( 'NONE',  ( -85.00000000000000000, 53.58211531516425197, 21.44588994694187178 ) ) ;
#680 = VERTEX_POINT ( 'NONE', #2864 ) ;
#681 = CARTESIAN_POINT ( 'NONE',  ( 22.62368899631593422, 97.46547043109157471, 50.53397029346690061 ) ) ;
#682 = CARTESIAN_POINT ( 'NONE',  ( 27.62072834077754990, 92.15413144804288947, -18.20942723509735117 ) ) ;
#683 = CARTESIAN_POINT ( 'NONE',  ( 19.97962489939598996, 91.87201498351737428, 55.87500202990258913 ) ) ;
#684 = CARTESIAN_POINT ( 'NONE',  ( 46.99418403737846006, 96.14303905656674942, 15.00000000000000000 ) ) ;
#685 = CARTESIAN_POINT ( 'NONE',  ( 5.488505058408376769, 147.8936472314903199, 30.21404768849300027 ) ) ;
#686 = CARTESIAN_POINT ( 'NONE',  ( -22.18579329681693935, 97.70615574701501771, -20.41910684768976481 ) ) ;
#687 = CARTESIAN_POINT ( 'NONE',  ( -35.58910912290161122, 49.55606764864352698, 52.94997209752422407 ) ) ;
#688 = CARTESIAN_POINT ( 'NONE',  ( 18.57178248134773568, 96.33421439959462873, -23.85440516843818060 ) ) ;
#689 = FACE_OUTER_BOUND ( 'NONE', #1757, .T. ) ;
#690 = CARTESIAN_POINT ( 'NONE',  ( 46.96454953644026631, 94.34771279839881686, 21.43574541409830658 ) ) ;
#691 = ORIENTED_EDGE ( 'NONE', *, *, #2091, .F. ) ;
#692 = CARTESIAN_POINT ( 'NONE',  ( -48.73825097291668840, 93.22487712515807345, 12.88665501341858999 ) ) ;
#693 = B_SPLINE_CURVE_WITH_KNOTS ( 'NONE', 4,
 ( #2660, #1549, #2441, #1322, #210 ),
 .UNSPECIFIED., .F., .F.,
 ( 5, 5 ),
 ( 0.5573775921511834319, 0.6064548645964114026 ),
 .UNSPECIFIED. ) ;
#694 = CARTESIAN_POINT ( 'NONE',  ( 6.900652328575485051, 93.47908932111609204, -31.28110246928336124 ) ) ;
#695 = EDGE_CURVE ( 'NONE', #1396, #1551, #413, .T. ) ;
#696 = DIRECTION ( 'NONE',  ( -1.000000000000000000, -0.000000000000000000, -0.000000000000000000 ) ) ;
#697 = CARTESIAN_POINT ( 'NONE',  ( 38.40930551594255604, 26.28351763785366657, 56.14987038284327525 ) ) ;
#698 = CARTESIAN_POINT ( 'NONE',  ( 30.81980645146999009, 123.3592047166198995, 10.64100554963245138 ) ) ;
#699 = STYLED_ITEM ( 'NONE', ( #2611 ), #40 ) ;
#700 = CARTESIAN_POINT ( 'NONE',  ( 4.678885588504223314, 122.4516653803614759, 45.85766406222214187 ) ) ;
#701 = CARTESIAN_POINT ( 'NONE',  ( 4.678885588504223314, 122.4516653803614759, 45.85766406222214187 ) ) ;
#702 = VECTOR ( 'NONE', #2524, 1000.000000000000000 ) ;
#703 = CARTESIAN_POINT ( 'NONE',  ( -14.77741118007648957, 94.94832606433115529, -26.94660100929361590 ) ) ;
#704 = CARTESIAN_POINT ( 'NONE',  ( -31.25402424491659303, 123.3797826104124340, 13.87599755789814537 ) ) ;
#705 = CARTESIAN_POINT ( 'NONE',  ( 36.67385311299337758, 96.90894821639953705, -6.157088832112955323 ) ) ;
#706 = VECTOR ( 'NONE', #1468, 1000.000000000000000 ) ;
#707 = CARTESIAN_POINT ( 'NONE',  ( -19.09558289190628599, 93.77765161681446671, -24.45781923581223083 ) ) ;
#708 = CARTESIAN_POINT ( 'NONE',  ( 15.48733887048799751, 93.04425985994343762, 58.40060918281753288 ) ) ;
#709 = CARTESIAN_POINT ( 'NONE',  ( -19.56100576788936607, 93.81324080391101461, 55.38369109017769887 ) ) ;
#710 = CARTESIAN_POINT ( 'NONE',  ( 43.80317377223523323, 93.55526847971947291, 0.9834220681073484460 ) ) ;
#711 = ADVANCED_FACE ( 'NONE', ( #1502 ), #179, .T. ) ;
#712 = CARTESIAN_POINT ( 'NONE',  ( -46.94167456311389941, 96.13844778101419308, 13.33516378265862379 ) ) ;
#713 = CARTESIAN_POINT ( 'NONE',  ( 2.118956570526231431, -6.775122874841970955, 91.11738157801119087 ) ) ;
#714 = CARTESIAN_POINT ( 'NONE',  ( 0.7693269008602541259, 173.2248771251581729, 12.40419577262239592 ) ) ;
#715 = CARTESIAN_POINT ( 'NONE',  ( 41.24287712338487921, 98.24499382399038439, 28.25632527184334819 ) ) ;
#716 = CARTESIAN_POINT ( 'NONE',  ( 31.00713633858508445, 97.77926764389782477, 42.21320523823580828 ) ) ;
#717 = CARTESIAN_POINT ( 'NONE',  ( -41.99911411949575779, 97.11526291986808701, 1.414294514189670338 ) ) ;
#718 = CARTESIAN_POINT ( 'NONE',  ( -30.93965505324850795, 57.60915832474033493, 56.50648012438227852 ) ) ;
#719 = CARTESIAN_POINT ( 'NONE',  ( -18.57178247953064343, 96.33421439959467136, -23.85440516586869819 ) ) ;
#720 = CARTESIAN_POINT ( 'NONE',  ( 2.505098426332973194, 173.2248771251580592, 14.83420753472816322 ) ) ;
#721 = CARTESIAN_POINT ( 'NONE',  ( 47.36652020714923594, 5.029594463898613199, 35.18802603357279679 ) ) ;
#722 = CARTESIAN_POINT ( 'NONE',  ( -48.60932970201827885, 68.04072924701931413, 12.86576674778114970 ) ) ;
#723 = ORIENTED_EDGE ( 'NONE', *, *, #2360, .T. ) ;
#724 = CARTESIAN_POINT ( 'NONE',  ( -37.83831557784640864, 94.50865358825559781, 36.74801977764290939 ) ) ;
#725 = CARTESIAN_POINT ( 'NONE',  ( 3.235121953087245927, 92.09992429382606360, -32.66052367490772212 ) ) ;
#726 = CARTESIAN_POINT ( 'NONE',  ( 15.47722876527213387, 26.01109698750941845, -46.46590039047712395 ) ) ;
#727 = FACE_OUTER_BOUND ( 'NONE', #1661, .T. ) ;
#728 = CARTESIAN_POINT ( 'NONE',  ( 0.5166699113335890825, 173.2248771251581161, 12.33721934365905248 ) ) ;
#729 = CARTESIAN_POINT ( 'NONE',  ( 16.87931393692507243, 148.3035241338888568, 14.99999999999999467 ) ) ;
#730 = CARTESIAN_POINT ( 'NONE',  ( -45.97262465813150101, 96.09619376167326266, 21.30846583370032121 ) ) ;
#731 = CARTESIAN_POINT ( 'NONE',  ( -43.66464775167517587, 35.56882444512274333, 41.40690893246424054 ) ) ;
#732 = CARTESIAN_POINT ( 'NONE',  ( 26.31225025118548544, 96.55526586759641816, -17.27939754448409815 ) ) ;
#733 = CARTESIAN_POINT ( 'NONE',  ( 0.3776992880821009591, 147.9360613178929498, -2.312867411632543391 ) ) ;
#734 = CARTESIAN_POINT ( 'NONE',  ( 32.84682096664495532, 93.02416765142857003, 43.65639997529547855 ) ) ;
#735 = CARTESIAN_POINT ( 'NONE',  ( 1.452218962913409212E-19, -6.775122874841904341, -58.64365844190224664 ) ) ;
#736 = EDGE_LOOP ( 'NONE', ( #547, #1694, #1838, #296, #1091 ) ) ;
#737 = CARTESIAN_POINT ( 'NONE',  ( -43.07233969595990430, 94.75828894673830405, 28.83084568509105594 ) ) ;
#738 = CARTESIAN_POINT ( 'NONE',  ( 41.24287712338487921, 98.24499382399038439, 28.25632527184334819 ) ) ;
#739 = CARTESIAN_POINT ( 'NONE',  ( 48.67898561401620583, 26.55821045849139139, 14.99999999999999467 ) ) ;
#740 = CARTESIAN_POINT ( 'NONE',  ( 27.62072834077754990, 92.15413144804288947, -18.20942723509735117 ) ) ;
#741 = CARTESIAN_POINT ( 'NONE',  ( -11.58729570260079278, 148.1312759388907523, 4.708941613301619533 ) ) ;
#742 = CARTESIAN_POINT ( 'NONE',  ( 10.43346952889170964, 97.45747241548652084, -28.58658493002471346 ) ) ;
#743 = CARTESIAN_POINT ( 'NONE',  ( 31.92393029933515791, 95.44035963316321158, 43.00778374060941900 ) ) ;
#744 = CARTESIAN_POINT ( 'NONE',  ( -30.07167495541297697, 59.17771334041477616, -24.79401237928546209 ) ) ;
#745 = CARTESIAN_POINT ( 'NONE',  ( -45.97262465813150101, 96.09619376167326266, 21.30846583370032121 ) ) ;
#746 = EDGE_CURVE ( 'NONE', #1118, #2690, #2017, .T. ) ;
#747 = CARTESIAN_POINT ( 'NONE',  ( -6.618369275915041428, 97.40256830333082405, -30.26915594452350433 ) ) ;
#748 = CARTESIAN_POINT ( 'NONE',  ( 0.000000000000000000, 0.000000000000000000, 0.000000000000000000 ) ) ;
#749 = CARTESIAN_POINT ( 'NONE',  ( -45.43778655319020743, 85.00933975391465935, 2.796145319757071590 ) ) ;
#750 = ORIENTED_EDGE ( 'NONE', *, *, #1966, .T. ) ;
#751 = CARTESIAN_POINT ( 'NONE',  ( -46.63123493184647117, 94.93659991708305768, 21.39631614693526274 ) ) ;
#752 = CIRCLE ( 'NONE', #655, 2.500000000033967940 ) ;
#753 = CARTESIAN_POINT ( 'NONE',  ( -13.82248574530005314, 58.82482000501495634, 69.82921186579116579 ) ) ;
#754 = CARTESIAN_POINT ( 'NONE',  ( -32.71279469899693026, 92.37955159059360710, -13.29337121831209068 ) ) ;
#755 = EDGE_LOOP ( 'NONE', ( #2897, #2352, #2601, #2102, #1175, #1742, #208, #2235, #1852, #691, #1011, #1897, #634, #1440, #2867, #2011, #901, #501, #1379 ) ) ;
#756 = CARTESIAN_POINT ( 'NONE',  ( 22.75779235905754661, -6.775122874841923881, -51.42725565442788849 ) ) ;
#757 = CARTESIAN_POINT ( 'NONE',  ( 18.69952979744146759, -6.775122874841907894, -58.64365844190225374 ) ) ;
#758 = CARTESIAN_POINT ( 'NONE',  ( -1.014052926920439912, 173.2248771251581161, 12.49726363275923724 ) ) ;
#759 = CARTESIAN_POINT ( 'NONE',  ( 36.76596135025664580, 96.84051862700651725, 36.14217738939980507 ) ) ;
#760 = CARTESIAN_POINT ( 'NONE',  ( 12.02966514276449495, -6.775122874841924769, -56.99904493567571961 ) ) ;
#761 = CARTESIAN_POINT ( 'NONE',  ( -46.63123493184647117, 94.93659991708305768, 21.39631614693526274 ) ) ;
#762 = CARTESIAN_POINT ( 'NONE',  ( -9.940033131108160447, 122.7606422390015410, -13.37470820031591856 ) ) ;
#763 = APPLICATION_PROTOCOL_DEFINITION ( 'draft international standard', 'automotive_design', 1998, #2887 ) ;
#764 = CARTESIAN_POINT ( 'NONE',  ( -48.23681102606928306, 13.34295203805357133, 25.97365868838780045 ) ) ;
#765 = ORIENTED_EDGE ( 'NONE', *, *, #1267, .T. ) ;
#766 = PLANE ( 'NONE',  #330 ) ;
#767 = ADVANCED_FACE ( 'NONE', ( #1110 ), #2823, .T. ) ;
#768 = CARTESIAN_POINT ( 'NONE',  ( -44.83228197018157601, -6.775122874841935428, 52.25805004465346570 ) ) ;
#769 = CARTESIAN_POINT ( 'NONE',  ( -43.80317377042154448, 93.55526847971945870, 0.9834220771073350909 ) ) ;
#770 = VERTEX_POINT ( 'NONE', #1851 ) ;
#771 = CARTESIAN_POINT ( 'NONE',  ( 47.87950814936112209, -6.775122874841928322, 2.431365538859644904 ) ) ;
#772 = DIRECTION ( 'NONE',  ( -0.5000000000000011102, 0.8660254037844379305, 0.000000000000000000 ) ) ;
#773 = CARTESIAN_POINT ( 'NONE',  ( -9.817256460273242169, 148.0853430868912710, 2.947939359788562808 ) ) ;
#774 = CARTESIAN_POINT ( 'NONE',  ( -1.007754534525463264, 95.82541667771209859, 61.97423652664351579 ) ) ;
#775 = CARTESIAN_POINT ( 'NONE',  ( -4.205203614286875613, 58.69869553749487068, -41.34367303504397739 ) ) ;
#776 = CARTESIAN_POINT ( 'NONE',  ( -46.38743870762979782, 97.30192860395862908, 12.98610860347985252 ) ) ;
#777 = CARTESIAN_POINT ( 'NONE',  ( 4.591117716826763839, 122.6766712439399498, -16.06667121359097905 ) ) ;
#778 = CARTESIAN_POINT ( 'NONE',  ( -45.30242657017134889, -6.775122874841904341, -11.03157233584434849 ) ) ;
#779 = ORIENTED_EDGE ( 'NONE', *, *, #226, .F. ) ;
#780 = CARTESIAN_POINT ( 'NONE',  ( 37.83831557234702814, 94.50865358825555518, 36.74801976673341386 ) ) ;
#781 = CARTESIAN_POINT ( 'NONE',  ( -33.57179776583312503, -6.775122874841950527, 75.24049985955937814 ) ) ;
#782 = CARTESIAN_POINT ( 'NONE',  ( -19.22806260267246614, 93.13081253540343596, -24.61048978865483505 ) ) ;
#783 = ORIENTED_EDGE ( 'NONE', *, *, #2884, .F. ) ;
#784 = PRODUCT ( 'W0002457_04_Moldcore_shape_hollow', 'W0002457_04_Moldcore_shape_hollow', '', ( #1863 ) ) ;
#785 = EDGE_CURVE ( 'NONE', #432, #1634, #2665, .T. ) ;
#786 = CARTESIAN_POINT ( 'NONE',  ( 48.67898561401620583, 93.22487712515804503, 15.00000000000000000 ) ) ;
#787 = CARTESIAN_POINT ( 'NONE',  ( 23.13922837726753201, 93.91085633335666216, -21.27102722251431643 ) ) ;
#788 = CARTESIAN_POINT ( 'NONE',  ( -6.969721373133642039, 148.0207500137670138, 0.5624027995071354535 ) ) ;
#789 = CARTESIAN_POINT ( 'NONE',  ( 23.29067257505358413, 95.11683431530451571, 51.57632678685389749 ) ) ;
#790 = CARTESIAN_POINT ( 'NONE',  ( -12.02966514366543116, -6.775122874841914999, -56.99904493568756436 ) ) ;
#791 = CARTESIAN_POINT ( 'NONE',  ( -32.04317063277630950, 94.24922693514828609, -12.93501397930396557 ) ) ;
#792 = CARTESIAN_POINT ( 'NONE',  ( 6.969721373890902072, 148.0207500137669854, 0.5624027986725967931 ) ) ;
#793 = CARTESIAN_POINT ( 'NONE',  ( 41.79190883624842456, 33.58293606105883811, -13.58482987854952562 ) ) ;
#794 = CARTESIAN_POINT ( 'NONE',  ( 85.00000000000000000, 85.00933975391465935, 2.796145319757071590 ) ) ;
#795 = ORIENTED_EDGE ( 'NONE', *, *, #2307, .T. ) ;
#796 = CARTESIAN_POINT ( 'NONE',  ( 32.61466278655054651, 93.64753663961222685, 43.53073665777040446 ) ) ;
#797 = CARTESIAN_POINT ( 'NONE',  ( -19.97962490885387155, 91.87201498351736006, 55.87500203282787936 ) ) ;
#798 = CARTESIAN_POINT ( 'NONE',  ( -43.50019700628404706, 94.15334625355966125, 1.055808488695395120 ) ) ;
#799 = VECTOR ( 'NONE', #434, 1000.000000000000000 ) ;
#800 = ORIENTED_EDGE ( 'NONE', *, *, #998, .F. ) ;
#801 = CARTESIAN_POINT ( 'NONE',  ( -44.58834333859295640, 98.41490175164470600, 8.073998172410346896 ) ) ;
#802 = CARTESIAN_POINT ( 'NONE',  ( -36.79159351871835071, 26.27643528030325015, -25.04955837514885175 ) ) ;
#803 = CARTESIAN_POINT ( 'NONE',  ( -14.98257806395620051, 93.65822669853511684, -27.26357809384314024 ) ) ;
#804 = CARTESIAN_POINT ( 'NONE',  ( 0.6691567052210798394, 122.6472455106277124, -16.91337202544373852 ) ) ;
#805 = B_SPLINE_CURVE_WITH_KNOTS ( 'NONE', 3,
 ( #1572, #1585, #1170, #2711 ),
 .UNSPECIFIED., .F., .F.,
 ( 4, 4 ),
 ( 0.5198152452040820659, 0.5303749424333118467 ),
 .UNSPECIFIED. ) ;
#806 = CARTESIAN_POINT ( 'NONE',  ( -14.94586524440024888, 96.05323785383218649, 57.01064647111596884 ) ) ;
#807 = CARTESIAN_POINT ( 'NONE',  ( -48.73825097291668840, 93.22487712515807345, 12.88665501341858999 ) ) ;
#808 = CARTESIAN_POINT ( 'NONE',  ( -41.99911411949575779, 97.11526291986808701, 1.414294514189670338 ) ) ;
#809 = CARTESIAN_POINT ( 'NONE',  ( -2.419197260367693225, 173.2248771251581161, 15.47472876212168202 ) ) ;
#810 = DIRECTION ( 'NONE',  ( 1.000000000000000000, 5.407113472835363884E-15, -0.000000000000000000 ) ) ;
#811 = DIRECTION ( 'NONE',  ( 0.000000000000000000, -4.529403846913917463E-16, 1.000000000000000000 ) ) ;
#812 = EDGE_LOOP ( 'NONE', ( #558, #356, #1426, #2789 ) ) ;
#813 = CARTESIAN_POINT ( 'NONE',  ( 23.96205826441052267, 92.66175822229639891, 52.40480606762340443 ) ) ;
#814 = CARTESIAN_POINT ( 'NONE',  ( 7.243708791314563911, 91.53723310836518579, 62.70524060942725697 ) ) ;
#815 = CARTESIAN_POINT ( 'NONE',  ( -23.46066763722178550, 92.63051852826639276, -21.55842123355624551 ) ) ;
#816 = VERTEX_POINT ( 'NONE', #281 ) ;
#817 = CARTESIAN_POINT ( 'NONE',  ( 45.65601365308305049, 98.46081815135038084, 15.00000000000000000 ) ) ;
#818 = CARTESIAN_POINT ( 'NONE',  ( -44.10610829276835432, 92.95719070587929878, 0.9110357292168237420 ) ) ;
#819 = CARTESIAN_POINT ( 'NONE',  ( -3.191269656608285210, 93.42856339415172329, -32.31476242938415311 ) ) ;
#820 = CARTESIAN_POINT ( 'NONE',  ( -31.00713634489876469, 97.77926764389782477, 42.21320524242452876 ) ) ;
#821 = CARTESIAN_POINT ( 'NONE',  ( 1.036156965228597793, 93.46256256223300340, 63.33843098627119161 ) ) ;
#822 = CARTESIAN_POINT ( 'NONE',  ( -45.33889844741597841, 26.46898165206514619, -6.210874822014211816 ) ) ;
#823 = CARTESIAN_POINT ( 'NONE',  ( 46.63123492940510317, 94.93659991708297241, 21.39631612333770150 ) ) ;
#824 = CARTESIAN_POINT ( 'NONE',  ( -9.727791695393717575, 148.0157583640754524, 26.88392696952518790 ) ) ;
#825 = CARTESIAN_POINT ( 'NONE',  ( -6.806572394465354670, 94.78691564852098850, -30.94378693936214830 ) ) ;
#826 = CARTESIAN_POINT ( 'NONE',  ( 3.312773131161851126, 92.80982587820686547, 63.31393123154245473 ) ) ;
#827 = CARTESIAN_POINT ( 'NONE',  ( 48.72370404322282411, 26.55821045849139139, 18.40318941873466585 ) ) ;
#828 = CARTESIAN_POINT ( 'NONE',  ( 11.25480211798918084, 92.94110890797935554, 60.69312992922500172 ) ) ;
#829 = VERTEX_POINT ( 'NONE', #2288 ) ;
#830 = CARTESIAN_POINT ( 'NONE',  ( 25.94004556611493229, 97.80627501035748139, -17.01503976433525622 ) ) ;
#831 = CARTESIAN_POINT ( 'NONE',  ( -15.29393545559433853, 91.69976897321464548, -27.74477061277769252 ) ) ;
#832 = CARTESIAN_POINT ( 'NONE',  ( 6.948253393360412034, 92.81729983879891677, -31.45179169987039103 ) ) ;
#833 = CARTESIAN_POINT ( 'NONE',  ( -47.60867869903135130, 94.97905399500154999, 13.31315029432992958 ) ) ;
#834 = CARTESIAN_POINT ( 'NONE',  ( -24.13097029579041219, 92.02137920473911947, 52.55845643433580960 ) ) ;
#835 = CARTESIAN_POINT ( 'NONE',  ( 18.73422450424751773, 97.34193940161580372, 53.67916545111032178 ) ) ;
#836 = B_SPLINE_CURVE_WITH_KNOTS ( 'NONE', 3,
 ( #649, #1262, #1755, #2645, #2425, #1769, #414, #2161 ),
 .UNSPECIFIED., .F., .F.,
 ( 4, 2, 2, 4 ),
 ( 1.482148387583608474E-17, 0.009172417711370672855, 0.01834483542274132836, 0.03668967084548264285 ),
 .UNSPECIFIED. ) ;
#837 = CARTESIAN_POINT ( 'NONE',  ( -1.919714535889142759, 173.2248771251581161, 13.16914185133310333 ) ) ;
#838 = CARTESIAN_POINT ( 'NONE',  ( 18.30976948992667630, 97.61249579098473816, -23.55269834860950695 ) ) ;
#839 = ORIENTED_EDGE ( 'NONE', *, *, #2793, .F. ) ;
#840 = CARTESIAN_POINT ( 'NONE',  ( -29.00421502863211387, 60.96143878237831615, 129.9999999999999716 ) ) ;
#841 = CARTESIAN_POINT ( 'NONE',  ( 27.21892558758134228, 59.08921184487876843, 60.12172594211734378 ) ) ;
#842 = CARTESIAN_POINT ( 'NONE',  ( -27.89948663460154776, 92.81426535763253582, 48.77831785669104647 ) ) ;
#843 = VERTEX_POINT ( 'NONE', #2885 ) ;
#844 = CARTESIAN_POINT ( 'NONE',  ( 42.96896328645531327, 36.77378528491945531, 42.86130270980610391 ) ) ;
#845 = VECTOR ( 'NONE', #1869, 1000.000000000000000 ) ;
#846 = CARTESIAN_POINT ( 'NONE',  ( -2.034673248606620799, -6.775122874841905229, -58.64365844190223953 ) ) ;
#847 = CARTESIAN_POINT ( 'NONE',  ( -1.021848913597882991, 91.42151598475378194, -33.06061320762504607 ) ) ;
#848 = AXIS2_PLACEMENT_3D ( 'NONE', #1230, #810, #994 ) ;
#849 = CARTESIAN_POINT ( 'NONE',  ( 32.38254110622331439, 94.27090562779588367, 43.40507330872057423 ) ) ;
#850 = CARTESIAN_POINT ( 'NONE',  ( -38.50583288244887825, 92.66132676878173413, -6.850203292341904060 ) ) ;
#851 = CARTESIAN_POINT ( 'NONE',  ( 1.021955749877063502, 94.64398961997255810, 62.65633375645735015 ) ) ;
#852 = CARTESIAN_POINT ( 'NONE',  ( -45.71912189278281602, 98.46081815135043769, 13.01437785233482458 ) ) ;
#853 = CARTESIAN_POINT ( 'NONE',  ( -0.9741674376374815925, 96.04439136376990405, -31.85622137398095433 ) ) ;
#854 = CARTESIAN_POINT ( 'NONE',  ( 15.70610016968947420, 91.73810223345648751, 58.74488181018718080 ) ) ;
#855 = CARTESIAN_POINT ( 'NONE',  ( 85.00000000000000000, -6.775122874841904341, -11.03157233584434849 ) ) ;
#856 = CARTESIAN_POINT ( 'NONE',  ( 21.39548389303341125, 26.06261882792416884, 75.69071884873550005 ) ) ;
#857 = CARTESIAN_POINT ( 'NONE',  ( -3.289804248602881120, 93.47444996025598130, 63.12982414907178708 ) ) ;
#858 = EDGE_LOOP ( 'NONE', ( #371, #1349, #765, #151 ) ) ;
#859 = CARTESIAN_POINT ( 'NONE',  ( -48.62116923822274828, 93.21901614279779835, 13.27973236569790672 ) ) ;
#860 = CARTESIAN_POINT ( 'NONE',  ( -27.24447119277262530, 93.42020887073068991, -17.94188497265707838 ) ) ;
#861 = CARTESIAN_POINT ( 'NONE',  ( -3.153645887564158645, 97.01820291057585166, 61.09247043145593636 ) ) ;
#862 = CARTESIAN_POINT ( 'NONE',  ( 47.60462548289201834, 94.98414950917492661, 17.00151470988109992 ) ) ;
#863 = CARTESIAN_POINT ( 'NONE',  ( -44.83228197018157601, -6.775122874841935428, 52.25805004465346570 ) ) ;
#864 = CARTESIAN_POINT ( 'NONE',  ( 1.036156965228597793, 93.46256256223300340, 63.33843098627119161 ) ) ;
#865 = CARTESIAN_POINT ( 'NONE',  ( -2.000527503756566183, 173.2248771251580592, 16.31050584732450659 ) ) ;
#866 = CARTESIAN_POINT ( 'NONE',  ( 36.67385311299337758, 96.90894821639953705, -6.157088832112955323 ) ) ;
#867 = CARTESIAN_POINT ( 'NONE',  ( 47.63126548218860279, 93.16993856103049154, 21.51460390208470841 ) ) ;
#868 = CARTESIAN_POINT ( 'NONE',  ( 18.73453639081871103, 43.17383360428053152, 71.91954159116743028 ) ) ;
#869 = UNCERTAINTY_MEASURE_WITH_UNIT (LENGTH_MEASURE( 1.000000000000000082E-05 ), #2082, 'distance_accuracy_value', 'NONE');
#870 = LINE ( 'NONE', #2205, #1503 ) ;
#871 = CARTESIAN_POINT ( 'NONE',  ( 1.036156965228597793, 93.46256256223300340, 63.33843098627119161 ) ) ;
#872 = ORIENTED_EDGE ( 'NONE', *, *, #1611, .T. ) ;
#873 = B_SPLINE_CURVE_WITH_KNOTS ( 'NONE', 4,
 ( #949, #1942, #1033, #2824, #1858 ),
 .UNSPECIFIED., .F., .F.,
 ( 5, 5 ),
 ( 0.000000000000000000, 0.3796668866888776583 ),
 .UNSPECIFIED. ) ;
#874 = CARTESIAN_POINT ( 'NONE',  ( 10.64190985011515345, 29.15699326910146993, 129.9999999999999716 ) ) ;
#875 = PLANE ( 'NONE',  #1310 ) ;
#876 = CARTESIAN_POINT ( 'NONE',  ( -21.18555866964640444, 122.9278041376512789, 33.67012821188458105 ) ) ;
#877 = ADVANCED_FACE ( 'NONE', ( #214 ), #875, .F. ) ;
#878 = CARTESIAN_POINT ( 'NONE',  ( -47.66060110331498834, 94.98241245863211191, 13.88607868030942427 ) ) ;
#879 = CARTESIAN_POINT ( 'NONE',  ( 38.65270571798612309, 92.67549148388262381, 37.05712634467527522 ) ) ;
#880 = CARTESIAN_POINT ( 'NONE',  ( 36.23002982381628811, 98.00645114638199118, 35.83925666928333698 ) ) ;
#881 = CARTESIAN_POINT ( 'NONE',  ( 30.52482797957320315, 123.3518800089550638, 19.24393685620126604 ) ) ;
#882 = CARTESIAN_POINT ( 'NONE',  ( -3.191269656608285210, 93.42856339415172329, -32.31476242938415311 ) ) ;
#883 = DIRECTION ( 'NONE',  ( -0.000000000000000000, -0.000000000000000000, -1.000000000000000000 ) ) ;
#884 = CARTESIAN_POINT ( 'NONE',  ( 46.99418403737846006, 96.14303905656674942, 15.00000000000000000 ) ) ;
#885 = CARTESIAN_POINT ( 'NONE',  ( -27.05629607858908159, 94.05324758207447644, -17.80811379365916025 ) ) ;
#886 = CARTESIAN_POINT ( 'NONE',  ( -27.50564697097865263, 94.08070725942815216, 48.49386413059857404 ) ) ;
#887 = ORIENTED_EDGE ( 'NONE', *, *, #1792, .T. ) ;
#888 = CARTESIAN_POINT ( 'NONE',  ( 36.46859870767084999, 48.03274700309523126, 52.09883005135169043 ) ) ;
#889 = LINE ( 'NONE', #513, #799 ) ;
#890 = CARTESIAN_POINT ( 'NONE',  ( -48.47323992934120440, 93.20837214883717081, 11.67118275688455675 ) ) ;
#891 = VECTOR ( 'NONE', #883, 1000.000000000000000 ) ;
#892 = EDGE_CURVE ( 'NONE', #2332, #224, #889, .T. ) ;
#893 = CARTESIAN_POINT ( 'NONE',  ( 24.13097028765624685, 92.02137920473913368, 52.55845643115754484 ) ) ;
#894 = CARTESIAN_POINT ( 'NONE',  ( 46.93470715966084583, 96.14303905656674942, 16.97418626601688629 ) ) ;
#895 = CARTESIAN_POINT ( 'NONE',  ( 26.33889485702625066, 97.59752084191050869, 47.08463433393676922 ) ) ;
#896 = CARTESIAN_POINT ( 'NONE',  ( -36.76596135564168577, 96.84051862700658830, 36.14217739998764500 ) ) ;
#897 = CARTESIAN_POINT ( 'NONE',  ( 47.85006589651627706, 93.16852208952045089, 8.350259686055846231 ) ) ;
#898 = CARTESIAN_POINT ( 'NONE',  ( 26.68433375519446571, 95.30425672483536914, -17.54375560742510842 ) ) ;
#899 = CARTESIAN_POINT ( 'NONE',  ( -6.900652327596883850, 93.47908932111606362, -31.28110246883479562 ) ) ;
#900 = LINE ( 'NONE', #1797, #1407 ) ;
#901 = ORIENTED_EDGE ( 'NONE', *, *, #1430, .T. ) ;
#902 = DIRECTION ( 'NONE',  ( 0.000000000000000000, -0.1118158158520063949, -0.9937289486199696320 ) ) ;
#903 = B_SPLINE_CURVE_WITH_KNOTS ( 'NONE', 3,
 ( #1566, #1955, #2223, #1552 ),
 .UNSPECIFIED., .F., .F.,
 ( 4, 4 ),
 ( 0.000000000000000000, 0.06073920262026442224 ),
 .UNSPECIFIED. ) ;
#904 = CARTESIAN_POINT ( 'NONE',  ( 1.459276734806831902E-14, 173.2248771251580592, 14.78763720217867217 ) ) ;
#905 = CARTESIAN_POINT ( 'NONE',  ( 47.63126548218860279, 93.16993856103049154, 21.51460390208470841 ) ) ;
#906 = CARTESIAN_POINT ( 'NONE',  ( 6.618369276856478578, 97.40256830333083826, -30.26915594495192963 ) ) ;
#907 = CARTESIAN_POINT ( 'NONE',  ( 1.313354980464169541, 173.2248771251580592, 16.91893466660521028 ) ) ;
#908 = CARTESIAN_POINT ( 'NONE',  ( 10.09753877386956589, 122.5624173378225095, 43.30750853116816756 ) ) ;
#909 = CARTESIAN_POINT ( 'NONE',  ( -26.68433375316812217, 95.30425672483555388, -17.54375560277447477 ) ) ;
#910 = CARTESIAN_POINT ( 'NONE',  ( 45.33889844832800264, 26.46898165206512843, -6.210874837641546797 ) ) ;
#911 = CARTESIAN_POINT ( 'NONE',  ( 1.001274068192515188, 93.41631468458460574, -32.54091084343294682 ) ) ;
#912 = EDGE_CURVE ( 'NONE', #1565, #1236, #2417, .T. ) ;
#913 = CARTESIAN_POINT ( 'NONE',  ( -29.00421502863211387, 60.96143878237831615, 129.9999999999999716 ) ) ;
#914 = CARTESIAN_POINT ( 'NONE',  ( 19.56100575862261692, 93.81324080391102882, 55.38369108731623669 ) ) ;
#915 = ORIENTED_EDGE ( 'NONE', *, *, #1700, .T. ) ;
#916 = CARTESIAN_POINT ( 'NONE',  ( -47.72393217705471358, 94.98414950917495503, 12.92956983835843943 ) ) ;
#917 = CARTESIAN_POINT ( 'NONE',  ( 32.48962443518558985, 93.00277670544494413, -13.17391886001608370 ) ) ;
#918 = CARTESIAN_POINT ( 'NONE',  ( -45.60756165418592900, 98.45723535303952190, 13.37919060422748352 ) ) ;
#919 = CARTESIAN_POINT ( 'NONE',  ( -1.765209495292151765, 25.97219910779759644, 82.04208983119009702 ) ) ;
#920 = CARTESIAN_POINT ( 'NONE',  ( 22.18579329866658156, 97.70615574701487560, -20.41910685104468115 ) ) ;
#921 = CARTESIAN_POINT ( 'NONE',  ( -0.9026482715343794316, 173.2248771251580592, 17.12283464460174898 ) ) ;
#922 = CARTESIAN_POINT ( 'NONE',  ( -36.15273581745884712, 98.11632176135424288, -5.960073616505805028 ) ) ;
#923 = CARTESIAN_POINT ( 'NONE',  ( 48.53672262520770175, -6.775122874841942533, 10.77845750106885703 ) ) ;
#924 = CARTESIAN_POINT ( 'NONE',  ( -10.43346952722039411, 97.45747241548649242, -28.58658492904184456 ) ) ;
#925 = CARTESIAN_POINT ( 'NONE',  ( 32.04317063490033490, 94.24922693514805871, -12.93501398509759248 ) ) ;
#926 = CARTESIAN_POINT ( 'NONE',  ( 48.63680923558818847, 67.92254225130923828, 12.93590203104626468 ) ) ;
#927 = ORIENTED_EDGE ( 'NONE', *, *, #1743, .F. ) ;
#928 = CARTESIAN_POINT ( 'NONE',  ( -48.40015666996737309, 93.81130125316369117, 12.90095993959572596 ) ) ;
#929 = ADVANCED_FACE ( 'NONE', ( #2302 ), #2649, .F. ) ;
#930 = PLANE ( 'NONE',  #2857 ) ;
#931 = CARTESIAN_POINT ( 'NONE',  ( 47.66326922952618617, 94.98414950917492661, 15.00000000000000000 ) ) ;
#932 = CARTESIAN_POINT ( 'NONE',  ( 1.057715366582426597, 91.46684307307677386, 63.89150633754760378 ) ) ;
#933 = CARTESIAN_POINT ( 'NONE',  ( 1.014052926920472109, 173.2248771251581445, 12.49726363275923546 ) ) ;
#934 = CARTESIAN_POINT ( 'NONE',  ( -0.3827729363891697600, 147.8188659952559476, 31.95580456706233363 ) ) ;
#935 = CARTESIAN_POINT ( 'NONE',  ( 9.727791692674955470, 148.0157583640755661, 26.88392696778696234 ) ) ;
#936 = VECTOR ( 'NONE', #1495, 1000.000000000000227 ) ;
#937 = CARTESIAN_POINT ( 'NONE',  ( -10.43346952722039411, 97.45747241548649242, -28.58658492904184456 ) ) ;
#938 = CARTESIAN_POINT ( 'NONE',  ( 36.79159352042109532, 26.27643528030317555, -25.04955838536499613 ) ) ;
#939 = CARTESIAN_POINT ( 'NONE',  ( -18.83372028027647005, 95.05593300820459035, -24.15611216112522541 ) ) ;
#940 = CARTESIAN_POINT ( 'NONE',  ( -47.36652020714933542, 5.026485083846343294, 35.18896919555876934 ) ) ;
#941 = CARTESIAN_POINT ( 'NONE',  ( 32.61466278655054651, 93.64753663961222685, 43.53073665777040446 ) ) ;
#942 = DIRECTION ( 'NONE',  ( 1.000000000000000000, 1.676877788449600336E-15, -0.000000000000000000 ) ) ;
#943 = ORIENTED_EDGE ( 'NONE', *, *, #2001, .F. ) ;
#944 = CARTESIAN_POINT ( 'NONE',  ( -15.48733887895573069, 93.04425985994345183, 58.40060918444147120 ) ) ;
#945 = CARTESIAN_POINT ( 'NONE',  ( 15.29393545714955316, 91.69976897321463127, -27.74477061454831173 ) ) ;
#946 = DIRECTION ( 'NONE',  ( 0.000000000000000000, -0.8719497730690998205, -0.4895953362162932532 ) ) ;
#947 = CARTESIAN_POINT ( 'NONE',  ( 43.19717800152188403, 94.75142402739982117, 1.128194927901841504 ) ) ;
#948 = CARTESIAN_POINT ( 'NONE',  ( 30.71886230095512715, 97.94407356635592521, -12.22682992909052402 ) ) ;
#949 = CARTESIAN_POINT ( 'NONE',  ( 1.452218962913409212E-19, -6.775122874841904341, -58.64365844190224664 ) ) ;
#950 = CARTESIAN_POINT ( 'NONE',  ( -32.04317063277630950, 94.24922693514828609, -12.93501397930396557 ) ) ;
#951 = CARTESIAN_POINT ( 'NONE',  ( -46.99204709881224318, 29.80559971880990133, 31.42456766714391136 ) ) ;
#952 = CARTESIAN_POINT ( 'NONE',  ( -0.9877207529149674148, 94.73035302417726200, -32.19856610870694880 ) ) ;
#953 = CARTESIAN_POINT ( 'NONE',  ( 0.9606141223600594969, 97.35842970336256030, -31.51387663925495630 ) ) ;
#954 = DIRECTION ( 'NONE',  ( -0.000000000000000000, -0.8599768852722459167, 0.5103329861937656586 ) ) ;
#955 = CARTESIAN_POINT ( 'NONE',  ( -21.78436574630997669, 48.45629300240651105, 68.20636389956779055 ) ) ;
#956 = VERTEX_POINT ( 'NONE', #735 ) ;
#957 = CARTESIAN_POINT ( 'NONE',  ( -1.057715366582362648, 91.46684307307677386, 63.89150633754760378 ) ) ;
#958 = CARTESIAN_POINT ( 'NONE',  ( 47.18921970487584616, 94.34627714377782581, 8.430565796992887329 ) ) ;
#959 = CARTESIAN_POINT ( 'NONE',  ( 45.33889844832800264, 26.46898165206512843, -6.210874837641546797 ) ) ;
#960 = CARTESIAN_POINT ( 'NONE',  ( 47.66326922952618617, 94.98414950917492661, 15.00000000000000000 ) ) ;
#961 = CARTESIAN_POINT ( 'NONE',  ( -16.44608039319582105, 148.2883785670564976, 17.35681779715335793 ) ) ;
#962 = CARTESIAN_POINT ( 'NONE',  ( -48.61859101819364781, 84.82625384420497028, 13.14169447817573833 ) ) ;
#963 = CARTESIAN_POINT ( 'NONE',  ( 19.28533932026374842, 94.98947366981262519, 54.81551576751423482 ) ) ;
#964 = CARTESIAN_POINT ( 'NONE',  ( -38.69450793555559898, -6.775122874841930098, -30.92025302852739799 ) ) ;
#965 = CARTESIAN_POINT ( 'NONE',  ( -44.65574284576972985, 98.41538145085362999, 21.13276570928879039 ) ) ;
#966 = CARTESIAN_POINT ( 'NONE',  ( -0.6691567052210184441, 122.6472455106277124, -16.91337202544373852 ) ) ;
#967 = CARTESIAN_POINT ( 'NONE',  ( -44.86743918632542716, 82.39011180077572760, 1.325462225442507025 ) ) ;
#968 = ORIENTED_EDGE ( 'NONE', *, *, #1577, .T. ) ;
#969 = CARTESIAN_POINT ( 'NONE',  ( 3.358713098752700521, 91.48057771410864802, 63.68214539436920063 ) ) ;
#970 = CARTESIAN_POINT ( 'NONE',  ( 3.358713098752700521, 91.48057771410864802, 63.68214539436920063 ) ) ;
#971 = CARTESIAN_POINT ( 'NONE',  ( -48.28265888802248185, 93.81130125316369117, 17.02917230334208654 ) ) ;
#972 = CARTESIAN_POINT ( 'NONE',  ( 39.95887682711793332, 59.51584355424051154, -11.75712274515028710 ) ) ;
#973 = PLANE ( 'NONE',  #1826 ) ;
#974 = CARTESIAN_POINT ( 'NONE',  ( -2.557205039146520864, 147.9507741845490330, -1.864404797843228545 ) ) ;
#975 = CARTESIAN_POINT ( 'NONE',  ( 44.89892825553491207, 98.42636851235080542, 8.708769702665250634 ) ) ;
#976 = CARTESIAN_POINT ( 'NONE',  ( 37.83831557234702814, 94.50865358825555518, 36.74801976673341386 ) ) ;
#977 = CARTESIAN_POINT ( 'NONE',  ( -1.359457024805684533, 58.68930303155525507, -41.58829495238411056 ) ) ;
#978 = CARTESIAN_POINT ( 'NONE',  ( -18.73422451313435388, 97.34193940161578951, 53.67916545384564131 ) ) ;
#979 = VECTOR ( 'NONE', #1325, 1000.000000000000000 ) ;
#980 = CARTESIAN_POINT ( 'NONE',  ( -4.005154338522290303, 147.9690755552676080, -1.258307108751095527 ) ) ;
#981 = CARTESIAN_POINT ( 'NONE',  ( 40.41617999897677294, 43.61211965982255379, -14.21932740756571967 ) ) ;
#982 = CARTESIAN_POINT ( 'NONE',  ( 46.32509884523075527, 97.30192860395854382, 15.00000000000000000 ) ) ;
#983 = ORIENTED_EDGE ( 'NONE', *, *, #1700, .F. ) ;
#984 = CARTESIAN_POINT ( 'NONE',  ( 47.36652020714926437, -6.775122874841992271, 129.9999999999999716 ) ) ;
#985 = CARTESIAN_POINT ( 'NONE',  ( -47.93185841350415188, 59.85491808240639955, 23.45511600019946385 ) ) ;
#986 = CARTESIAN_POINT ( 'NONE',  ( -15.19016302255612061, 92.35258821498813120, -27.58437312374847750 ) ) ;
#987 = CARTESIAN_POINT ( 'NONE',  ( 30.07167495756772624, 59.17771334041467668, -24.79401238586745393 ) ) ;
#988 = CARTESIAN_POINT ( 'NONE',  ( 37.97904073782552814, 93.88324300725415128, -6.650814624988798052 ) ) ;
#989 = CARTESIAN_POINT ( 'NONE',  ( -0.9606141223599955481, 97.35842970336256030, -31.51387663925495630 ) ) ;
#990 = CARTESIAN_POINT ( 'NONE',  ( 23.62430753291696206, 93.94251625741097200, 52.09750524574551633 ) ) ;
#991 = CARTESIAN_POINT ( 'NONE',  ( 19.49296427012041377, 91.83713437258131762, -24.91583083476250948 ) ) ;
#992 = CARTESIAN_POINT ( 'NONE',  ( -22.95713306997017256, 96.29115237319803100, 51.05514843180908713 ) ) ;
#993 = CARTESIAN_POINT ( 'NONE',  ( 10.43346952889170964, 97.45747241548652084, -28.58658493002471346 ) ) ;
#994 = DIRECTION ( 'NONE',  ( -5.407113472835363884E-15, 1.000000000000000000, 0.000000000000000000 ) ) ;
#995 = LINE ( 'NONE', #1025, #563 ) ;
#996 = ORIENTED_EDGE ( 'NONE', *, *, #2237, .T. ) ;
#997 = CARTESIAN_POINT ( 'NONE',  ( 32.38254110622331439, 94.27090562779588367, 43.40507330872057423 ) ) ;
#998 = EDGE_CURVE ( 'NONE', #1236, #104, #1633, .T. ) ;
#999 = CARTESIAN_POINT ( 'NONE',  ( -33.07901565260365828, 92.40079866324492741, 43.78206324226139401 ) ) ;
#1000 = CARTESIAN_POINT ( 'NONE',  ( -37.71557961680703386, 94.49420112649046644, -6.551120208711997073 ) ) ;
#1001 = ORIENTED_EDGE ( 'NONE', *, *, #137, .F. ) ;
#1002 = CARTESIAN_POINT ( 'NONE',  ( 27.62072834077754990, 92.15413144804288947, -18.20942723509735117 ) ) ;
#1003 = CARTESIAN_POINT ( 'NONE',  ( 23.46066763912509501, 92.63051852826626487, -21.55842123712170633 ) ) ;
#1004 = CARTESIAN_POINT ( 'NONE',  ( -2.499985644920188044, 173.2248771251580592, 14.49673674370466081 ) ) ;
#1005 = CARTESIAN_POINT ( 'NONE',  ( 6.797724439752616199, 97.06505950796321258, 60.16281848216087980 ) ) ;
#1006 = CARTESIAN_POINT ( 'NONE',  ( 13.30102472501410027, 58.79731684986076345, -38.26992452364687836 ) ) ;
#1007 = CARTESIAN_POINT ( 'NONE',  ( -37.19480104285795363, 95.70157467144505858, -6.354104426959827912 ) ) ;
#1008 = CARTESIAN_POINT ( 'NONE',  ( 18.30976948992667630, 97.61249579098473816, -23.55269834860950695 ) ) ;
#1009 = CARTESIAN_POINT ( 'NONE',  ( -10.64190985011522983, 17.18596074992396794, 83.10562107689830214 ) ) ;
#1010 = CARTESIAN_POINT ( 'NONE',  ( 46.99418403737846006, 96.14303905656674942, 15.00000000000000000 ) ) ;
#1011 = ORIENTED_EDGE ( 'NONE', *, *, #1825, .T. ) ;
#1012 = DIRECTION ( 'NONE',  ( 0.4999999999999950040, 0.8660254037844415942, 0.000000000000000000 ) ) ;
#1013 = CARTESIAN_POINT ( 'NONE',  ( -12.65950178757993960, -6.775122874841973619, 89.61927142863015661 ) ) ;
#1014 = CARTESIAN_POINT ( 'NONE',  ( -27.05629607858908159, 94.05324758207447644, -17.80811379365916025 ) ) ;
#1015 = PRODUCT_RELATED_PRODUCT_CATEGORY ( 'part', '', ( #784 ) ) ;
#1016 = CARTESIAN_POINT ( 'NONE',  ( 2.247871226044747317, 173.2248771251579740, 15.91494427472909123 ) ) ;
#1017 = DIRECTION ( 'NONE',  ( 1.000000000000000000, 0.000000000000000000, -0.000000000000000000 ) ) ;
#1018 = CARTESIAN_POINT ( 'NONE',  ( -32.04317063277630950, 94.24922693514828609, -12.93501397930396557 ) ) ;
#1019 = CARTESIAN_POINT ( 'NONE',  ( -41.39983470891381501, 98.29718236610220572, 1.557343830752050629 ) ) ;
#1020 = CARTESIAN_POINT ( 'NONE',  ( 31.46546204248122791, 96.60981363853051107, 42.61049432308944773 ) ) ;
#1021 = CARTESIAN_POINT ( 'NONE',  ( -1.697065136013486297, 25.95709007835666782, -50.11597669714316083 ) ) ;
#1022 = CARTESIAN_POINT ( 'NONE',  ( -22.50370372235985172, 96.44105594246227042, -20.70308011642195467 ) ) ;
#1023 = CARTESIAN_POINT ( 'NONE',  ( -31.33599103031477284, 123.3821711426197396, 13.62215314647508357 ) ) ;
#1024 = CARTESIAN_POINT ( 'NONE',  ( 43.86520612350935266, 13.43717156948474312, -12.31030562000256445 ) ) ;
#1025 = CARTESIAN_POINT ( 'NONE',  ( -10.64190985011514812, -6.775122874841930098, 129.9999999999999716 ) ) ;
#1026 = ORIENTED_EDGE ( 'NONE', *, *, #2001, .T. ) ;
#1027 = CARTESIAN_POINT ( 'NONE',  ( 32.84682096664495532, 93.02416765142857003, 43.65639997529547855 ) ) ;
#1028 = CARTESIAN_POINT ( 'NONE',  ( -48.30234221897359959, 26.53989760378222940, 25.39328658949306217 ) ) ;
#1029 = CARTESIAN_POINT ( 'NONE',  ( -47.85006589555084133, 93.16852208952043668, 8.350259699136046265 ) ) ;
#1030 = AXIS2_PLACEMENT_3D ( 'NONE', #2112, #1425, #350 ) ;
#1031 = ORIENTED_EDGE ( 'NONE', *, *, #1542, .T. ) ;
#1032 = VECTOR ( 'NONE', #2689, 1000.000000000000000 ) ;
#1033 = CARTESIAN_POINT ( 'NONE',  ( -31.78128794736089091, -6.775122874841903453, -48.17838416389511025 ) ) ;
#1034 = CARTESIAN_POINT ( 'NONE',  ( -45.33889844741597841, 26.46898165206514619, -6.210874822014211816 ) ) ;
#1035 = CARTESIAN_POINT ( 'NONE',  ( -15.19016302255612061, 92.35258821498813120, -27.58437312374847750 ) ) ;
#1036 = CARTESIAN_POINT ( 'NONE',  ( -0.07738274499679033414, 173.2248771251580592, 17.28763720221264322 ) ) ;
#1037 = CARTESIAN_POINT ( 'NONE',  ( -15.37797760840519423, 93.69733867318696241, 58.22847284984550242 ) ) ;
#1038 = CARTESIAN_POINT ( 'NONE',  ( -47.94176548107376590, 26.53942544661218506, 4.400427169435678465 ) ) ;
#1039 = CARTESIAN_POINT ( 'NONE',  ( 27.11661244864043141, 95.25297845358895188, 48.02412068780764542 ) ) ;
#1040 = CARTESIAN_POINT ( 'NONE',  ( -13.57978543327639009, 148.1886920038899973, 7.033863254541975252 ) ) ;
#1041 = CARTESIAN_POINT ( 'NONE',  ( 42.59822855044344436, 95.93334347363395409, 1.271244803886856900 ) ) ;
#1042 = B_SPLINE_CURVE_WITH_KNOTS ( 'NONE', 4,
 ( #236, #678, #2508, #1820, #23 ),
 .UNSPECIFIED., .F., .F.,
 ( 5, 5 ),
 ( 0.9491070284670830581, 1.000000000000000000 ),
 .UNSPECIFIED. ) ;
#1043 = CARTESIAN_POINT ( 'NONE',  ( 38.65270571798612309, 92.67549148388262381, 37.05712634467527522 ) ) ;
#1044 = CARTESIAN_POINT ( 'NONE',  ( 47.29789305418211853, 93.75882567971464709, 21.47517467988879503 ) ) ;
#1045 = CARTESIAN_POINT ( 'NONE',  ( 24.28687788921451585, -6.775122874841958520, 84.16110200122116680 ) ) ;
#1046 = CARTESIAN_POINT ( 'NONE',  ( -3.358713116226800466, 91.48057771410864802, 63.68214539448355538 ) ) ;
#1047 = VERTEX_POINT ( 'NONE', #295 ) ;
#1048 = CARTESIAN_POINT ( 'NONE',  ( -48.61464396897179085, 76.43349154561214220, 13.00370244917986184 ) ) ;
#1049 = CARTESIAN_POINT ( 'NONE',  ( -17.81414511563318115, 58.87480502386248560, -35.64034657914473314 ) ) ;
#1050 = CARTESIAN_POINT ( 'NONE',  ( -3.213196177552692046, 92.76424384398887923, -32.48764305242222861 ) ) ;
#1051 = CARTESIAN_POINT ( 'NONE',  ( 3.289804231512400978, 93.47444996025598130, 63.12982414895991212 ) ) ;
#1052 = EDGE_CURVE ( 'NONE', #1536, #816, #2621, .T. ) ;
#1053 = CARTESIAN_POINT ( 'NONE',  ( -4.360143853732772357, 58.72867751779174483, 72.74505203235915474 ) ) ;
#1054 = CARTESIAN_POINT ( 'NONE',  ( 6.797724439752616199, 97.06505950796321258, 60.16281848216087980 ) ) ;
#1055 = CARTESIAN_POINT ( 'NONE',  ( -15.47623200491368678, 122.7186059957804076, 39.32657757826933675 ) ) ;
#1056 = CARTESIAN_POINT ( 'NONE',  ( -3.147936335035376842, 94.74138963380531209, -31.97311627700202052 ) ) ;
#1057 = CARTESIAN_POINT ( 'NONE',  ( -48.67485667364067581, 93.22287912804847565, 13.86351730928108772 ) ) ;
#1058 = LINE ( 'NONE', #2612, #516 ) ;
#1059 = CARTESIAN_POINT ( 'NONE',  ( 47.93185841074176778, 59.85491808240641376, 23.45511596737674509 ) ) ;
#1060 = CARTESIAN_POINT ( 'NONE',  ( -15.48733887895573069, 93.04425985994345183, 58.40060918444147120 ) ) ;
#1061 = VERTEX_POINT ( 'NONE', #1107 ) ;
#1062 = CARTESIAN_POINT ( 'NONE',  ( 10.70654668389740038, 97.13747424938004826, 58.58976068607675813 ) ) ;
#1063 = CARTESIAN_POINT ( 'NONE',  ( -39.95887682514010208, 59.51584355424052575, -11.75712273366745286 ) ) ;
#1064 = CARTESIAN_POINT ( 'NONE',  ( -27.62072833872238675, 92.15413144804307422, -18.20942723026922394 ) ) ;
#1065 = CARTESIAN_POINT ( 'NONE',  ( 23.62430753291696206, 93.94251625741097200, 52.09750524574551633 ) ) ;
#1066 = CARTESIAN_POINT ( 'NONE',  ( -45.80259239915243796, -6.775122874841915888, -9.763554860040057903 ) ) ;
#1067 = CARTESIAN_POINT ( 'NONE',  ( 27.50564696326523517, 94.08070725942815216, 48.49386412518586553 ) ) ;
#1068 = CARTESIAN_POINT ( 'NONE',  ( -5.488505061199482782, 147.8936472314903199, 30.21404768901252069 ) ) ;
#1069 = CARTESIAN_POINT ( 'NONE',  ( 22.82151541641554360, 95.17595613790939524, -20.98705361902148070 ) ) ;
#1070 = CARTESIAN_POINT ( 'NONE',  ( -1.057715366582362648, 91.46684307307677386, 63.89150633754760378 ) ) ;
#1071 = DIRECTION ( 'NONE',  ( 0.000000000000000000, 6.938893903907222461E-16, -1.000000000000000000 ) ) ;
#1072 = CARTESIAN_POINT ( 'NONE',  ( 47.47177638706959613, -6.775122874841952303, 39.82132430620912800 ) ) ;
#1073 = CARTESIAN_POINT ( 'NONE',  ( -19.84006658412147672, 92.51909025698191158, 55.71123174267867029 ) ) ;
#1074 = ORIENTED_EDGE ( 'NONE', *, *, #2436, .T. ) ;
#1075 = CARTESIAN_POINT ( 'NONE',  ( -44.65574284576972985, 98.41538145085362999, 21.13276570928879039 ) ) ;
#1076 = VECTOR ( 'NONE', #2157, 1000.000000000000000 ) ;
#1077 = CARTESIAN_POINT ( 'NONE',  ( -23.62134934846716661, 91.99034962572119412, -21.70211819179634105 ) ) ;
#1078 = B_SPLINE_CURVE_WITH_KNOTS ( 'NONE', 3,
 ( #1439, #2566, #588, #2757, #2317, #557 ),
 .UNSPECIFIED., .F., .F.,
 ( 4, 2, 4 ),
 ( 0.000000000000000000, 0.006319341788910796086, 0.01263868357782159217 ),
 .UNSPECIFIED. ) ;
#1079 = CARTESIAN_POINT ( 'NONE',  ( -6.948253392375598914, 92.81729983879887413, -31.45179169941843966 ) ) ;
#1080 = CARTESIAN_POINT ( 'NONE',  ( -4.011336669318632531, 147.8624094998987459, 30.99266998151518138 ) ) ;
#1081 = PRODUCT_DEFINITION_FORMATION_WITH_SPECIFIED_SOURCE ( 'ANY', '', #784, .NOT_KNOWN. ) ;
#1082 = CARTESIAN_POINT ( 'NONE',  ( 43.07233969246074423, 94.75828894673820457, 28.83084568083995336 ) ) ;
#1083 = CARTESIAN_POINT ( 'NONE',  ( -48.72370404302969149, 26.55821045849139495, 18.40318940403450654 ) ) ;
#1084 = CARTESIAN_POINT ( 'NONE',  ( 31.92393029933515791, 95.44035963316321158, 43.00778374060941900 ) ) ;
#1085 = B_SPLINE_CURVE_WITH_KNOTS ( 'NONE', 3,
 ( #2174, #1781, #1964, #1547, #868, #1101, #1533, #2202, #1768, #2674 ),
 .UNSPECIFIED., .F., .F.,
 ( 4, 2, 2, 2, 4 ),
 ( 0.000000000000000000, 0.01071128619960119190, 0.02142257239920238379, 0.03213385859880357742, 0.04284514479840476758 ),
 .UNSPECIFIED. ) ;
#1086 = CARTESIAN_POINT ( 'NONE',  ( -25.94004556411432816, 97.80627501035766613, -17.01503975982558714 ) ) ;
#1087 = CARTESIAN_POINT ( 'NONE',  ( 22.18579329866658156, 97.70615574701487560, -20.41910685104468115 ) ) ;
#1088 = CARTESIAN_POINT ( 'NONE',  ( 16.87931393692507243, 148.3035241338888568, 14.99999999999999467 ) ) ;
#1089 = DIRECTION ( 'NONE',  ( -0.4999999999999950040, -0.8660254037844415942, 0.000000000000000000 ) ) ;
#1090 = CARTESIAN_POINT ( 'NONE',  ( -7.193744511210761416, 92.19931723127703549, 62.52298500433846584 ) ) ;
#1091 = ORIENTED_EDGE ( 'NONE', *, *, #2704, .F. ) ;
#1092 = EDGE_CURVE ( 'NONE', #651, #132, #199, .T. ) ;
#1093 = CARTESIAN_POINT ( 'NONE',  ( 44.92868785152361255, 33.37944276938053179, 38.27684967352308831 ) ) ;
#1094 = DIRECTION ( 'NONE',  ( -2.016488393094053972E-16, -1.000000000000000000, -6.938893903907222461E-16 ) ) ;
#1095 = CARTESIAN_POINT ( 'NONE',  ( -2.419197260367693225, 173.2248771251581161, 15.47472876212168202 ) ) ;
#1096 = CARTESIAN_POINT ( 'NONE',  ( 85.00000000000000000, 85.00933975391465935, 2.796145319757071590 ) ) ;
#1097 = CARTESIAN_POINT ( 'NONE',  ( -47.87950814948725764, -6.775122874841924769, 2.431365542713126882 ) ) ;
#1098 = CARTESIAN_POINT ( 'NONE',  ( -3.244415305464405375, 94.65570094369594756, 62.45070623901600726 ) ) ;
#1099 = CARTESIAN_POINT ( 'NONE',  ( 1.204424862009013220, 147.8226523869640232, 31.88433353398118086 ) ) ;
#1100 = CARTESIAN_POINT ( 'NONE',  ( 3.147936337214281011, 94.74138963380534051, -31.97311627709241577 ) ) ;
#1101 = CARTESIAN_POINT ( 'NONE',  ( 21.78436574639301426, 48.45629300255033201, 68.20636388826569885 ) ) ;
#1102 = CARTESIAN_POINT ( 'NONE',  ( -47.36652019479965503, -6.775122874841940757, 39.01074961363077875 ) ) ;
#1103 = CARTESIAN_POINT ( 'NONE',  ( -15.59671306897829623, 92.39118104669998388, 58.57274550787891343 ) ) ;
#1104 = ORIENTED_EDGE ( 'NONE', *, *, #677, .T. ) ;
#1105 = CARTESIAN_POINT ( 'NONE',  ( 37.78066317235440863, 45.76018468745767365, 50.65784352141846369 ) ) ;
#1106 = EDGE_CURVE ( 'NONE', #1444, #575, #752, .T. ) ;
#1107 = CARTESIAN_POINT ( 'NONE',  ( 47.36652020714926437, -6.775122874841992271, 39.01075881657478561 ) ) ;
#1108 = CARTESIAN_POINT ( 'NONE',  ( 10.64190985011515345, 29.15699326910146993, 79.64467873558071176 ) ) ;
#1109 = CARTESIAN_POINT ( 'NONE',  ( 21.39548389303341125, 26.06261882792416884, 75.69071884873550005 ) ) ;
#1110 = FACE_OUTER_BOUND ( 'NONE', #2177, .T. ) ;
#1111 = CARTESIAN_POINT ( 'NONE',  ( 0.4604887011058647062, 173.2248771251580592, 17.24839821581541699 ) ) ;
#1112 = CARTESIAN_POINT ( 'NONE',  ( -31.60188198074585841, 95.48084247888424159, -12.69895240883039378 ) ) ;
#1113 = CARTESIAN_POINT ( 'NONE',  ( 26.24272464078533673, 59.06852545886678740, -28.77540506582770874 ) ) ;
#1114 = CARTESIAN_POINT ( 'NONE',  ( 46.85875175005912752, 94.93515467090651327, 8.470718900839090182 ) ) ;
#1115 = B_SPLINE_CURVE_WITH_KNOTS ( 'NONE', 3,
 ( #325, #117, #1469, #1244 ),
 .UNSPECIFIED., .F., .F.,
 ( 4, 4 ),
 ( 0.5303749424333118467, 0.5512429834264328532 ),
 .UNSPECIFIED. ) ;
#1116 = DIRECTION ( 'NONE',  ( 1.000000000000000000, 0.000000000000000000, -0.000000000000000000 ) ) ;
#1117 = CARTESIAN_POINT ( 'NONE',  ( 32.38254110622331439, 94.27090562779588367, 43.40507330872057423 ) ) ;
#1118 = VERTEX_POINT ( 'NONE', #1787 ) ;
#1119 = LINE ( 'NONE', #874, #979 ) ;
#1120 = VECTOR ( 'NONE', #2894, 1000.000000000000000 ) ;
#1121 = CARTESIAN_POINT ( 'NONE',  ( -29.00421502863211387, 60.96143878237831615, 129.9999999999999716 ) ) ;
#1122 = VECTOR ( 'NONE', #1518, 1000.000000000000114 ) ;
#1123 = CARTESIAN_POINT ( 'NONE',  ( 47.47177638706959613, -6.775122874841952303, 39.82132430620912800 ) ) ;
#1124 = CARTESIAN_POINT ( 'NONE',  ( 47.66326922952618617, 94.98414950917492661, 15.00000000000000000 ) ) ;
#1125 = EDGE_CURVE ( 'NONE', #529, #1460, #500, .T. ) ;
#1126 = CARTESIAN_POINT ( 'NONE',  ( 2.566486135437286986, 147.8382712527597960, 31.55272069127209988 ) ) ;
#1127 = CARTESIAN_POINT ( 'NONE',  ( 1.204424862009013220, 147.8226523869640232, 31.88433353398118086 ) ) ;
#1128 = CARTESIAN_POINT ( 'NONE',  ( -14.36692082808725068, 97.52852479592321799, -26.31264707227688859 ) ) ;
#1129 = CARTESIAN_POINT ( 'NONE',  ( -85.00000000000000000, 85.00933975391465935, 2.796145319757071590 ) ) ;
#1130 = CARTESIAN_POINT ( 'NONE',  ( -10.58224347463913517, 96.15737322519314034, -28.91564431566691340 ) ) ;
#1131 = CARTESIAN_POINT ( 'NONE',  ( -43.19717799970960215, 94.75142402739982117, 1.128194936768156742 ) ) ;
#1132 = DIRECTION ( 'NONE',  ( 0.000000000000000000, 1.000000000000000000, 0.000000000000000000 ) ) ;
#1133 = CARTESIAN_POINT ( 'NONE',  ( -24.13097029579041219, 92.02137920473911947, 52.55845643433580960 ) ) ;
#1134 = CARTESIAN_POINT ( 'NONE',  ( 36.23002982381628811, 98.00645114638199118, 35.83925666928333698 ) ) ;
#1135 = CARTESIAN_POINT ( 'NONE',  ( -48.49681654182924717, -6.775122874841932763, 28.23736965130479248 ) ) ;
#1136 = CARTESIAN_POINT ( 'NONE',  ( 31.05853684462484665, 59.19565531287587135, 55.92138880756445474 ) ) ;
#1137 = CARTESIAN_POINT ( 'NONE',  ( 16.87931393692507243, 148.3035241338888568, 14.99999999999999467 ) ) ;
#1138 = CARTESIAN_POINT ( 'NONE',  ( 18.00628150021461948, 122.8066396029930161, 36.98339371080811588 ) ) ;
#1139 = CARTESIAN_POINT ( 'NONE',  ( 5.488505058408376769, 147.8936472314903199, 30.21404768849300027 ) ) ;
#1140 = EDGE_CURVE ( 'NONE', #1236, #2457, #1506, .T. ) ;
#1141 = CARTESIAN_POINT ( 'NONE',  ( -23.29067258292739595, 95.11683431530450150, 51.57632678991732433 ) ) ;
#1142 = CARTESIAN_POINT ( 'NONE',  ( 41.30708963337634998, 26.37036033969926407, -16.66053013598753907 ) ) ;
#1143 = CARTESIAN_POINT ( 'NONE',  ( 3.147936337214281011, 94.74138963380534051, -31.97311627709241577 ) ) ;
#1144 = CARTESIAN_POINT ( 'NONE',  ( 47.66326922952618617, 94.98414950917492661, 15.00000000000000000 ) ) ;
#1145 = CARTESIAN_POINT ( 'NONE',  ( 27.50564696326523517, 94.08070725942815216, 48.49386412518586553 ) ) ;
#1146 = EDGE_LOOP ( 'NONE', ( #1411, #968, #2146, #2678 ) ) ;
#1147 = CARTESIAN_POINT ( 'NONE',  ( -7.193744511210761416, 92.19931723127703549, 62.52298500433846584 ) ) ;
#1148 = CARTESIAN_POINT ( 'NONE',  ( 27.05629608062715263, 94.05324758207430591, -17.80811379838028685 ) ) ;
#1149 = CARTESIAN_POINT ( 'NONE',  ( 23.62134935037664007, 91.99034962572105201, -21.70211819538835840 ) ) ;
#1150 = CARTESIAN_POINT ( 'NONE',  ( 4.360143829968143869, 58.72867751779174483, 72.74505203220383009 ) ) ;
#1151 = CARTESIAN_POINT ( 'NONE',  ( 14.36692082957511829, 97.52852479592318957, -26.31264707393056312 ) ) ;
#1152 = CARTESIAN_POINT ( 'NONE',  ( 24.74469952973669251, 123.0792598059740328, 29.32558910454281431 ) ) ;
#1153 = CARTESIAN_POINT ( 'NONE',  ( 15.47623199960416152, 122.7186059957803934, 39.32657757627941919 ) ) ;
#1154 = CARTESIAN_POINT ( 'NONE',  ( -22.82151541453811561, 95.17595613790955156, -20.98705361556161364 ) ) ;
#1155 = CARTESIAN_POINT ( 'NONE',  ( 44.77356336456576003, 59.71308617897228288, -2.651630171032823391 ) ) ;
#1156 = CARTESIAN_POINT ( 'NONE',  ( 25.94004556611493229, 97.80627501035748139, -17.01503976433525622 ) ) ;
#1157 = CARTESIAN_POINT ( 'NONE',  ( -85.00000000000000000, 53.58211531516425197, -14.85008040409040220 ) ) ;
#1158 = CARTESIAN_POINT ( 'NONE',  ( 48.62169293647306745, 93.22487712515804503, 17.04300109034998201 ) ) ;
#1159 = DIRECTION ( 'NONE',  ( -0.8660254037844380415, -0.5000000000000009992, 0.000000000000000000 ) ) ;
#1160 = VERTEX_POINT ( 'NONE', #1619 ) ;
#1161 = CARTESIAN_POINT ( 'NONE',  ( -19.97962490885387155, 91.87201498351736006, 55.87500203282787936 ) ) ;
#1162 = CARTESIAN_POINT ( 'NONE',  ( 48.67898561401620583, 93.22487712515804503, 15.00000000000000000 ) ) ;
#1163 = CARTESIAN_POINT ( 'NONE',  ( 10.64190985011514812, -6.775122874841930098, 89.96128622236071237 ) ) ;
#1164 = CARTESIAN_POINT ( 'NONE',  ( 37.19990261133737874, -6.775122874841972731, 69.91354635336341516 ) ) ;
#1165 = CARTESIAN_POINT ( 'NONE',  ( 18.30976948992667630, 97.61249579098473816, -23.55269834860950695 ) ) ;
#1166 = PLANE ( 'NONE',  #2248 ) ;
#1167 = CARTESIAN_POINT ( 'NONE',  ( 13.33501178644683449, 148.1520684655660318, 22.81440069754291855 ) ) ;
#1168 = AXIS2_PLACEMENT_3D ( 'NONE', #2471, #2446, #946 ) ;
#1169 = CARTESIAN_POINT ( 'NONE',  ( -30.71886229886086639, 97.94407356635615258, -12.22682992355637488 ) ) ;
#1170 = CARTESIAN_POINT ( 'NONE',  ( -47.94618447605645173, 94.39237471093365173, 13.30201097515478459 ) ) ;
#1171 = CARTESIAN_POINT ( 'NONE',  ( 31.16044587255391107, 96.71245802261995550, -12.46289099975373205 ) ) ;
#1172 = CARTESIAN_POINT ( 'NONE',  ( 43.19717800152188403, 94.75142402739982117, 1.128194927901841504 ) ) ;
#1173 = CARTESIAN_POINT ( 'NONE',  ( 48.34041348585286357, 93.81130125316367696, 15.00000000000000000 ) ) ;
#1174 = CARTESIAN_POINT ( 'NONE',  ( 85.00000000000000000, -6.775122874841904341, -11.03157233584434849 ) ) ;
#1175 = ORIENTED_EDGE ( 'NONE', *, *, #2038, .T. ) ;
#1176 = CARTESIAN_POINT ( 'NONE',  ( -28.09645145824127255, 92.18104440673477029, 48.92054466155467196 ) ) ;
#1177 = CARTESIAN_POINT ( 'NONE',  ( 19.49296427012041377, 91.83713437258131762, -24.91583083476250948 ) ) ;
#1178 = ADVANCED_FACE ( 'NONE', ( #1201 ), #365, .F. ) ;
#1179 = CARTESIAN_POINT ( 'NONE',  ( 47.93206435653240760, 59.85397376806638903, 6.374132363533123069 ) ) ;
#1180 = CARTESIAN_POINT ( 'NONE',  ( -85.00000000000000000, 0.000000000000000000, 0.000000000000000000 ) ) ;
#1181 = CARTESIAN_POINT ( 'NONE',  ( -31.33599103031477284, 123.3821711426197396, 13.62215314647508357 ) ) ;
#1182 = CARTESIAN_POINT ( 'NONE',  ( -48.16817689306819261, 53.58211531516425197, 21.44588994694187178 ) ) ;
#1183 = CARTESIAN_POINT ( 'NONE',  ( 6.896411234335875662, 95.88453483100909125, 60.82803688786919594 ) ) ;
#1184 = CARTESIAN_POINT ( 'NONE',  ( -3.147936335035376842, 94.74138963380531209, -31.97311627700202052 ) ) ;
#1185 = CARTESIAN_POINT ( 'NONE',  ( -4.591117716168958474, 122.6766712439398788, -16.06667121330665182 ) ) ;
#1186 = CARTESIAN_POINT ( 'NONE',  ( 10.64190985011515345, 29.15699326910146993, 129.9999999999999716 ) ) ;
#1187 = CARTESIAN_POINT ( 'NONE',  ( -29.00421502863210321, 60.96143878237833746, 57.57638867453991338 ) ) ;
#1188 = ORIENTED_EDGE ( 'NONE', *, *, #370, .F. ) ;
#1189 = CARTESIAN_POINT ( 'NONE',  ( -47.63126548465808696, 93.16993856103057681, 21.51460392621208229 ) ) ;
#1190 = CARTESIAN_POINT ( 'NONE',  ( 1.411462430937284740, 58.71952109043715495, 72.96679808436881842 ) ) ;
#1191 = CARTESIAN_POINT ( 'NONE',  ( 44.65574284338737243, 98.41538145085354472, 21.13276568673824229 ) ) ;
#1192 = EDGE_CURVE ( 'NONE', #1690, #1324, #1115, .T. ) ;
#1193 = CARTESIAN_POINT ( 'NONE',  ( 38.69450793555589740, -6.775122874841922105, -30.92025302803607900 ) ) ;
#1194 = PLANE ( 'NONE',  #188 ) ;
#1195 = CARTESIAN_POINT ( 'NONE',  ( -30.71886229886086639, 97.94407356635615258, -12.22682992355637488 ) ) ;
#1196 = CARTESIAN_POINT ( 'NONE',  ( 14.36692082957511829, 97.52852479592318957, -26.31264707393056312 ) ) ;
#1197 = CARTESIAN_POINT ( 'NONE',  ( 26.33889485702625066, 97.59752084191050869, 47.08463433393676922 ) ) ;
#1198 = CARTESIAN_POINT ( 'NONE',  ( -32.71279469899693026, 92.37955159059360710, -13.29337121831209068 ) ) ;
#1199 = CARTESIAN_POINT ( 'NONE',  ( -47.60462548313660847, 94.98414950917495503, 17.00151470153360478 ) ) ;
#1200 = CARTESIAN_POINT ( 'NONE',  ( 1.919714535889174067, 173.2248771251578319, 13.16914185133310333 ) ) ;
#1201 = FACE_OUTER_BOUND ( 'NONE', #593, .T. ) ;
#1202 = ORIENTED_EDGE ( 'NONE', *, *, #2222, .T. ) ;
#1203 = CARTESIAN_POINT ( 'NONE',  ( 19.56100575862261692, 93.81324080391102882, 55.38369108731623669 ) ) ;
#1204 = CARTESIAN_POINT ( 'NONE',  ( -31.05853685469924130, 59.19565531287585003, 55.92138881508353876 ) ) ;
#1205 = CARTESIAN_POINT ( 'NONE',  ( 1.008132349994324661, 92.75138178464099781, -32.71414496483031087 ) ) ;
#1206 = CARTESIAN_POINT ( 'NONE',  ( 8.714428262893129329, 58.73743962449575662, -40.19551908024134690 ) ) ;
#1207 = FACE_OUTER_BOUND ( 'NONE', #2367, .T. ) ;
#1208 = CARTESIAN_POINT ( 'NONE',  ( -25.94004556411432816, 97.80627501035766613, -17.01503975982558714 ) ) ;
#1209 = CARTESIAN_POINT ( 'NONE',  ( -18.73422451313435388, 97.34193940161578951, 53.67916545384564131 ) ) ;
#1210 = EDGE_CURVE ( 'NONE', #1634, #267, #995, .T. ) ;
#1211 = CARTESIAN_POINT ( 'NONE',  ( 5.151552822558016054, 25.96178633132647917, -49.85388122152324542 ) ) ;
#1212 = CARTESIAN_POINT ( 'NONE',  ( -41.39983470891381501, 98.29718236610220572, 1.557343830752050629 ) ) ;
#1213 = AXIS2_PLACEMENT_3D ( 'NONE', #183, #639, #1294 ) ;
#1214 = CARTESIAN_POINT ( 'NONE',  ( -1.014052926920439912, 173.2248771251581161, 12.49726363275923724 ) ) ;
#1215 = DIRECTION ( 'NONE',  ( 3.138056926199100246E-15, -1.000000000000000000, 0.000000000000000000 ) ) ;
#1216 = B_SPLINE_CURVE_WITH_KNOTS ( 'NONE', 3,
 ( #778, #131, #2140, #2803, #1689, #1647, #1922, #1231 ),
 .UNSPECIFIED., .F., .F.,
 ( 4, 2, 2, 4 ),
 ( 0.000000000000000000, 0.03043304227597002851, 0.04564956341395503409, 0.06086608455194004313 ),
 .UNSPECIFIED. ) ;
#1217 = ORIENTED_EDGE ( 'NONE', *, *, #785, .T. ) ;
#1218 = DIRECTION ( 'NONE',  ( 0.000000000000000000, 0.8599768852722460277, -0.5103329861937656586 ) ) ;
#1219 = CARTESIAN_POINT ( 'NONE',  ( -48.63272745556267296, 26.55821045849139495, 11.47963315858076072 ) ) ;
#1220 = CARTESIAN_POINT ( 'NONE',  ( -23.13922837537715083, 93.91085633335680427, -21.27102721900197224 ) ) ;
#1221 = ORIENTED_EDGE ( 'NONE', *, *, #1052, .F. ) ;
#1222 = CARTESIAN_POINT ( 'NONE',  ( -3.018606995664471844E-14, -6.775122874841971843, 91.11738157801121929 ) ) ;
#1223 = CARTESIAN_POINT ( 'NONE',  ( 32.04317063490033490, 94.24922693514805871, -12.93501398509759248 ) ) ;
#1224 = CARTESIAN_POINT ( 'NONE',  ( 0.3776992880821009591, 147.9360613178929498, -2.312867411632543391 ) ) ;
#1225 = CARTESIAN_POINT ( 'NONE',  ( 6.995111966646446078, 94.70401015405494149, 61.49325532610306055 ) ) ;
#1226 = CARTESIAN_POINT ( 'NONE',  ( 15.47722876527213387, 26.01109698750941845, -46.46590039047712395 ) ) ;
#1227 = CARTESIAN_POINT ( 'NONE',  ( -36.67385311089999789, 96.90894821639965073, -6.157088824119010262 ) ) ;
#1228 = EDGE_CURVE ( 'NONE', #651, #1565, #1216, .T. ) ;
#1229 = CARTESIAN_POINT ( 'NONE',  ( 2.176393877273333999, 173.2248771251580024, 13.52200474425839261 ) ) ;
#1230 = CARTESIAN_POINT ( 'NONE',  ( -47.36652020714926437, -6.775122874841992271, 129.9999999999999716 ) ) ;
#1231 = CARTESIAN_POINT ( 'NONE',  ( -38.57686616736384622, 53.58211531516425197, -14.85008040409040220 ) ) ;
#1232 = ORIENTED_EDGE ( 'NONE', *, *, #2845, .T. ) ;
#1233 = PLANE ( 'NONE',  #2106 ) ;
#1234 = CARTESIAN_POINT ( 'NONE',  ( -27.21892559814505930, 59.08921184487874001, 60.12172594643325851 ) ) ;
#1235 = CARTESIAN_POINT ( 'NONE',  ( -27.62072833872238675, 92.15413144804307422, -18.20942723026922394 ) ) ;
#1236 = VERTEX_POINT ( 'NONE', #749 ) ;
#1237 = CARTESIAN_POINT ( 'NONE',  ( 48.63272745536283281, 26.55821045849139139, 11.47963314337440544 ) ) ;
#1238 = CARTESIAN_POINT ( 'NONE',  ( -27.05629607858908159, 94.05324758207447644, -17.80811379365916025 ) ) ;
#1239 = CARTESIAN_POINT ( 'NONE',  ( -31.20161087106428610, 123.3821711426197396, 16.33198442762512670 ) ) ;
#1240 = CARTESIAN_POINT ( 'NONE',  ( -0.9935533191739289727, 97.00684373545163908, 61.29213929682967432 ) ) ;
#1241 = CARTESIAN_POINT ( 'NONE',  ( -36.79159351871835071, 26.27643528030325015, -25.04955837514885175 ) ) ;
#1242 = CARTESIAN_POINT ( 'NONE',  ( -22.18579329681693935, 97.70615574701501771, -20.41910684768976481 ) ) ;
#1243 = CARTESIAN_POINT ( 'NONE',  ( -8.419381296129822445, 148.0519699991104119, 1.702805205795337340 ) ) ;
#1244 = CARTESIAN_POINT ( 'NONE',  ( 45.65601365308305049, 98.46081815135038084, 15.00000000000000000 ) ) ;
#1245 = ORIENTED_EDGE ( 'NONE', *, *, #44, .T. ) ;
#1246 = CARTESIAN_POINT ( 'NONE',  ( 23.62430753291696206, 93.94251625741097200, 52.09750524574551633 ) ) ;
#1247 = CARTESIAN_POINT ( 'NONE',  ( -1.411462430937256984, 58.71952109043715495, 72.96679808436881842 ) ) ;
#1248 = CARTESIAN_POINT ( 'NONE',  ( -19.36052306135454870, 92.48397345399240521, -24.76316032486945673 ) ) ;
#1249 = VERTEX_POINT ( 'NONE', #2097 ) ;
#1250 = CARTESIAN_POINT ( 'NONE',  ( -48.68405496582889214, 65.64067091592698944, 14.29002472043333150 ) ) ;
#1251 = CARTESIAN_POINT ( 'NONE',  ( 16.44608039216577211, 148.2883785670565828, 17.35681778962333865 ) ) ;
#1252 = CARTESIAN_POINT ( 'NONE',  ( -13.30102472277692094, 58.79731684986074924, -38.26992452221171703 ) ) ;
#1253 = B_SPLINE_CURVE_WITH_KNOTS ( 'NONE', 3,
 ( #64, #1048, #962, #2063 ),
 .UNSPECIFIED., .F., .F.,
 ( 4, 4 ),
 ( 0.3889270001016467138, 0.5198152452040820659 ),
 .UNSPECIFIED. ) ;
#1254 = CARTESIAN_POINT ( 'NONE',  ( -43.50019700628404706, 94.15334625355966125, 1.055808488695395120 ) ) ;
#1255 = CARTESIAN_POINT ( 'NONE',  ( -46.63123493184647117, 94.93659991708305768, 21.39631614693526274 ) ) ;
#1256 = CARTESIAN_POINT ( 'NONE',  ( -47.93185841350415188, 59.85491808240639955, 23.45511600019946385 ) ) ;
#1257 = CARTESIAN_POINT ( 'NONE',  ( -46.26483400104773835, 97.30192860395862908, 16.94685786176493636 ) ) ;
#1258 = CARTESIAN_POINT ( 'NONE',  ( -36.23002982914305647, 98.00645114638204802, 35.83925667971033135 ) ) ;
#1259 = DIRECTION ( 'NONE',  ( 1.761052479705609621E-16, 1.000000000000000000, 4.529403846913917463E-16 ) ) ;
#1260 =( LENGTH_UNIT ( ) NAMED_UNIT ( * ) SI_UNIT ( .MILLI., .METRE. ) );
#1261 = CARTESIAN_POINT ( 'NONE',  ( 11.25480211798918084, 92.94110890797935554, 60.69312992922500172 ) ) ;
#1262 = CARTESIAN_POINT ( 'NONE',  ( 44.86745198671952295, 82.39017055083981234, 1.325495213302866349 ) ) ;
#1263 = CARTESIAN_POINT ( 'NONE',  ( -27.43261527932549981, 92.78717015938686075, -18.07565612485649709 ) ) ;
#1264 = AXIS2_PLACEMENT_3D ( 'NONE', #2856, #598, #1512 ) ;
#1265 = ORIENTED_EDGE ( 'NONE', *, *, #746, .F. ) ;
#1266 = CARTESIAN_POINT ( 'NONE',  ( -48.35109560997057088, 55.99218691228137601, 20.01568983789099931 ) ) ;
#1267 = EDGE_CURVE ( 'NONE', #2690, #1923, #2125, .T. ) ;
#1268 = CARTESIAN_POINT ( 'NONE',  ( -34.74889453754619240, -6.775122874841873255, -37.95333264401045170 ) ) ;
#1269 = CARTESIAN_POINT ( 'NONE',  ( 15.19016302410407881, 92.35258821498811699, -27.58437312550600851 ) ) ;
#1270 = CARTESIAN_POINT ( 'NONE',  ( -18.73422451313435388, 97.34193940161578951, 53.67916545384564131 ) ) ;
#1271 = CARTESIAN_POINT ( 'NONE',  ( -10.64190985011526180, 29.15699326910158717, 129.9999999999999716 ) ) ;
#1272 = CARTESIAN_POINT ( 'NONE',  ( -27.21892559814505930, 59.08921184487874001, 60.12172594643325851 ) ) ;
#1273 = CARTESIAN_POINT ( 'NONE',  ( -3.153645887564158645, 97.01820291057585166, 61.09247043145593636 ) ) ;
#1274 = CARTESIAN_POINT ( 'NONE',  ( -16.93127477515374224, 148.3035241338886863, 14.22922098703472926 ) ) ;
#1275 = CARTESIAN_POINT ( 'NONE',  ( -6.900652327596883850, 93.47908932111606362, -31.28110246883479562 ) ) ;
#1276 = FACE_OUTER_BOUND ( 'NONE', #2468, .T. ) ;
#1277 = CARTESIAN_POINT ( 'NONE',  ( 43.19717800152188403, 94.75142402739982117, 1.128194927901841504 ) ) ;
#1278 = CARTESIAN_POINT ( 'NONE',  ( 48.30234221623511814, 26.53989760378220808, 25.39328654796494789 ) ) ;
#1279 = CARTESIAN_POINT ( 'NONE',  ( -23.79317068740265739, 93.30213723985367835, 52.25115567037033770 ) ) ;
#1280 = VERTEX_POINT ( 'NONE', #1455 ) ;
#1281 = CARTESIAN_POINT ( 'NONE',  ( 3.153645871231868458, 97.01820291057585166, 61.09247043134898547 ) ) ;
#1282 = CARTESIAN_POINT ( 'NONE',  ( -32.71279469899693026, 92.37955159059360710, -13.29337121831209068 ) ) ;
#1283 = CARTESIAN_POINT ( 'NONE',  ( -19.49296426824707495, 91.83713437258138867, -24.91583083205378557 ) ) ;
#1284 = CARTESIAN_POINT ( 'NONE',  ( 45.59500600722665808, 98.46081815135038084, 16.91952957911180633 ) ) ;
#1285 = CARTESIAN_POINT ( 'NONE',  ( -2.118956548767815917, -6.775122874841970955, 91.11738157801119087 ) ) ;
#1286 = CARTESIAN_POINT ( 'NONE',  ( 1.007754534525529211, 95.82541667771209859, 61.97423652664351579 ) ) ;
#1287 = CARTESIAN_POINT ( 'NONE',  ( -1.247790481655654427, 173.2248771251581445, 12.61603451272965870 ) ) ;
#1288 = CARTESIAN_POINT ( 'NONE',  ( 14.77741118159485723, 94.94832606433114108, -26.94660101099906413 ) ) ;
#1289 = SURFACE_STYLE_FILL_AREA ( #663 ) ;
#1290 = CARTESIAN_POINT ( 'NONE',  ( 42.59822855044344436, 95.93334347363395409, 1.271244803886856900 ) ) ;
#1291 = CARTESIAN_POINT ( 'NONE',  ( 48.67898525219249706, -6.775122874841945197, 14.99998926316560066 ) ) ;
#1292 = CARTESIAN_POINT ( 'NONE',  ( -46.96454953889114847, 94.34771279839891633, 21.43574543787246611 ) ) ;
#1293 = ORIENTED_EDGE ( 'NONE', *, *, #2667, .T. ) ;
#1294 = DIRECTION ( 'NONE',  ( 0.000000000000000000, -0.9980047495993558115, 0.06313889274549382147 ) ) ;
#1295 = CARTESIAN_POINT ( 'NONE',  ( -1.021848913597882991, 91.42151598475378194, -33.06061320762504607 ) ) ;
#1296 = CARTESIAN_POINT ( 'NONE',  ( -3.257046976491689616, 91.43560474366319113, -32.83340429607951449 ) ) ;
#1297 = CARTESIAN_POINT ( 'NONE',  ( -1.503111257801609479, 173.2248771251580024, 16.78967889041989281 ) ) ;
#1298 = CARTESIAN_POINT ( 'NONE',  ( 45.65601365308305049, 98.46081815135038084, 15.00000000000000000 ) ) ;
#1299 = CARTESIAN_POINT ( 'NONE',  ( -11.41313036393419544, 91.62479144494345462, 61.04982930121821738 ) ) ;
#1300 = CARTESIAN_POINT ( 'NONE',  ( 19.28533932026374842, 94.98947366981262519, 54.81551576751423482 ) ) ;
#1301 = CARTESIAN_POINT ( 'NONE',  ( -1.112703590581020308, 173.2248771251580308, 17.03028202551825743 ) ) ;
#1302 = ADVANCED_FACE ( 'NONE', ( #1660 ), #2376, .F. ) ;
#1303 = CARTESIAN_POINT ( 'NONE',  ( 37.71557961891255673, 94.49420112649039538, -6.551120216951587416 ) ) ;
#1304 = CARTESIAN_POINT ( 'NONE',  ( 11.41313035233088158, 91.62479144494345462, 61.04982930010238817 ) ) ;
#1305 = CARTESIAN_POINT ( 'NONE',  ( 47.66326922952618617, 94.98414950917492661, 15.00000000000000000 ) ) ;
#1306 = CARTESIAN_POINT ( 'NONE',  ( 42.67139861803397594, 26.37508191139956892, 47.19656124076383463 ) ) ;
#1307 = CARTESIAN_POINT ( 'NONE',  ( -19.97962490885387155, 91.87201498351736006, 55.87500203282787936 ) ) ;
#1308 = ORIENTED_EDGE ( 'NONE', *, *, #1106, .T. ) ;
#1309 = CARTESIAN_POINT ( 'NONE',  ( -45.60756165418592900, 98.45723535303952190, 13.37919060422748352 ) ) ;
#1310 = AXIS2_PLACEMENT_3D ( 'NONE', #1773, #1159, #1538 ) ;
#1311 = CARTESIAN_POINT ( 'NONE',  ( -13.96642459263249414, 34.91522171365328120, 76.84572808324202242 ) ) ;
#1312 = CARTESIAN_POINT ( 'NONE',  ( -32.38254111276521741, 94.27090562779588367, 43.40507331310202233 ) ) ;
#1313 = CARTESIAN_POINT ( 'NONE',  ( -2.178383286559435916, 122.4204276487699019, 46.48838061068710914 ) ) ;
#1314 = CARTESIAN_POINT ( 'NONE',  ( 47.66326922952618617, 94.98414950917492661, 15.00000000000000000 ) ) ;
#1315 = CARTESIAN_POINT ( 'NONE',  ( -26.12820837710586730, 26.10725641127777052, 71.99654669877058666 ) ) ;
#1316 = CARTESIAN_POINT ( 'NONE',  ( 31.00713633858508445, 97.77926764389782477, 42.21320523823580828 ) ) ;
#1317 = CARTESIAN_POINT ( 'NONE',  ( 2.247871226044747317, 173.2248771251579740, 15.91494427472909123 ) ) ;
#1318 = CARTESIAN_POINT ( 'NONE',  ( 30.71886230095512715, 97.94407356635592521, -12.22682992909052402 ) ) ;
#1319 = CARTESIAN_POINT ( 'NONE',  ( 7.243708791314563911, 91.53723310836518579, 62.70524060942725697 ) ) ;
#1320 = CARTESIAN_POINT ( 'NONE',  ( 45.65601365308305049, 98.46081815135038084, 15.00000000000000000 ) ) ;
#1321 = EDGE_CURVE ( 'NONE', #1470, #564, #1864, .T. ) ;
#1322 = CARTESIAN_POINT ( 'NONE',  ( 47.76316372738002514, -6.775122874841955856, 36.36246006821956911 ) ) ;
#1323 = CARTESIAN_POINT ( 'NONE',  ( -23.96205827249264075, 92.66175822229638470, 52.40480607077859787 ) ) ;
#1324 = VERTEX_POINT ( 'NONE', #1705 ) ;
#1325 = DIRECTION ( 'NONE',  ( -0.000000000000000000, -0.000000000000000000, -1.000000000000000000 ) ) ;
#1326 = DIRECTION ( 'NONE',  ( -1.000000000000000000, -0.000000000000000000, -0.000000000000000000 ) ) ;
#1327 = CARTESIAN_POINT ( 'NONE',  ( 85.00000000000000000, 53.58211531516425197, -14.85008040409040220 ) ) ;
#1328 = CARTESIAN_POINT ( 'NONE',  ( 48.67898525219249706, -6.775122874841945197, 14.99998926316560066 ) ) ;
#1329 = CARTESIAN_POINT ( 'NONE',  ( 5.489030503834916530, 147.9927596820798783, -0.4375596871972085578 ) ) ;
#1330 = CARTESIAN_POINT ( 'NONE',  ( -4.678885592825879236, 122.4516653803614759, 45.85766406248622218 ) ) ;
#1331 = CARTESIAN_POINT ( 'NONE',  ( 15.17280540350078155, 148.2315826914354773, 20.02319630638356429 ) ) ;
#1332 = CARTESIAN_POINT ( 'NONE',  ( 6.806572395431659039, 94.78691564852101692, -30.94378693980399220 ) ) ;
#1333 = CARTESIAN_POINT ( 'NONE',  ( 31.30242033751791908, -6.775122874841928322, -42.91395322790860689 ) ) ;
#1334 = CARTESIAN_POINT ( 'NONE',  ( 45.71912189304502760, 98.46081815135038084, 13.01437784408422615 ) ) ;
#1335 = PRODUCT_DEFINITION_CONTEXT ( 'detailed design', #88, 'design' ) ;
#1336 = CARTESIAN_POINT ( 'NONE',  ( 15.46935135361492897, 148.2489788721395598, 9.855204552759389003 ) ) ;
#1337 = CARTESIAN_POINT ( 'NONE',  ( 47.36652020714925726, 23.06901003373498327, 30.72822080324132088 ) ) ;
#1338 = VERTEX_POINT ( 'NONE', #2596 ) ;
#1339 = CARTESIAN_POINT ( 'NONE',  ( 41.49738013532657988, 39.32264207023674629, 45.55308055896176000 ) ) ;
#1340 = CARTESIAN_POINT ( 'NONE',  ( 3.257046978751924282, 91.43560474366320534, -32.83340429617336298 ) ) ;
#1341 = CARTESIAN_POINT ( 'NONE',  ( 15.70610016968947420, 91.73810223345648751, 58.74488181018718080 ) ) ;
#1342 = CARTESIAN_POINT ( 'NONE',  ( 2.390217009709813212, 173.2248771251582014, 13.99553625521993183 ) ) ;
#1343 = CARTESIAN_POINT ( 'NONE',  ( 1.112703590581070046, 173.2248771251580592, 17.03028202551825032 ) ) ;
#1344 = CARTESIAN_POINT ( 'NONE',  ( -46.38743870762979782, 97.30192860395862908, 12.98610860347985252 ) ) ;
#1345 = CARTESIAN_POINT ( 'NONE',  ( -45.77978956538616018, 31.90529135856189669, 35.79389878406802694 ) ) ;
#1346 = CARTESIAN_POINT ( 'NONE',  ( -0.9606141223599955481, 97.35842970336256030, -31.51387663925495630 ) ) ;
#1347 = CARTESIAN_POINT ( 'NONE',  ( 19.09558289375586781, 93.77765161681439565, -24.45781923846086769 ) ) ;
#1348 = CARTESIAN_POINT ( 'NONE',  ( 37.83831557234702814, 94.50865358825555518, 36.74801976673341386 ) ) ;
#1349 = ORIENTED_EDGE ( 'NONE', *, *, #746, .T. ) ;
#1350 = CARTESIAN_POINT ( 'NONE',  ( 10.87969720103049553, 93.55717484460647881, -29.57376326961314916 ) ) ;
#1351 = CLOSED_SHELL ( 'NONE', ( #2541, #1448, #767, #176, #1949, #569, #1178, #2182, #711, #391, #2750, #1391, #477, #7, #2868, #459, #2269, #661, #877, #1841, #284, #929, #445, #1759, #263, #2521, #2454, #1526, #1302, #2057 ) ) ;
#1352 = VECTOR ( 'NONE', #2061, 1000.000000000000227 ) ;
#1353 = EDGE_CURVE ( 'NONE', #1118, #1605, #1354, .T. ) ;
#1354 = B_SPLINE_CURVE_WITH_KNOTS ( 'NONE', 3,
 ( #2347, #1906, #764, #2538 ),
 .UNSPECIFIED., .F., .F.,
 ( 4, 4 ),
 ( 0.000000000000000000, 0.06073914194647120346 ),
 .UNSPECIFIED. ) ;
#1355 = CARTESIAN_POINT ( 'NONE',  ( -46.27463554840394266, 97.29784156702686460, 13.35717723414104441 ) ) ;
#1356 = CARTESIAN_POINT ( 'NONE',  ( 48.30234221623511814, 26.53989760378220808, 25.39328654796494789 ) ) ;
#1357 = CARTESIAN_POINT ( 'NONE',  ( 21.18714345027914092, 123.0376747526231611, -3.757827708621730878 ) ) ;
#1358 = CARTESIAN_POINT ( 'NONE',  ( 3.153645871231868458, 97.01820291057585166, 61.09247043134898547 ) ) ;
#1359 = CARTESIAN_POINT ( 'NONE',  ( 1.313354980464169541, 173.2248771251580592, 16.91893466660521028 ) ) ;
#1360 = CARTESIAN_POINT ( 'NONE',  ( -36.23002982914305647, 98.00645114638204802, 35.83925667971033135 ) ) ;
#1361 = CARTESIAN_POINT ( 'NONE',  ( 48.67898561401620583, 26.55821045849139139, 14.99999999999999467 ) ) ;
#1362 = CARTESIAN_POINT ( 'NONE',  ( 32.04317063490033490, 94.24922693514805871, -12.93501398509759248 ) ) ;
#1363 = CARTESIAN_POINT ( 'NONE',  ( 16.87931393692507243, 148.3035241338888568, 14.99999999999999467 ) ) ;
#1364 = CARTESIAN_POINT ( 'NONE',  ( 27.89948662679077529, 92.81426535763256425, 48.77831785119774821 ) ) ;
#1365 = ORIENTED_EDGE ( 'NONE', *, *, #1611, .F. ) ;
#1366 = CARTESIAN_POINT ( 'NONE',  ( -15.70610017827522142, 91.73810223345651593, 58.74488181183505020 ) ) ;
#1367 = CARTESIAN_POINT ( 'NONE',  ( 45.65601365308305049, 98.46081815135038084, 15.00000000000000000 ) ) ;
#1368 = LINE ( 'NONE', #1327, #2575 ) ;
#1369 = CARTESIAN_POINT ( 'NONE',  ( 48.67898561401619872, 59.89154379182479460, 15.00000000000000000 ) ) ;
#1370 = CARTESIAN_POINT ( 'NONE',  ( 25.94004556611493229, 97.80627501035748139, -17.01503976433525622 ) ) ;
#1371 = CARTESIAN_POINT ( 'NONE',  ( 11.42984217815651604, 148.0763406314046335, 25.12920975692130554 ) ) ;
#1372 = CARTESIAN_POINT ( 'NONE',  ( 2.178383275665357388, 122.4204276487699019, 46.48838061061561433 ) ) ;
#1373 = CARTESIAN_POINT ( 'NONE',  ( -43.07233969595990430, 94.75828894673830405, 28.83084568509105594 ) ) ;
#1374 = CARTESIAN_POINT ( 'NONE',  ( 38.50583288456159181, 92.66132676878164887, -6.850203300767947923 ) ) ;
#1375 = CARTESIAN_POINT ( 'NONE',  ( 18.30976948992667630, 97.61249579098473816, -23.55269834860950695 ) ) ;
#1376 = CARTESIAN_POINT ( 'NONE',  ( 2.490964078893478817, 173.2248771251580592, 14.99999999984407495 ) ) ;
#1377 = DIRECTION ( 'NONE',  ( -1.000000000000000000, -0.000000000000000000, -0.000000000000000000 ) ) ;
#1378 = CARTESIAN_POINT ( 'NONE',  ( -47.14251125053509384, 79.41975710155846002, 6.113151224689936214 ) ) ;
#1379 = ORIENTED_EDGE ( 'NONE', *, *, #44, .F. ) ;
#1380 = CARTESIAN_POINT ( 'NONE',  ( -11.33396236186388606, 92.28295017646139797, 60.87147962162942605 ) ) ;
#1381 = CARTESIAN_POINT ( 'NONE',  ( 3.257046978751924282, 91.43560474366320534, -32.83340429617336298 ) ) ;
#1382 = DIRECTION ( 'NONE',  ( 0.000000000000000000, 0.000000000000000000, -1.000000000000000000 ) ) ;
#1383 = CARTESIAN_POINT ( 'NONE',  ( 48.72370404322282411, 26.55821045849139139, 18.40318941873466585 ) ) ;
#1384 = CARTESIAN_POINT ( 'NONE',  ( 2.176393877273333999, 173.2248771251580024, 13.52200474425839261 ) ) ;
#1385 = B_SPLINE_CURVE_WITH_KNOTS ( 'NONE', 3,
 ( #1821, #2025, #926, #2139, #308, #512, #324, #1921 ),
 .UNSPECIFIED., .F., .F.,
 ( 4, 2, 2, 4 ),
 ( 0.01263868357782159217, 0.01869998518768564363, 0.02476128679754969336, 0.03688389001727779976 ),
 .UNSPECIFIED. ) ;
#1386 = CARTESIAN_POINT ( 'NONE',  ( 41.39983471071785459, 98.29718236610220572, 1.557343822281989087 ) ) ;
#1387 = CARTESIAN_POINT ( 'NONE',  ( 36.23002982381628811, 98.00645114638199118, 35.83925666928333698 ) ) ;
#1388 = CARTESIAN_POINT ( 'NONE',  ( -37.19480104285795363, 95.70157467144505858, -6.354104426959827912 ) ) ;
#1389 = CARTESIAN_POINT ( 'NONE',  ( 48.63272745536283281, 26.55821045849139139, 11.47963314337440544 ) ) ;
#1390 = CARTESIAN_POINT ( 'NONE',  ( 10.87969720103049553, 93.55717484460647881, -29.57376326961314916 ) ) ;
#1391 = ADVANCED_FACE ( 'NONE', ( #1674 ), #337, .F. ) ;
#1392 = CARTESIAN_POINT ( 'NONE',  ( 16.68672116542795791, 148.2920409208890362, 12.57147276264088021 ) ) ;
#1393 = CARTESIAN_POINT ( 'NONE',  ( 19.97962489939598996, 91.87201498351737428, 55.87500202990258913 ) ) ;
#1394 = CARTESIAN_POINT ( 'NONE',  ( 16.87931393692507243, 148.3035241338888568, 14.99999999999999467 ) ) ;
#1395 = B_SPLINE_CURVE_WITH_KNOTS ( 'NONE', 3,
 ( #2413, #2899, #2648, #2192 ),
 .UNSPECIFIED., .F., .F.,
 ( 4, 4 ),
 ( 0.5198152452040820659, 0.5303749424333118467 ),
 .UNSPECIFIED. ) ;
#1396 = VERTEX_POINT ( 'NONE', #528 ) ;
#1397 = CARTESIAN_POINT ( 'NONE',  ( -1.043343099013142039, 92.79732273251424601, 63.52278943669666234 ) ) ;
#1398 = CARTESIAN_POINT ( 'NONE',  ( 27.43261528137520955, 92.78717015938670443, -18.07565612964895507 ) ) ;
#1399 = CARTESIAN_POINT ( 'NONE',  ( 38.50583288456159181, 92.66132676878164887, -6.850203300767947923 ) ) ;
#1400 = CARTESIAN_POINT ( 'NONE',  ( 27.43261528137520955, 92.78717015938670443, -18.07565612964895507 ) ) ;
#1401 = CARTESIAN_POINT ( 'NONE',  ( -10.43346952722039411, 97.45747241548649242, -28.58658492904184456 ) ) ;
#1402 = CARTESIAN_POINT ( 'NONE',  ( -3.061260931932646479, 97.36704211311246127, -31.28982398522139263 ) ) ;
#1403 = VECTOR ( 'NONE', #2686, 1000.000000000000000 ) ;
#1404 = CARTESIAN_POINT ( 'NONE',  ( -41.24287712679844731, 98.24499382399048386, 28.25632527590775211 ) ) ;
#1405 = CARTESIAN_POINT ( 'NONE',  ( -2.034673248606620799, -6.775122874841905229, -58.64365844190223953 ) ) ;
#1406 = CARTESIAN_POINT ( 'NONE',  ( 3.191269658819495092, 93.42856339415173750, -32.31476242947591970 ) ) ;
#1407 = VECTOR ( 'NONE', #1132, 1000.000000000000000 ) ;
#1408 = CARTESIAN_POINT ( 'NONE',  ( 1.014052926920472109, 173.2248771251581445, 12.49726363275923546 ) ) ;
#1409 = CARTESIAN_POINT ( 'NONE',  ( -48.32685116152508442, -6.775122874841938092, 30.96677443633157623 ) ) ;
#1410 = CARTESIAN_POINT ( 'NONE',  ( -43.10883539310646029, 74.54047375043867874, -3.082069376869685406 ) ) ;
#1411 = ORIENTED_EDGE ( 'NONE', *, *, #1720, .F. ) ;
#1412 = CARTESIAN_POINT ( 'NONE',  ( -3.358713116226800466, 91.48057771410864802, 63.68214539448355538 ) ) ;
#1413 = EDGE_CURVE ( 'NONE', #529, #2553, #2788, .T. ) ;
#1414 = CARTESIAN_POINT ( 'NONE',  ( -10.84563730591161246, 25.99566245289371835, 80.64839469026016161 ) ) ;
#1415 = CARTESIAN_POINT ( 'NONE',  ( 11.10539077587326418, 91.58353671221205161, -30.07329771585782296 ) ) ;
#1416 = CARTESIAN_POINT ( 'NONE',  ( 24.75574753775132564, 26.09562954096584164, -39.94450053134466572 ) ) ;
#1417 = CARTESIAN_POINT ( 'NONE',  ( 32.71279470113376675, 92.37955159059339394, -13.29337122423701878 ) ) ;
#1418 = CARTESIAN_POINT ( 'NONE',  ( -0.3776992880820406739, 147.9360613178929498, -2.312867411632543391 ) ) ;
#1419 = CARTESIAN_POINT ( 'NONE',  ( 2.490964078893478817, 173.2248771251580592, 14.99999999984407495 ) ) ;
#1420 = CARTESIAN_POINT ( 'NONE',  ( 18.73422450424751773, 97.34193940161580372, 53.67916545111032178 ) ) ;
#1421 = CARTESIAN_POINT ( 'NONE',  ( 2.034673245835966426, -6.775122874841906118, -58.64365844190223953 ) ) ;
#1422 = CARTESIAN_POINT ( 'NONE',  ( -19.00974557732227765, 96.16570653571420735, 54.24734052727620082 ) ) ;
#1423 = CARTESIAN_POINT ( 'NONE',  ( -0.5166699113335577742, 173.2248771251580592, 12.33721934365905248 ) ) ;
#1424 =( NAMED_UNIT ( * ) PLANE_ANGLE_UNIT ( ) SI_UNIT ( $, .RADIAN. ) );
#1425 = DIRECTION ( 'NONE',  ( 0.000000000000000000, -0.5103329861937656586, -0.8599768852722460277 ) ) ;
#1426 = ORIENTED_EDGE ( 'NONE', *, *, #1125, .F. ) ;
#1427 = CARTESIAN_POINT ( 'NONE',  ( 48.67898561401620583, 93.22487712515804503, 15.00000000000000000 ) ) ;
#1428 = CARTESIAN_POINT ( 'NONE',  ( -48.81651258430943585, -6.775122874841929210, 19.08100486784820404 ) ) ;
#1429 = CARTESIAN_POINT ( 'NONE',  ( -47.29789305664246513, 93.75882567971471815, 21.47517470383956706 ) ) ;
#1430 = EDGE_CURVE ( 'NONE', #39, #2247, #1078, .T. ) ;
#1431 = CARTESIAN_POINT ( 'NONE',  ( 13.30102472501410027, 58.79731684986076345, -38.26992452364687836 ) ) ;
#1432 = LINE ( 'NONE', #550, #1686 ) ;
#1433 = CARTESIAN_POINT ( 'NONE',  ( -2.176393877273303357, 173.2248771251580592, 13.52200474425839083 ) ) ;
#1434 = CARTESIAN_POINT ( 'NONE',  ( 3.153645871231868458, 97.01820291057585166, 61.09247043134898547 ) ) ;
#1435 = CARTESIAN_POINT ( 'NONE',  ( 27.31754535162163933, -6.775122874841899900, -47.45506221993695561 ) ) ;
#1436 = CARTESIAN_POINT ( 'NONE',  ( -36.15273581745884712, 98.11632176135424288, -5.960073616505805028 ) ) ;
#1437 = CARTESIAN_POINT ( 'NONE',  ( -18.30976948812633509, 97.61249579098479501, -23.55269834607959467 ) ) ;
#1438 = CARTESIAN_POINT ( 'NONE',  ( 48.67898561401620583, 74.03780667858853803, 14.99999999999999822 ) ) ;
#1439 = CARTESIAN_POINT ( 'NONE',  ( 48.16817689043443806, 53.58211531516424486, 21.44588994694187534 ) ) ;
#1440 = ORIENTED_EDGE ( 'NONE', *, *, #2632, .T. ) ;
#1441 = CARTESIAN_POINT ( 'NONE',  ( 27.70255179759891462, 93.44748630853035820, 48.63609100114504713 ) ) ;
#1442 = CARTESIAN_POINT ( 'NONE',  ( -23.03142051706673143, 58.98963569739756707, 63.93652803118501993 ) ) ;
#1443 = CARTESIAN_POINT ( 'NONE',  ( -10.87969719929585999, 93.55717484460645039, -29.57376326858411630 ) ) ;
#1444 = VERTEX_POINT ( 'NONE', #309 ) ;
#1445 = CARTESIAN_POINT ( 'NONE',  ( 20.30204690604951878, 26.04984107451026887, -43.53484016999927064 ) ) ;
#1446 = CARTESIAN_POINT ( 'NONE',  ( 45.30242929387004125, -6.775122874841904341, -11.03157233584434849 ) ) ;
#1447 = CARTESIAN_POINT ( 'NONE',  ( -6.618369275915041428, 97.40256830333082405, -30.26915594452350433 ) ) ;
#1448 = ADVANCED_FACE ( 'NONE', ( #84 ), #203, .T. ) ;
#1449 = CARTESIAN_POINT ( 'NONE',  ( 3.244415288626637750, 94.65570094369594756, 62.45070623890578076 ) ) ;
#1450 = CARTESIAN_POINT ( 'NONE',  ( -11.10539077410706987, 91.58353671221203740, -30.07329771480543457 ) ) ;
#1451 = CARTESIAN_POINT ( 'NONE',  ( -15.16189619786963760, 94.87528826350956024, 57.61955963382907697 ) ) ;
#1452 = AXIS2_PLACEMENT_3D ( 'NONE', #2680, #1604, #69 ) ;
#1453 = CARTESIAN_POINT ( 'NONE',  ( 17.90664456992977804, 122.9458090486242270, -7.032632724151772763 ) ) ;
#1454 = LINE ( 'NONE', #1186, #2340 ) ;
#1455 = CARTESIAN_POINT ( 'NONE',  ( 29.00421502863205703, 60.96143878237828062, 57.57638865863343369 ) ) ;
#1456 = VERTEX_POINT ( 'NONE', #1933 ) ;
#1457 = CARTESIAN_POINT ( 'NONE',  ( 46.63123492940510317, 94.93659991708297241, 21.39631612333770150 ) ) ;
#1458 = CARTESIAN_POINT ( 'NONE',  ( -45.05778294526163563, 59.71757167208755135, 32.64474154218133606 ) ) ;
#1459 = CARTESIAN_POINT ( 'NONE',  ( -27.24447119277262530, 93.42020887073068991, -17.94188497265707838 ) ) ;
#1460 = VERTEX_POINT ( 'NONE', #2842 ) ;
#1461 = CARTESIAN_POINT ( 'NONE',  ( 48.67898561401619872, 59.89154379182479460, 15.00000000000000000 ) ) ;
#1462 = CARTESIAN_POINT ( 'NONE',  ( 15.29393545714955316, 91.69976897321463127, -27.74477061454831173 ) ) ;
#1463 = CARTESIAN_POINT ( 'NONE',  ( -5.489030503229858304, 147.9927596820798499, -0.4375596866520712891 ) ) ;
#1464 = CARTESIAN_POINT ( 'NONE',  ( -1.036156965228532068, 93.46256256223300340, 63.33843098627119161 ) ) ;
#1465 = CARTESIAN_POINT ( 'NONE',  ( 3.257046978751924282, 91.43560474366320534, -32.83340429617336298 ) ) ;
#1466 = CARTESIAN_POINT ( 'NONE',  ( -45.55231955295721491, 97.26263056520274120, 8.629419670644498552 ) ) ;
#1467 = CARTESIAN_POINT ( 'NONE',  ( 0.2591394661990334969, 173.2248771251580877, 12.29672275720911401 ) ) ;
#1468 = DIRECTION ( 'NONE',  ( -1.000000000000000000, -0.000000000000000000, -0.000000000000000000 ) ) ;
#1469 = CARTESIAN_POINT ( 'NONE',  ( 46.32509884523075527, 97.30192860395854382, 15.00000000000000000 ) ) ;
#1470 = VERTEX_POINT ( 'NONE', #1096 ) ;
#1471 = CARTESIAN_POINT ( 'NONE',  ( 15.48733887048799751, 93.04425985994343762, 58.40060918281753288 ) ) ;
#1472 = CARTESIAN_POINT ( 'NONE',  ( -48.73825097291668840, 93.22487712515807345, 12.88665501341858999 ) ) ;
#1473 = CARTESIAN_POINT ( 'NONE',  ( -1.021848913597882991, 91.42151598475378194, -33.06061320762504607 ) ) ;
#1474 = CARTESIAN_POINT ( 'NONE',  ( -48.64435088042598920, 62.02413333709186105, 16.43617359245167364 ) ) ;
#1475 = CARTESIAN_POINT ( 'NONE',  ( 30.52482797957320315, 123.3518800089550638, 19.24393685620126604 ) ) ;
#1476 = CARTESIAN_POINT ( 'NONE',  ( -45.80259239915243796, -6.775122874841915888, -9.763554860040057903 ) ) ;
#1477 = CARTESIAN_POINT ( 'NONE',  ( -1.001274068192453237, 93.41631468458460574, -32.54091084343294682 ) ) ;
#1478 = CARTESIAN_POINT ( 'NONE',  ( -7.351931704304598192, 122.4999418746393758, 44.79098558478659697 ) ) ;
#1479 = CARTESIAN_POINT ( 'NONE',  ( 42.46235934833985937, 95.92052390582226451, 28.63933864145527153 ) ) ;
#1480 = CARTESIAN_POINT ( 'NONE',  ( -46.21565099578972280, 26.47122439862278753, 36.23621498856604717 ) ) ;
#1481 = CARTESIAN_POINT ( 'NONE',  ( -23.62430754089438523, 93.94251625741095779, 52.09750524885453871 ) ) ;
#1482 = CARTESIAN_POINT ( 'NONE',  ( -31.20161087106428610, 123.3821711426197396, 16.33198442762512670 ) ) ;
#1483 = DIRECTION ( 'NONE',  ( -1.000000000000000000, -0.000000000000000000, -0.000000000000000000 ) ) ;
#1484 = ORIENTED_EDGE ( 'NONE', *, *, #2145, .F. ) ;
#1485 = CARTESIAN_POINT ( 'NONE',  ( 11.41313035233088158, 91.62479144494345462, 61.04982930010238817 ) ) ;
#1486 = EDGE_CURVE ( 'NONE', #282, #816, #1988, .T. ) ;
#1487 = CARTESIAN_POINT ( 'NONE',  ( 10.84563729425330614, 25.99566245289373256, 80.64839468953576329 ) ) ;
#1488 = CARTESIAN_POINT ( 'NONE',  ( -47.72393217705471358, 94.98414950917495503, 12.92956983835843943 ) ) ;
#1489 = EDGE_LOOP ( 'NONE', ( #2318, #1784, #1810, #1798 ) ) ;
#1490 = CARTESIAN_POINT ( 'NONE',  ( 6.618369276856478578, 97.40256830333083826, -30.26915594495192963 ) ) ;
#1491 = CARTESIAN_POINT ( 'NONE',  ( 45.59500600722665808, 98.46081815135038084, 16.91952957911180633 ) ) ;
#1492 = CARTESIAN_POINT ( 'NONE',  ( -1.697065136013486297, 25.95709007835666782, -50.11597669714316083 ) ) ;
#1493 = CARTESIAN_POINT ( 'NONE',  ( -47.85006589555084133, 93.16852208952043668, 8.350259699136046265 ) ) ;
#1494 = CARTESIAN_POINT ( 'NONE',  ( -1.313354980464122468, 173.2248771251580024, 16.91893466660521739 ) ) ;
#1495 = DIRECTION ( 'NONE',  ( -0.000000000000000000, 0.9980047495993558115, -0.06313889274549382147 ) ) ;
#1496 = CARTESIAN_POINT ( 'NONE',  ( -41.20639209001349457, -6.775122874841962961, 62.32661007387737584 ) ) ;
#1497 = CARTESIAN_POINT ( 'NONE',  ( 15.16189618957786145, 94.87528826350954603, 57.61955963224074395 ) ) ;
#1498 = B_SPLINE_CURVE_WITH_KNOTS ( 'NONE', 3,
 ( #1850, #1337, #2741, #721, #2714, #223 ),
 .UNSPECIFIED., .F., .F.,
 ( 4, 2, 4 ),
 ( 0.000000000000000000, 0.01858238823566583584, 0.03716477647133167167 ),
 .UNSPECIFIED. ) ;
#1499 = CARTESIAN_POINT ( 'NONE',  ( -28.17099812708995898, 123.2382882577131369, 24.13855327104119652 ) ) ;
#1500 = CARTESIAN_POINT ( 'NONE',  ( -0.9606141223599955481, 97.35842970336256030, -31.51387663925495630 ) ) ;
#1501 = SURFACE_SIDE_STYLE ('',( #1289 ) ) ;
#1502 = FACE_OUTER_BOUND ( 'NONE', #1146, .T. ) ;
#1503 = VECTOR ( 'NONE', #1089, 1000.000000000000000 ) ;
#1504 = CARTESIAN_POINT ( 'NONE',  ( 38.65270571798612309, 92.67549148388262381, 37.05712634467527522 ) ) ;
#1505 = CARTESIAN_POINT ( 'NONE',  ( 15.70610016968947420, 91.73810223345648751, 58.74488181018718080 ) ) ;
#1506 = B_SPLINE_CURVE_WITH_KNOTS ( 'NONE', 3,
 ( #485, #2275, #1378, #266, #1837, #722 ),
 .UNSPECIFIED., .F., .F.,
 ( 4, 2, 4 ),
 ( 1.551583845779545699E-17, 0.009984253607288700455, 0.01996850721457738356 ),
 .UNSPECIFIED. ) ;
#1507 = EDGE_LOOP ( 'NONE', ( #915, #56, #623, #1589 ) ) ;
#1508 = CARTESIAN_POINT ( 'NONE',  ( -3.153645887564158645, 97.01820291057585166, 61.09247043145593636 ) ) ;
#1509 = CARTESIAN_POINT ( 'NONE',  ( -26.24272463870993377, 59.06852545886685846, -28.77540506093003003 ) ) ;
#1510 = CARTESIAN_POINT ( 'NONE',  ( 3.191269658819495092, 93.42856339415173750, -32.31476242947591970 ) ) ;
#1511 = B_SPLINE_CURVE_WITH_KNOTS ( 'NONE', 4,
 ( #2355, #757, #2531, #46, #1446 ),
 .UNSPECIFIED., .F., .F.,
 ( 5, 5 ),
 ( 0.000000000000000000, 0.3796668895665933907 ),
 .UNSPECIFIED. ) ;
#1512 = DIRECTION ( 'NONE',  ( 0.000000000000000000, -0.8719497730690998205, -0.4895953362162932532 ) ) ;
#1513 = CARTESIAN_POINT ( 'NONE',  ( -18.53517579996171705, 58.90036053069032818, 67.21832350718744920 ) ) ;
#1514 = CARTESIAN_POINT ( 'NONE',  ( 14.94586523622573360, 96.05323785383215807, 57.01064646955128268 ) ) ;
#1515 = CARTESIAN_POINT ( 'NONE',  ( -2.176393877273303357, 173.2248771251580592, 13.52200474425839083 ) ) ;
#1516 = CARTESIAN_POINT ( 'NONE',  ( 44.89892825553491207, 98.42636851235080542, 8.708769702665250634 ) ) ;
#1517 = CARTESIAN_POINT ( 'NONE',  ( -43.99863575796405968, 92.96391894555230806, 29.04996074866668465 ) ) ;
#1518 = DIRECTION ( 'NONE',  ( -0.000000000000000000, -0.9937289486199696320, 0.1118158158520063949 ) ) ;
#1519 = CARTESIAN_POINT ( 'NONE',  ( 44.83228196988903136, -6.775122874841963849, 52.25805003800668658 ) ) ;
#1520 = CARTESIAN_POINT ( 'NONE',  ( -27.70255180536102912, 93.44748630853034399, 48.63609100659805762 ) ) ;
#1521 = ORIENTED_EDGE ( 'NONE', *, *, #625, .F. ) ;
#1522 = CARTESIAN_POINT ( 'NONE',  ( 14.72988474097500600, 97.23118744415477011, 56.40173342461252304 ) ) ;
#1523 = CARTESIAN_POINT ( 'NONE',  ( -8.714428261612539472, 58.73743962449572820, -40.19551907961567849 ) ) ;
#1524 = CARTESIAN_POINT ( 'NONE',  ( -32.48962443305273951, 93.00277670544515729, -13.17391885413492503 ) ) ;
#1525 = CARTESIAN_POINT ( 'NONE',  ( -5.488505061199482782, 147.8936472314903199, 30.21404768901252069 ) ) ;
#1526 = ADVANCED_FACE ( 'NONE', ( #1774 ), #643, .F. ) ;
#1527 = CARTESIAN_POINT ( 'NONE',  ( -11.17564966674273919, 93.59926763949731310, 60.51478023230905734 ) ) ;
#1528 = CARTESIAN_POINT ( 'NONE',  ( -33.57179776583312503, -6.775122874841950527, 75.24049985955937814 ) ) ;
#1529 = CARTESIAN_POINT ( 'NONE',  ( -6.995111973280655704, 94.70401015405494149, 61.49325532650944126 ) ) ;
#1530 = CARTESIAN_POINT ( 'NONE',  ( -26.33889486444826389, 97.59752084191048027, 47.08463433911057905 ) ) ;
#1531 = CARTESIAN_POINT ( 'NONE',  ( -10.87969719929585999, 93.55717484460645039, -29.57376326858411630 ) ) ;
#1532 = CARTESIAN_POINT ( 'NONE',  ( 24.13097028765624685, 92.02137920473913368, 52.55845643115754484 ) ) ;
#1533 = CARTESIAN_POINT ( 'NONE',  ( 23.27166218604238068, 51.03236600193941541, 66.22457139547151428 ) ) ;
#1534 = CARTESIAN_POINT ( 'NONE',  ( 38.40930551594255604, 26.28351763785366657, 56.14987038284327525 ) ) ;
#1535 = CARTESIAN_POINT ( 'NONE',  ( -1.036156965228532068, 93.46256256223300340, 63.33843098627119161 ) ) ;
#1536 = VERTEX_POINT ( 'NONE', #2873 ) ;
#1537 = CARTESIAN_POINT ( 'NONE',  ( 39.48781360866215095, 42.80331339560926551, 48.53525778004168956 ) ) ;
#1538 = DIRECTION ( 'NONE',  ( 0.5000000000000009992, -0.8660254037844380415, 0.000000000000000000 ) ) ;
#1539 = CARTESIAN_POINT ( 'NONE',  ( -23.13922837537715083, 93.91085633335680427, -21.27102721900197224 ) ) ;
#1540 = CARTESIAN_POINT ( 'NONE',  ( -28.17099812708995898, 123.2382882577131369, 24.13855327104119652 ) ) ;
#1541 = LINE ( 'NONE', #2666, #936 ) ;
#1542 = EDGE_CURVE ( 'NONE', #132, #2041, #1541, .T. ) ;
#1543 = CARTESIAN_POINT ( 'NONE',  ( -48.69994868124968690, 59.89154379182473775, 12.18265966482312379 ) ) ;
#1544 = CARTESIAN_POINT ( 'NONE',  ( 0.9935533191739948089, 97.00684373545163908, 61.29213929682967432 ) ) ;
#1545 = CARTESIAN_POINT ( 'NONE',  ( -17.90664456834251794, 122.9458090486245396, -7.032632721156140576 ) ) ;
#1546 = CARTESIAN_POINT ( 'NONE',  ( 26.68433375519446571, 95.30425672483536914, -17.54375560742510842 ) ) ;
#1547 = CARTESIAN_POINT ( 'NONE',  ( 17.17179269636609718, 40.46708212628070100, 73.65022527349239567 ) ) ;
#1548 = UNCERTAINTY_MEASURE_WITH_UNIT (LENGTH_MEASURE( 1.000000000000000082E-05 ), #1260, 'distance_accuracy_value', 'NONE');
#1549 = CARTESIAN_POINT ( 'NONE',  ( 48.32685074731853803, -6.775122874841954079, 30.96677975097300006 ) ) ;
#1550 = CARTESIAN_POINT ( 'NONE',  ( -19.56100576788936607, 93.81324080391101461, 55.38369109017769887 ) ) ;
#1551 = VERTEX_POINT ( 'NONE', #422 ) ;
#1552 = CARTESIAN_POINT ( 'NONE',  ( 48.16817689043443806, 53.58211531516424486, 21.44588994694187534 ) ) ;
#1553 = MECHANICAL_DESIGN_GEOMETRIC_PRESENTATION_REPRESENTATION (  '', ( #699 ), #2155 ) ;
#1554 = CARTESIAN_POINT ( 'NONE',  ( -44.28090772227897531, 79.77362164246426346, -0.1436836110845180481 ) ) ;
#1555 = CARTESIAN_POINT ( 'NONE',  ( 19.49296427012041377, 91.83713437258131762, -24.91583083476250948 ) ) ;
#1556 = CARTESIAN_POINT ( 'NONE',  ( 48.81651258572162533, -6.775122874841947862, 19.08100490975392560 ) ) ;
#1557 = CARTESIAN_POINT ( 'NONE',  ( 26.72769507909325881, 96.42524964774972318, 47.55437737418257882 ) ) ;
#1558 = CARTESIAN_POINT ( 'NONE',  ( 0.3827729363892310444, 147.8188659952559476, 31.95580456706233363 ) ) ;
#1559 = CARTESIAN_POINT ( 'NONE',  ( 28.17099812448057961, 123.2382882577129379, 24.13855326831737713 ) ) ;
#1560 = CARTESIAN_POINT ( 'NONE',  ( 10.58224347633169771, 96.15737322519316876, -28.91564431666516555 ) ) ;
#1561 = CARTESIAN_POINT ( 'NONE',  ( -47.36652020714945621, 29.15699326910158717, 129.9999999999999716 ) ) ;
#1562 = CARTESIAN_POINT ( 'NONE',  ( 45.65601365308305049, 98.46081815135038084, 15.00000000000000000 ) ) ;
#1563 = CARTESIAN_POINT ( 'NONE',  ( 2.499985644920217798, 173.2248771251581161, 14.49673674370466259 ) ) ;
#1564 = CARTESIAN_POINT ( 'NONE',  ( 11.41313035233088158, 91.62479144494345462, 61.04982930010238817 ) ) ;
#1565 = VERTEX_POINT ( 'NONE', #2888 ) ;
#1566 = CARTESIAN_POINT ( 'NONE',  ( 48.49681384617937852, -6.775122874841904341, 28.23737352016560465 ) ) ;
#1567 = CARTESIAN_POINT ( 'NONE',  ( 15.29393545714955316, 91.69976897321463127, -27.74477061454831173 ) ) ;
#1568 = LINE ( 'NONE', #2460, #2059 ) ;
#1569 = CARTESIAN_POINT ( 'NONE',  ( 45.65601365308305049, 98.46081815135038084, 15.00000000000000000 ) ) ;
#1570 = CARTESIAN_POINT ( 'NONE',  ( -3.153645887564158645, 97.01820291057585166, 61.09247043145593636 ) ) ;
#1571 = CARTESIAN_POINT ( 'NONE',  ( -23.62430754089438523, 93.94251625741095779, 52.09750524885453871 ) ) ;
#1572 = CARTESIAN_POINT ( 'NONE',  ( -48.62116923822274828, 93.21901614279779835, 13.27973236569790672 ) ) ;
#1573 = CARTESIAN_POINT ( 'NONE',  ( 6.806572395431659039, 94.78691564852101692, -30.94378693980399220 ) ) ;
#1574 = CARTESIAN_POINT ( 'NONE',  ( -14.98257806395620051, 93.65822669853511684, -27.26357809384314024 ) ) ;
#1575 = CARTESIAN_POINT ( 'NONE',  ( 15.37797759999655511, 93.69733867318693399, 58.22847284823354386 ) ) ;
#1576 = ORIENTED_EDGE ( 'NONE', *, *, #2776, .F. ) ;
#1577 = EDGE_CURVE ( 'NONE', #315, #1690, #2794, .T. ) ;
#1578 = CARTESIAN_POINT ( 'NONE',  ( 27.62072834077754990, 92.15413144804288947, -18.20942723509735117 ) ) ;
#1579 = DIRECTION ( 'NONE',  ( -2.016488393094053972E-16, -1.000000000000000000, -6.938893903907222461E-16 ) ) ;
#1580 = CARTESIAN_POINT ( 'NONE',  ( 48.62169293647306745, 93.22487712515804503, 17.04300109034998201 ) ) ;
#1581 = CARTESIAN_POINT ( 'NONE',  ( 47.60462548289201834, 94.98414950917492661, 17.00151470988109992 ) ) ;
#1582 = CARTESIAN_POINT ( 'NONE',  ( -1.204424867458969484, 147.8226523869640232, 31.88433353401713077 ) ) ;
#1583 = CARTESIAN_POINT ( 'NONE',  ( 0.6881631277816128156, 122.4128548653537649, 46.62397193194600220 ) ) ;
#1584 = CARTESIAN_POINT ( 'NONE',  ( -46.26483400104773835, 97.30192860395862908, 16.94685786176493636 ) ) ;
#1585 = CARTESIAN_POINT ( 'NONE',  ( -48.28368132240804300, 93.80569542686568241, 13.29087166369304462 ) ) ;
#1586 = CARTESIAN_POINT ( 'NONE',  ( 10.58224347633169771, 96.15737322519316876, -28.91564431666516555 ) ) ;
#1587 = CARTESIAN_POINT ( 'NONE',  ( 45.65601365308305049, 98.46081815135038084, 15.00000000000000000 ) ) ;
#1588 = CARTESIAN_POINT ( 'NONE',  ( 38.38120041600905097, 93.28654551867360567, 36.95409087290496331 ) ) ;
#1589 = ORIENTED_EDGE ( 'NONE', *, *, #2436, .F. ) ;
#1590 = CARTESIAN_POINT ( 'NONE',  ( -47.29789305664246513, 93.75882567971471815, 21.47517470383956706 ) ) ;
#1591 = CARTESIAN_POINT ( 'NONE',  ( 48.34041348585286357, 93.81130125316367696, 15.00000000000000000 ) ) ;
#1592 = VECTOR ( 'NONE', #954, 1000.000000000000114 ) ;
#1593 = CARTESIAN_POINT ( 'NONE',  ( -23.62134934846716661, 91.99034962572119412, -21.70211819179634105 ) ) ;
#1594 =( GEOMETRIC_REPRESENTATION_CONTEXT ( 3 ) GLOBAL_UNCERTAINTY_ASSIGNED_CONTEXT ( ( #869 ) ) GLOBAL_UNIT_ASSIGNED_CONTEXT ( ( #2082, #1424, #556 ) ) REPRESENTATION_CONTEXT ( 'NONE', 'WORKASPACE' ) );
#1595 = CARTESIAN_POINT ( 'NONE',  ( 23.03142050458105317, 58.98963569739758128, 63.93652802721113915 ) ) ;
#1596 = CARTESIAN_POINT ( 'NONE',  ( 36.15273581954502902, 98.11632176135412919, -5.960073624376930113 ) ) ;
#1597 = CARTESIAN_POINT ( 'NONE',  ( 18.73422450424751773, 97.34193940161580372, 53.67916545111032178 ) ) ;
#1598 = CARTESIAN_POINT ( 'NONE',  ( 14.72988474097500600, 97.23118744415477011, 56.40173342461252304 ) ) ;
#1599 = CARTESIAN_POINT ( 'NONE',  ( -45.55231955295721491, 97.26263056520274120, 8.629419670644498552 ) ) ;
#1600 = CARTESIAN_POINT ( 'NONE',  ( -33.76506746368492884, 52.71540047752900193, 54.52341837778090650 ) ) ;
#1601 = CARTESIAN_POINT ( 'NONE',  ( -3.191269656608285210, 93.42856339415172329, -32.31476242938415311 ) ) ;
#1602 = CARTESIAN_POINT ( 'NONE',  ( 10.87969720103049553, 93.55717484460647881, -29.57376326961314916 ) ) ;
#1603 = CARTESIAN_POINT ( 'NONE',  ( 46.63123492940510317, 94.93659991708297241, 21.39631612333770150 ) ) ;
#1604 = DIRECTION ( 'NONE',  ( 0.000000000000000000, -0.1118158158520063949, -0.9937289486199696320 ) ) ;
#1605 = VERTEX_POINT ( 'NONE', #1135 ) ;
#1606 = CARTESIAN_POINT ( 'NONE',  ( -46.96454953889114847, 94.34771279839891633, 21.43574543787246611 ) ) ;
#1607 = CARTESIAN_POINT ( 'NONE',  ( 37.71557961891255673, 94.49420112649039538, -6.551120216951587416 ) ) ;
#1608 = DIRECTION ( 'NONE',  ( -0.000000000000000000, -0.000000000000000000, -1.000000000000000000 ) ) ;
#1609 = CARTESIAN_POINT ( 'NONE',  ( -1.411462430937256984, 58.71952109043715495, 72.96679808436881842 ) ) ;
#1610 = CARTESIAN_POINT ( 'NONE',  ( 4.591117716826763839, 122.6766712439399498, -16.06667121359097905 ) ) ;
#1611 = EDGE_CURVE ( 'NONE', #1249, #1338, #460, .T. ) ;
#1612 = CARTESIAN_POINT ( 'NONE',  ( 12.82686649580751315, 122.6362519761298699, 41.46105783963317748 ) ) ;
#1613 = CARTESIAN_POINT ( 'NONE',  ( 21.18555866513906238, 122.9278041376512363, 33.67012820907941517 ) ) ;
#1614 = CARTESIAN_POINT ( 'NONE',  ( -46.85875174908783691, 94.93515467090649906, 8.470718913630845393 ) ) ;
#1615 = CARTESIAN_POINT ( 'NONE',  ( 32.71279470113376675, 92.37955159059339394, -13.29337122423701878 ) ) ;
#1616 = CARTESIAN_POINT ( 'NONE',  ( 30.71886230095512715, 97.94407356635592521, -12.22682992909052402 ) ) ;
#1617 = FACE_OUTER_BOUND ( 'NONE', #2221, .T. ) ;
#1618 = CARTESIAN_POINT ( 'NONE',  ( 43.38106421028346915, 94.16016561300953924, 28.90388407937297188 ) ) ;
#1619 = CARTESIAN_POINT ( 'NONE',  ( 48.49681384617937852, -6.775122874841904341, 28.23737352016560465 ) ) ;
#1620 = ORIENTED_EDGE ( 'NONE', *, *, #2652, .T. ) ;
#1621 = CARTESIAN_POINT ( 'NONE',  ( -23.79317068740265739, 93.30213723985367835, 52.25115567037033770 ) ) ;
#1622 = DIRECTION ( 'NONE',  ( 0.000000000000000000, 0.9937289486199696320, -0.1118158158520063949 ) ) ;
#1623 = CARTESIAN_POINT ( 'NONE',  ( 10.37648787508504888, 25.98115837482690438, -48.59756903268527140 ) ) ;
#1624 = CARTESIAN_POINT ( 'NONE',  ( 32.48962443518558985, 93.00277670544494413, -13.17391886001608370 ) ) ;
#1625 = CARTESIAN_POINT ( 'NONE',  ( 45.71912189304502760, 98.46081815135038084, 13.01437784408422615 ) ) ;
#1626 = LINE ( 'NONE', #357, #610 ) ;
#1627 = EDGE_CURVE ( 'NONE', #1605, #1923, #2459, .T. ) ;
#1628 = CARTESIAN_POINT ( 'NONE',  ( -18.30976948812633509, 97.61249579098479501, -23.55269834607959467 ) ) ;
#1629 = CARTESIAN_POINT ( 'NONE',  ( 17.63409403080434856, -6.775122874841899012, -54.66062645678587018 ) ) ;
#1630 = CARTESIAN_POINT ( 'NONE',  ( -3.061260931932646479, 97.36704211311246127, -31.28982398522139263 ) ) ;
#1631 = CARTESIAN_POINT ( 'NONE',  ( -0.9606141223599955481, 97.35842970336256030, -31.51387663925495630 ) ) ;
#1632 = CARTESIAN_POINT ( 'NONE',  ( 48.00184135768951421, 94.39772538116930889, 15.00000000000000000 ) ) ;
#1633 = LINE ( 'NONE', #2510, #702 ) ;
#1634 = VERTEX_POINT ( 'NONE', #215 ) ;
#1635 = CARTESIAN_POINT ( 'NONE',  ( -43.38106421379642086, 94.16016561300966714, 28.90388408365556927 ) ) ;
#1636 = CARTESIAN_POINT ( 'NONE',  ( -48.69994868124968690, 59.89154379182473775, 12.18265966482312379 ) ) ;
#1637 = CARTESIAN_POINT ( 'NONE',  ( 15.19016302410407881, 92.35258821498811699, -27.58437312550600851 ) ) ;
#1638 = CARTESIAN_POINT ( 'NONE',  ( 10.64190985011514812, -6.775122874841930098, 129.9999999999999716 ) ) ;
#1639 = CARTESIAN_POINT ( 'NONE',  ( 48.00184135768951421, 94.39772538116930889, 15.00000000000000000 ) ) ;
#1640 = CARTESIAN_POINT ( 'NONE',  ( -4.005154338522290303, 147.9690755552676080, -1.258307108751095527 ) ) ;
#1641 = CARTESIAN_POINT ( 'NONE',  ( 45.59500600722665808, 98.46081815135038084, 16.91952957911180633 ) ) ;
#1642 = CARTESIAN_POINT ( 'NONE',  ( 31.00713633858508445, 97.77926764389782477, 42.21320523823580828 ) ) ;
#1643 = CARTESIAN_POINT ( 'NONE',  ( -19.49296426824707495, 91.83713437258138867, -24.91583083205378557 ) ) ;
#1644 = CARTESIAN_POINT ( 'NONE',  ( -23.29067258292739595, 95.11683431530450150, 51.57632678991732433 ) ) ;
#1645 = CARTESIAN_POINT ( 'NONE',  ( -10.43346952722039411, 97.45747241548649242, -28.58658492904184456 ) ) ;
#1646 = CARTESIAN_POINT ( 'NONE',  ( -47.76316468782334823, -6.775122874841939868, 36.36245225149411908 ) ) ;
#1647 = CARTESIAN_POINT ( 'NONE',  ( -40.29938165587753218, 43.59749717664016799, -14.21840231437583135 ) ) ;
#1648 = ORIENTED_EDGE ( 'NONE', *, *, #1577, .F. ) ;
#1649 = CARTESIAN_POINT ( 'NONE',  ( -33.07901565260365828, 92.40079866324492741, 43.78206324226139401 ) ) ;
#1650 = CARTESIAN_POINT ( 'NONE',  ( -5.363321863154326685, 25.97677732147488427, 81.80790013311749931 ) ) ;
#1651 = CARTESIAN_POINT ( 'NONE',  ( -47.60462548313660847, 94.98414950917495503, 17.00151470153360478 ) ) ;
#1652 = CARTESIAN_POINT ( 'NONE',  ( 15.29393545714955316, 91.69976897321463127, -27.74477061454831173 ) ) ;
#1653 = CARTESIAN_POINT ( 'NONE',  ( -10.64190985011526180, 29.15699326910158717, 129.9999999999999716 ) ) ;
#1654 = CARTESIAN_POINT ( 'NONE',  ( -21.18714344857447074, 123.0376747526235448, -3.757827704945458702 ) ) ;
#1655 = CARTESIAN_POINT ( 'NONE',  ( -15.16189619786963760, 94.87528826350956024, 57.61955963382907697 ) ) ;
#1656 = CARTESIAN_POINT ( 'NONE',  ( -17.63409403033768186, -6.775122874841898124, -54.66062645676445442 ) ) ;
#1657 = CARTESIAN_POINT ( 'NONE',  ( -47.05570880206761331, 96.14303905656679206, 12.95783924559657230 ) ) ;
#1658 = CARTESIAN_POINT ( 'NONE',  ( -5.489030503229858304, 147.9927596820798499, -0.4375596866520712891 ) ) ;
#1659 = FACE_OUTER_BOUND ( 'NONE', #338, .T. ) ;
#1660 = FACE_OUTER_BOUND ( 'NONE', #736, .T. ) ;
#1661 = EDGE_LOOP ( 'NONE', ( #1521, #2822, #2647, #2633, #197 ) ) ;
#1662 = CARTESIAN_POINT ( 'NONE',  ( 3.335742753578967879, 92.14520179615776385, 63.49803831350075711 ) ) ;
#1663 = CARTESIAN_POINT ( 'NONE',  ( -40.61138128896030253, 59.52528669764112124, 42.12854138429245410 ) ) ;
#1664 = CARTESIAN_POINT ( 'NONE',  ( -43.19717799970960215, 94.75142402739982117, 1.128194936768156742 ) ) ;
#1665 = EDGE_CURVE ( 'NONE', #1565, #2041, #1368, .T. ) ;
#1666 = CARTESIAN_POINT ( 'NONE',  ( 42.55096293691073583, -6.775122874841917664, -21.55719659405220057 ) ) ;
#1667 = CARTESIAN_POINT ( 'NONE',  ( 47.85006589651627706, 93.16852208952045089, 8.350259686055846231 ) ) ;
#1668 = CARTESIAN_POINT ( 'NONE',  ( -36.15273581745884712, 98.11632176135424288, -5.960073616505805028 ) ) ;
#1669 = CARTESIAN_POINT ( 'NONE',  ( 1.036156965228597793, 93.46256256223300340, 63.33843098627119161 ) ) ;
#1670 = CARTESIAN_POINT ( 'NONE',  ( 20.30204690604951878, 26.04984107451026887, -43.53484016999927064 ) ) ;
#1671 = CARTESIAN_POINT ( 'NONE',  ( -42.46235935181150012, 95.92052390582237820, 28.63933864564415188 ) ) ;
#1672 = CARTESIAN_POINT ( 'NONE',  ( 0.7693269008602541259, 173.2248771251581729, 12.40419577262239592 ) ) ;
#1673 = LINE ( 'NONE', #2346, #706 ) ;
#1674 = FACE_OUTER_BOUND ( 'NONE', #2427, .T. ) ;
#1675 = VERTEX_POINT ( 'NONE', #918 ) ;
#1676 = CARTESIAN_POINT ( 'NONE',  ( 11.17564965538755573, 93.59926763949731310, 60.51478023121757843 ) ) ;
#1677 = CARTESIAN_POINT ( 'NONE',  ( -16.25062429975843514, 26.02484856508647582, 78.60796515635273352 ) ) ;
#1678 = CARTESIAN_POINT ( 'NONE',  ( -38.50583288244887825, 92.66132676878173413, -6.850203292341904060 ) ) ;
#1679 = ORIENTED_EDGE ( 'NONE', *, *, #79, .T. ) ;
#1680 = CARTESIAN_POINT ( 'NONE',  ( 48.67898525219249706, -6.775122874841945197, 14.99998926316560066 ) ) ;
#1681 = CARTESIAN_POINT ( 'NONE',  ( 19.36052306322012129, 92.48397345399233416, -24.76316032755815044 ) ) ;
#1682 = CARTESIAN_POINT ( 'NONE',  ( -45.71912189278281602, 98.46081815135043769, 13.01437785233482458 ) ) ;
#1683 = CARTESIAN_POINT ( 'NONE',  ( 22.62368899631593422, 97.46547043109157471, 50.53397029346690061 ) ) ;
#1684 = CARTESIAN_POINT ( 'NONE',  ( -20.30204690407148149, 26.04984107451028308, -43.53484016694540060 ) ) ;
#1685 = CARTESIAN_POINT ( 'NONE',  ( -37.71557961680703386, 94.49420112649046644, -6.551120208711997073 ) ) ;
#1686 = VECTOR ( 'NONE', #772, 1000.000000000000114 ) ;
#1687 = CARTESIAN_POINT ( 'NONE',  ( 6.618369276856478578, 97.40256830333083826, -30.26915594495192963 ) ) ;
#1688 = CARTESIAN_POINT ( 'NONE',  ( 48.67898561401619872, 83.63134190187329864, 15.00000000000000000 ) ) ;
#1689 = CARTESIAN_POINT ( 'NONE',  ( -41.71698164186521041, 33.56459091870211608, -13.58366927087093323 ) ) ;
#1690 = VERTEX_POINT ( 'NONE', #931 ) ;
#1691 = CARTESIAN_POINT ( 'NONE',  ( 43.99863575442404340, 92.96391894555219437, 29.04996074432109765 ) ) ;
#1692 = CARTESIAN_POINT ( 'NONE',  ( -24.13097029579041219, 92.02137920473911947, 52.55845643433580960 ) ) ;
#1693 = CARTESIAN_POINT ( 'NONE',  ( 3.213196179780246631, 92.76424384398889345, -32.48764305251469153 ) ) ;
#1694 = ORIENTED_EDGE ( 'NONE', *, *, #2614, .F. ) ;
#1695 = CARTESIAN_POINT ( 'NONE',  ( -45.47390442990296577, 98.45072871622683408, 11.85967070680467650 ) ) ;
#1696 = CARTESIAN_POINT ( 'NONE',  ( -42.55096293693276266, -6.775122874841908782, -21.55719659310706859 ) ) ;
#1697 = CARTESIAN_POINT ( 'NONE',  ( -19.36052306135454870, 92.48397345399240521, -24.76316032486945673 ) ) ;
#1698 = CARTESIAN_POINT ( 'NONE',  ( 0.2591394661990334969, 173.2248771251580877, 12.29672275720911401 ) ) ;
#1699 = CARTESIAN_POINT ( 'NONE',  ( -15.37797760840519423, 93.69733867318696241, 58.22847284984550242 ) ) ;
#1700 = EDGE_CURVE ( 'NONE', #1893, #2336, #310, .T. ) ;
#1701 = CARTESIAN_POINT ( 'NONE',  ( -23.03142051706673143, 58.98963569739756707, 63.93652803118501993 ) ) ;
#1702 = CARTESIAN_POINT ( 'NONE',  ( -26.33889486444826389, 97.59752084191048027, 47.08463433911057905 ) ) ;
#1703 = CARTESIAN_POINT ( 'NONE',  ( -15.17280540497188923, 148.2315826914355057, 20.02319630775695103 ) ) ;
#1704 = CARTESIAN_POINT ( 'NONE',  ( 48.67898561401620583, 93.22487712515804503, 15.00000000000000000 ) ) ;
#1705 = CARTESIAN_POINT ( 'NONE',  ( 45.65601365308305049, 98.46081815135038084, 15.00000000000000000 ) ) ;
#1706 = ORIENTED_EDGE ( 'NONE', *, *, #1192, .F. ) ;
#1707 = CARTESIAN_POINT ( 'NONE',  ( 38.65270571798612309, 92.67549148388262381, 37.05712634467527522 ) ) ;
#1708 = CARTESIAN_POINT ( 'NONE',  ( 35.70004196487703041, 59.34215815054933074, 49.96744487253212696 ) ) ;
#1709 = CARTESIAN_POINT ( 'NONE',  ( -3.257046976491689616, 91.43560474366319113, -32.83340429607951449 ) ) ;
#1710 = ORIENTED_EDGE ( 'NONE', *, *, #892, .T. ) ;
#1711 = B_SPLINE_CURVE_WITH_KNOTS ( 'NONE', 3,
 ( #1163, #435, #2225, #1108 ),
 .UNSPECIFIED., .F., .F.,
 ( 4, 4 ),
 ( 0.000000000000000000, 0.03738380563147458008 ),
 .UNSPECIFIED. ) ;
#1712 = CARTESIAN_POINT ( 'NONE',  ( 2.477300201347229169, 173.2248771251580592, 15.16027396729338150 ) ) ;
#1713 = CARTESIAN_POINT ( 'NONE',  ( 31.20161087080079199, 123.3821711426196259, 16.33198443293839119 ) ) ;
#1714 = CARTESIAN_POINT ( 'NONE',  ( 1.021848913597943831, 91.42151598475378194, -33.06061320762504607 ) ) ;
#1715 = CARTESIAN_POINT ( 'NONE',  ( -3.235121950843347083, 92.09992429382604939, -32.66052367481456287 ) ) ;
#1716 = CARTESIAN_POINT ( 'NONE',  ( -2.247871226044716675, 173.2248771251581729, 15.91494427472909123 ) ) ;
#1717 = CARTESIAN_POINT ( 'NONE',  ( 46.99418403737846006, 96.14303905656674942, 15.00000000000000000 ) ) ;
#1718 = CARTESIAN_POINT ( 'NONE',  ( -47.63126548465808696, 93.16993856103057681, 21.51460392621208229 ) ) ;
#1719 = CARTESIAN_POINT ( 'NONE',  ( 45.31412729293128905, 97.25578760626332553, 21.22061561684595787 ) ) ;
#1720 = EDGE_CURVE ( 'NONE', #315, #1675, #658, .T. ) ;
#1721 = CARTESIAN_POINT ( 'NONE',  ( -1.672206234170338535, 173.2248771251581161, 12.92311308768245759 ) ) ;
#1722 = CARTESIAN_POINT ( 'NONE',  ( -10.73098603178297772, 94.85727403489980247, -29.24470377554536782 ) ) ;
#1723 = CARTESIAN_POINT ( 'NONE',  ( 47.36652020714926437, -6.775122874841992271, 129.9999999999999716 ) ) ;
#1724 = DIRECTION ( 'NONE',  ( -1.000000000000000000, 0.000000000000000000, 0.000000000000000000 ) ) ;
#1725 = CARTESIAN_POINT ( 'NONE',  ( 31.05853684462484665, 59.19565531287587135, 55.92138880756445474 ) ) ;
#1726 = CARTESIAN_POINT ( 'NONE',  ( -32.61466279313037830, 93.64753663961222685, 43.53073666218436699 ) ) ;
#1727 = ORIENTED_EDGE ( 'NONE', *, *, #1792, .F. ) ;
#1728 = CARTESIAN_POINT ( 'NONE',  ( 30.94740805558154761, 57.59572973078825697, 56.57169822055882946 ) ) ;
#1729 = CARTESIAN_POINT ( 'NONE',  ( -47.85006589555084133, 93.16852208952043668, 8.350259699136046265 ) ) ;
#1730 = CARTESIAN_POINT ( 'NONE',  ( 11.10539077587326418, 91.58353671221205161, -30.07329771585782296 ) ) ;
#1731 = CARTESIAN_POINT ( 'NONE',  ( 7.093826636398479657, 93.52348547710079174, 62.15847377906057147 ) ) ;
#1732 = CARTESIAN_POINT ( 'NONE',  ( -29.26977728690981451, -6.775122874841974507, 80.05366659164594978 ) ) ;
#1733 = CARTESIAN_POINT ( 'NONE',  ( -3.199029185098861916, 95.83695192713589961, 61.77158833194225451 ) ) ;
#1734 = CARTESIAN_POINT ( 'NONE',  ( -2.499985644920188044, 173.2248771251580592, 14.49673674370466081 ) ) ;
#1735 = COLOUR_RGB ( '',0.7921568627450980005, 0.8196078431372548767, 0.9333333333333333481 ) ;
#1736 = CARTESIAN_POINT ( 'NONE',  ( 3.061260934046883708, 97.36704211311247548, -31.28982398530903808 ) ) ;
#1737 = FILL_AREA_STYLE_COLOUR ( '', #1735 ) ;
#1738 = CARTESIAN_POINT ( 'NONE',  ( 31.26766379500405080, 123.3821711426196259, 14.99999999999999822 ) ) ;
#1739 = AXIS2_PLACEMENT_3D ( 'NONE', #635, #1724, #429 ) ;
#1740 = CARTESIAN_POINT ( 'NONE',  ( 19.97962489939598996, 91.87201498351737428, 55.87500202990258913 ) ) ;
#1741 = CARTESIAN_POINT ( 'NONE',  ( -11.17564966674273919, 93.59926763949731310, 60.51478023230905734 ) ) ;
#1742 = ORIENTED_EDGE ( 'NONE', *, *, #156, .T. ) ;
#1743 = EDGE_CURVE ( 'NONE', #2381, #1536, #2719, .T. ) ;
#1744 = CARTESIAN_POINT ( 'NONE',  ( -0.9935533191739289727, 97.00684373545163908, 61.29213929682967432 ) ) ;
#1745 = CARTESIAN_POINT ( 'NONE',  ( -3.257046976491689616, 91.43560474366319113, -32.83340429607951449 ) ) ;
#1746 = CARTESIAN_POINT ( 'NONE',  ( -44.10610829276835432, 92.95719070587929878, 0.9110357292168237420 ) ) ;
#1747 = CARTESIAN_POINT ( 'NONE',  ( -6.953091174668470487, 147.9305645506439078, 29.24405088962485877 ) ) ;
#1748 = CARTESIAN_POINT ( 'NONE',  ( 37.83831557234702814, 94.50865358825555518, 36.74801976673341386 ) ) ;
#1749 = CARTESIAN_POINT ( 'NONE',  ( -47.85006589555084133, 93.16852208952043668, 8.350259699136046265 ) ) ;
#1750 = CARTESIAN_POINT ( 'NONE',  ( 3.289804231512400978, 93.47444996025598130, 63.12982414895991212 ) ) ;
#1751 = CARTESIAN_POINT ( 'NONE',  ( -16.44608039319582105, 148.2883785670564976, 17.35681779715335793 ) ) ;
#1752 = CARTESIAN_POINT ( 'NONE',  ( -3.104600093496797442, 96.05421587345888668, -31.63147012770457778 ) ) ;
#1753 = CARTESIAN_POINT ( 'NONE',  ( -24.13097029579041219, 92.02137920473911947, 52.55845643433580960 ) ) ;
#1754 = PLANE ( 'NONE',  #1739 ) ;
#1755 = CARTESIAN_POINT ( 'NONE',  ( 44.28092287952519257, 79.77368933831394315, -0.1436456002112622699 ) ) ;
#1756 = CARTESIAN_POINT ( 'NONE',  ( -46.63123493184647117, 94.93659991708305768, 21.39631614693526274 ) ) ;
#1757 = EDGE_LOOP ( 'NONE', ( #13, #2377, #2571, #887 ) ) ;
#1758 = CARTESIAN_POINT ( 'NONE',  ( -47.36652020714926437, -6.775122874841992271, 129.9999999999999716 ) ) ;
#1759 = ADVANCED_FACE ( 'NONE', ( #2250 ), #489, .F. ) ;
#1760 = CARTESIAN_POINT ( 'NONE',  ( -32.71279469899693026, 92.37955159059360710, -13.29337121831209068 ) ) ;
#1761 = CARTESIAN_POINT ( 'NONE',  ( -11.42984218055892676, 148.0763406314045483, 25.12920975833413451 ) ) ;
#1762 = CARTESIAN_POINT ( 'NONE',  ( 45.31412729293128905, 97.25578760626332553, 21.22061561684595787 ) ) ;
#1763 = CARTESIAN_POINT ( 'NONE',  ( -48.81651258430943585, -6.775122874841929210, 19.08100486784820404 ) ) ;
#1764 = CARTESIAN_POINT ( 'NONE',  ( 10.86288399583662390, 95.95807204608580321, 59.23143380989477436 ) ) ;
#1765 = CARTESIAN_POINT ( 'NONE',  ( -14.72988474903211653, 97.23118744415477011, 56.40173342615356944 ) ) ;
#1766 = CARTESIAN_POINT ( 'NONE',  ( 1.001274068192515188, 93.41631468458460574, -32.54091084343294682 ) ) ;
#1767 = CARTESIAN_POINT ( 'NONE',  ( 48.62169293647306745, 93.22487712515804503, 17.04300109034998201 ) ) ;
#1768 = CARTESIAN_POINT ( 'NONE',  ( 27.60507562942537874, 58.53805825608092306, 59.85159155605795434 ) ) ;
#1769 = CARTESIAN_POINT ( 'NONE',  ( 40.78608488771786966, 64.07076263293009788, -8.960758600701669963 ) ) ;
#1770 = CARTESIAN_POINT ( 'NONE',  ( 3.335742753578967879, 92.14520179615776385, 63.49803831350075711 ) ) ;
#1771 = EDGE_LOOP ( 'NONE', ( #2071, #795, #983, #162, #1907, #750, #2852, #2557, #589, #2481, #342 ) ) ;
#1772 = CARTESIAN_POINT ( 'NONE',  ( 40.71764664446330073, 40.67318009277506974, 46.80013943849724001 ) ) ;
#1773 = CARTESIAN_POINT ( 'NONE',  ( 47.36652020714926437, 29.15699326910146993, 129.9999999999999716 ) ) ;
#1774 = FACE_OUTER_BOUND ( 'NONE', #2276, .T. ) ;
#1775 = CARTESIAN_POINT ( 'NONE',  ( 46.21565099183227687, 26.47122439862278043, 36.23621498110081518 ) ) ;
#1776 = CARTESIAN_POINT ( 'NONE',  ( 42.46235934833985937, 95.92052390582226451, 28.63933864145527153 ) ) ;
#1777 = CARTESIAN_POINT ( 'NONE',  ( 16.44608039216577211, 148.2883785670565828, 17.35681778962333865 ) ) ;
#1778 = CARTESIAN_POINT ( 'NONE',  ( 24.74469952973669251, 123.0792598059740328, 29.32558910454281431 ) ) ;
#1779 = CARTESIAN_POINT ( 'NONE',  ( -6.712478044003328925, 96.09474197592591338, -30.60647142512010177 ) ) ;
#1780 = LINE ( 'NONE', #2834, #1403 ) ;
#1781 = CARTESIAN_POINT ( 'NONE',  ( 12.32362662042396551, 32.06981215921702244, 78.30996953415686335 ) ) ;
#1782 = CARTESIAN_POINT ( 'NONE',  ( -47.36652020714943490, 23.06377595031687378, 30.72923423245227070 ) ) ;
#1783 = CARTESIAN_POINT ( 'NONE',  ( -15.37797760840519423, 93.69733867318696241, 58.22847284984550242 ) ) ;
#1784 = ORIENTED_EDGE ( 'NONE', *, *, #2222, .F. ) ;
#1785 = PLANE ( 'NONE',  #1213 ) ;
#1786 = VECTOR ( 'NONE', #2232, 1000.000000000000000 ) ;
#1787 = CARTESIAN_POINT ( 'NONE',  ( -48.16817689306819261, 53.58211531516425197, 21.44588994694187178 ) ) ;
#1788 = DIRECTION ( 'NONE',  ( 0.000000000000000000, 0.000000000000000000, 1.000000000000000000 ) ) ;
#1789 = CARTESIAN_POINT ( 'NONE',  ( 42.67139861803397594, 26.37508191139956892, 47.19656124076383463 ) ) ;
#1790 = CARTESIAN_POINT ( 'NONE',  ( 44.89892825553491207, 98.42636851235080542, 8.708769702665250634 ) ) ;
#1791 = CARTESIAN_POINT ( 'NONE',  ( -6.797724446191386605, 97.06505950796321258, 60.16281848255517417 ) ) ;
#1792 = EDGE_CURVE ( 'NONE', #575, #1444, #2013, .T. ) ;
#1793 = CARTESIAN_POINT ( 'NONE',  ( -26.72769508661293969, 96.42524964774972318, 47.55437737943602627 ) ) ;
#1794 = CARTESIAN_POINT ( 'NONE',  ( 23.62134935037664007, 91.99034962572105201, -21.70211819538835840 ) ) ;
#1795 = CARTESIAN_POINT ( 'NONE',  ( 31.60188198286090255, 95.48084247888402842, -12.69895241453752277 ) ) ;
#1796 = CARTESIAN_POINT ( 'NONE',  ( 27.05629608062715263, 94.05324758207430591, -17.80811379838028685 ) ) ;
#1797 = CARTESIAN_POINT ( 'NONE',  ( 47.36652020714926437, -6.775122874841992271, 129.9999999999999716 ) ) ;
#1798 = ORIENTED_EDGE ( 'NONE', *, *, #2398, .T. ) ;
#1799 = CARTESIAN_POINT ( 'NONE',  ( 48.73825097316426991, 93.22487712515804503, 12.88665500458916213 ) ) ;
#1800 = CARTESIAN_POINT ( 'NONE',  ( 11.10539077587326418, 91.58353671221205161, -30.07329771585782296 ) ) ;
#1801 = CARTESIAN_POINT ( 'NONE',  ( 28.09645145038219738, 92.18104440673478450, 48.92054465602106461 ) ) ;
#1802 = DIRECTION ( 'NONE',  ( -1.000000000000000000, -0.000000000000000000, -0.000000000000000000 ) ) ;
#1803 = CARTESIAN_POINT ( 'NONE',  ( -0.6881631277815495329, 122.4128548653537649, 46.62397193194600220 ) ) ;
#1804 = CARTESIAN_POINT ( 'NONE',  ( 12.82686649580751315, 122.6362519761298699, 41.46105783963317748 ) ) ;
#1805 = CARTESIAN_POINT ( 'NONE',  ( -45.31412729533383299, 97.25578760626345343, 21.22061563974551035 ) ) ;
#1806 = CARTESIAN_POINT ( 'NONE',  ( -45.60756165418592900, 98.45723535303952190, 13.37919060422748352 ) ) ;
#1807 = CARTESIAN_POINT ( 'NONE',  ( 18.83372028211011795, 95.05593300820451930, -24.15611216373428505 ) ) ;
#1808 = CARTESIAN_POINT ( 'NONE',  ( -47.36652020714939937, 17.01313216667346850, 32.07067414243815762 ) ) ;
#1809 = CARTESIAN_POINT ( 'NONE',  ( 19.84006657472714608, 92.51909025698192579, 55.71123173977463949 ) ) ;
#1810 = ORIENTED_EDGE ( 'NONE', *, *, #2845, .F. ) ;
#1811 = CARTESIAN_POINT ( 'NONE',  ( -7.243708798194428589, 91.53723310836518579, 62.70524060984886461 ) ) ;
#1812 = CARTESIAN_POINT ( 'NONE',  ( 23.62134935037664007, 91.99034962572105201, -21.70211819538835840 ) ) ;
#1813 = CARTESIAN_POINT ( 'NONE',  ( 32.71279470113376675, 92.37955159059339394, -13.29337122423701878 ) ) ;
#1814 = CARTESIAN_POINT ( 'NONE',  ( -1.057715366582362648, 91.46684307307677386, 63.89150633754760378 ) ) ;
#1815 = CARTESIAN_POINT ( 'NONE',  ( 17.90664456992977804, 122.9458090486242270, -7.032632724151772763 ) ) ;
#1816 = CARTESIAN_POINT ( 'NONE',  ( -0.2317630597420688721, 173.2248771251580592, 17.28041220835990543 ) ) ;
#1817 = CARTESIAN_POINT ( 'NONE',  ( -46.20559405033593237, 96.09889261805462013, 8.550069353831240448 ) ) ;
#1818 = CARTESIAN_POINT ( 'NONE',  ( 38.69450793555589740, -6.775122874841922105, -30.92025302803607900 ) ) ;
#1819 = CARTESIAN_POINT ( 'NONE',  ( -14.57219210181042079, 96.23842543012717954, -26.62962397988272656 ) ) ;
#1820 = CARTESIAN_POINT ( 'NONE',  ( 2.860914483531739272, -6.775122874841972731, 91.11738157801121929 ) ) ;
#1821 = CARTESIAN_POINT ( 'NONE',  ( 48.67898560539045150, 64.44427145530393375, 14.99999974403767133 ) ) ;
#1822 = EDGE_LOOP ( 'NONE', ( #1984, #2729, #70, #1706 ) ) ;
#1823 = CARTESIAN_POINT ( 'NONE',  ( -32.61466279313037830, 93.64753663961222685, 43.53073666218436699 ) ) ;
#1824 = CARTESIAN_POINT ( 'NONE',  ( 47.66326922952618617, 94.98414950917492661, 15.00000000000000000 ) ) ;
#1825 = EDGE_CURVE ( 'NONE', #1047, #829, #1711, .T. ) ;
#1826 = AXIS2_PLACEMENT_3D ( 'NONE', #1180, #1870, #2765 ) ;
#1827 = CARTESIAN_POINT ( 'NONE',  ( 1.021848913597943831, 91.42151598475378194, -33.06061320762504607 ) ) ;
#1828 = CARTESIAN_POINT ( 'NONE',  ( 11.41313035233088158, 91.62479144494345462, 61.04982930010238817 ) ) ;
#1829 = CARTESIAN_POINT ( 'NONE',  ( 7.226563276909043765, 122.7132739853770715, -14.92220835936165990 ) ) ;
#1830 = CARTESIAN_POINT ( 'NONE',  ( 6.953091171554335759, 147.9305645506440214, 29.24405088870465974 ) ) ;
#1831 = CARTESIAN_POINT ( 'NONE',  ( 1.503111257801653000, 173.2248771251580592, 16.78967889041988570 ) ) ;
#1832 = CARTESIAN_POINT ( 'NONE',  ( -41.39983470891381501, 98.29718236610220572, 1.557343830752050629 ) ) ;
#1833 = FACE_OUTER_BOUND ( 'NONE', #1771, .T. ) ;
#1834 = CARTESIAN_POINT ( 'NONE',  ( -14.98257806395620051, 93.65822669853511684, -27.26357809384314024 ) ) ;
#1835 = CARTESIAN_POINT ( 'NONE',  ( -47.60867869903135130, 94.97905399500154999, 13.31315029432992958 ) ) ;
#1836 = DIRECTION ( 'NONE',  ( -1.000000000000000000, -0.000000000000000000, -0.000000000000000000 ) ) ;
#1837 = CARTESIAN_POINT ( 'NONE',  ( -48.48308462807452912, 70.91022526711167018, 11.16293205782173104 ) ) ;
#1838 = ORIENTED_EDGE ( 'NONE', *, *, #242, .F. ) ;
#1839 = CARTESIAN_POINT ( 'NONE',  ( -11.25480212942710700, 92.94110890797935554, 60.69312993032460923 ) ) ;
#1840 = FACE_OUTER_BOUND ( 'NONE', #1507, .T. ) ;
#1841 = ADVANCED_FACE ( 'NONE', ( #271 ), #2002, .T. ) ;
#1842 = CARTESIAN_POINT ( 'NONE',  ( 44.10610829458226334, 92.95719070587931299, 0.9110357201499929003 ) ) ;
#1843 = CARTESIAN_POINT ( 'NONE',  ( 38.50583288456159181, 92.66132676878164887, -6.850203300767947923 ) ) ;
#1844 = CARTESIAN_POINT ( 'NONE',  ( 10.43346952889170964, 97.45747241548652084, -28.58658493002471346 ) ) ;
#1845 = CARTESIAN_POINT ( 'NONE',  ( 45.71912189304502760, 98.46081815135038084, 13.01437784408422615 ) ) ;
#1846 = CARTESIAN_POINT ( 'NONE',  ( -26.31225024917184641, 96.55526586759660290, -17.27939753990394678 ) ) ;
#1847 = CARTESIAN_POINT ( 'NONE',  ( -29.97546196585734180, 59.27918974040857591, 57.07422419799146240 ) ) ;
#1848 = CARTESIAN_POINT ( 'NONE',  ( 23.13922837726753201, 93.91085633335666216, -21.27102722251431643 ) ) ;
#1849 = CARTESIAN_POINT ( 'NONE',  ( 13.57978543432569118, 148.1886920038900826, 7.033863251938018202 ) ) ;
#1850 = CARTESIAN_POINT ( 'NONE',  ( 47.36652020714926437, 29.15699326910146993, 29.54949254202343667 ) ) ;
#1851 = CARTESIAN_POINT ( 'NONE',  ( 10.64190985011515345, 29.15699326910146993, 129.9999999999999716 ) ) ;
#1852 = ORIENTED_EDGE ( 'NONE', *, *, #1911, .T. ) ;
#1853 = CARTESIAN_POINT ( 'NONE',  ( -48.06205040474106482, 94.39772538116935152, 12.91526488381110660 ) ) ;
#1854 = CARTESIAN_POINT ( 'NONE',  ( 43.50019700809705370, 94.15334625355964704, 1.055808479762242680 ) ) ;
#1855 = CARTESIAN_POINT ( 'NONE',  ( 27.31754535162163933, -6.775122874841899900, -47.45506221993695561 ) ) ;
#1856 = CARTESIAN_POINT ( 'NONE',  ( 43.80317377223523323, 93.55526847971947291, 0.9834220681073484460 ) ) ;
#1857 = CARTESIAN_POINT ( 'NONE',  ( -0.5166699113335577742, 173.2248771251580592, 12.33721934365905248 ) ) ;
#1858 = CARTESIAN_POINT ( 'NONE',  ( -45.30242657017134889, -6.775122874841904341, -11.03157233584434849 ) ) ;
#1859 = CARTESIAN_POINT ( 'NONE',  ( 10.70654668389740038, 97.13747424938004826, 58.58976068607675813 ) ) ;
#1860 = CARTESIAN_POINT ( 'NONE',  ( -26.24272463870993377, 59.06852545886685846, -28.77540506093003003 ) ) ;
#1861 = CARTESIAN_POINT ( 'NONE',  ( -32.38254111276521741, 94.27090562779588367, 43.40507331310202233 ) ) ;
#1862 = CARTESIAN_POINT ( 'NONE',  ( 1.247790481655686623, 173.2248771251580592, 12.61603451272965515 ) ) ;
#1863 = PRODUCT_CONTEXT ( 'NONE', #2887, 'mechanical' ) ;
#1864 = LINE ( 'NONE', #794, #1076 ) ;
#1865 = ORIENTED_EDGE ( 'NONE', *, *, #1413, .F. ) ;
#1866 = CARTESIAN_POINT ( 'NONE',  ( -3.335742770925200329, 92.14520179615776385, 63.49803831361428053 ) ) ;
#1867 = CARTESIAN_POINT ( 'NONE',  ( -30.36596053214538671, 26.15704448501837476, 67.68301617225056077 ) ) ;
#1868 = CARTESIAN_POINT ( 'NONE',  ( -47.51965775257485802, 93.75739961664910993, 8.390412731960614323 ) ) ;
#1869 = DIRECTION ( 'NONE',  ( 1.000000000000000000, -1.676877788449600336E-15, 0.000000000000000000 ) ) ;
#1870 = DIRECTION ( 'NONE',  ( 1.000000000000000000, 0.000000000000000000, -0.000000000000000000 ) ) ;
#1871 = CARTESIAN_POINT ( 'NONE',  ( -12.65711492631263901, 122.8166229023759399, -11.49457849423306577 ) ) ;
#1872 = VECTOR ( 'NONE', #2052, 999.9999999999998863 ) ;
#1873 = CARTESIAN_POINT ( 'NONE',  ( -6.618369275915041428, 97.40256830333082405, -30.26915594452350433 ) ) ;
#1874 = CARTESIAN_POINT ( 'NONE',  ( 37.30205660088614650, 95.67458610763104332, 36.44509849158851011 ) ) ;
#1875 = CARTESIAN_POINT ( 'NONE',  ( -31.30242033758064935, -6.775122874841918552, -42.91395322804674350 ) ) ;
#1876 = CARTESIAN_POINT ( 'NONE',  ( -31.16044587044906322, 96.71245802262019708, -12.46289099413308854 ) ) ;
#1877 = CARTESIAN_POINT ( 'NONE',  ( 14.36692082957511829, 97.52852479592318957, -26.31264707393056312 ) ) ;
#1878 = CARTESIAN_POINT ( 'NONE',  ( 0.000000000000000000, 0.000000000000000000, 129.9999999999999716 ) ) ;
#1879 = CARTESIAN_POINT ( 'NONE',  ( -10.64190985011526180, 29.15699326910158717, 129.9999999999999716 ) ) ;
#1880 = ORIENTED_EDGE ( 'NONE', *, *, #1210, .T. ) ;
#1881 = FACE_OUTER_BOUND ( 'NONE', #85, .T. ) ;
#1882 = CARTESIAN_POINT ( 'NONE',  ( -1.765209495292151765, 25.97219910779759644, 82.04208983119009702 ) ) ;
#1883 = CARTESIAN_POINT ( 'NONE',  ( -23.29996064632069874, 93.27068743081160562, -21.41472423719626406 ) ) ;
#1884 = CARTESIAN_POINT ( 'NONE',  ( 28.80298608988241682, 26.14670129201240556, -35.84664449987923263 ) ) ;
#1885 = CARTESIAN_POINT ( 'NONE',  ( 27.05629608062715263, 94.05324758207430591, -17.80811379838028685 ) ) ;
#1886 = CARTESIAN_POINT ( 'NONE',  ( -17.90664456834251794, 122.9458090486245396, -7.032632721156140576 ) ) ;
#1887 = CARTESIAN_POINT ( 'NONE',  ( -11.17564966674273919, 93.59926763949731310, 60.51478023230905734 ) ) ;
#1888 = CARTESIAN_POINT ( 'NONE',  ( 1.697065136013514275, 25.95709007835666782, -50.11597669714316083 ) ) ;
#1889 = CARTESIAN_POINT ( 'NONE',  ( -22.62368900398071503, 97.46547043109154629, 50.53397029643908667 ) ) ;
#1890 = CARTESIAN_POINT ( 'NONE',  ( 24.90538415136877504, 123.1525068826220206, 0.5381770734006591228 ) ) ;
#1891 = CARTESIAN_POINT ( 'NONE',  ( 45.00825666031369821, -1.717507247521052216, -11.35154300811204209 ) ) ;
#1892 = DIRECTION ( 'NONE',  ( -0.000000000000000000, -0.000000000000000000, -1.000000000000000000 ) ) ;
#1893 = VERTEX_POINT ( 'NONE', #786 ) ;
#1894 = CARTESIAN_POINT ( 'NONE',  ( 19.70052686104117257, 93.16616553044646309, 55.54746142158268896 ) ) ;
#1895 = CARTESIAN_POINT ( 'NONE',  ( -48.72370404302969149, 26.55821045849139495, 18.40318940403450654 ) ) ;
#1896 = CARTESIAN_POINT ( 'NONE',  ( -47.18921970390638165, 94.34627714377784002, 8.430565809880789629 ) ) ;
#1897 = ORIENTED_EDGE ( 'NONE', *, *, #586, .T. ) ;
#1898 = CARTESIAN_POINT ( 'NONE',  ( 19.49296427012041377, 91.83713437258131762, -24.91583083476250948 ) ) ;
#1899 = CARTESIAN_POINT ( 'NONE',  ( 23.29996064821755652, 93.27068743081146351, -21.41472424073517189 ) ) ;
#1900 = CARTESIAN_POINT ( 'NONE',  ( -13.57978543327639009, 148.1886920038899973, 7.033863254541975252 ) ) ;
#1901 = CARTESIAN_POINT ( 'NONE',  ( 15.37797759999655511, 93.69733867318693399, 58.22847284823354386 ) ) ;
#1902 = CARTESIAN_POINT ( 'NONE',  ( 7.043444448365502986, 91.49372087416455201, -31.79317014910121486 ) ) ;
#1903 = CARTESIAN_POINT ( 'NONE',  ( -37.30205660632901754, 95.67458610763108595, 36.44509850233718140 ) ) ;
#1904 = CARTESIAN_POINT ( 'NONE',  ( 21.18714345027914092, 123.0376747526231611, -3.757827708621730878 ) ) ;
#1905 = CARTESIAN_POINT ( 'NONE',  ( 44.66743595402930112, 3.336853700689002000, -11.67130777267839115 ) ) ;
#1906 = CARTESIAN_POINT ( 'NONE',  ( -48.11070419891617433, 33.46241330790572022, 23.70978786172549135 ) ) ;
#1907 = ORIENTED_EDGE ( 'NONE', *, *, #2704, .T. ) ;
#1908 = CARTESIAN_POINT ( 'NONE',  ( 48.28265888778125969, 93.81130125316367696, 17.02917231181492497 ) ) ;
#1909 = CARTESIAN_POINT ( 'NONE',  ( -9.040359474511422633, 58.76644778062942720, 71.67696216356290506 ) ) ;
#1910 = CARTESIAN_POINT ( 'NONE',  ( -44.10610829276835432, 92.95719070587929878, 0.9110357292168237420 ) ) ;
#1911 = EDGE_CURVE ( 'NONE', #267, #1941, #2023, .T. ) ;
#1912 = CARTESIAN_POINT ( 'NONE',  ( 44.65574284338737243, 98.41538145085354472, 21.13276568673824229 ) ) ;
#1913 = CARTESIAN_POINT ( 'NONE',  ( -4.205203614286875613, 58.69869553749487068, -41.34367303504397739 ) ) ;
#1914 = CARTESIAN_POINT ( 'NONE',  ( -10.95493642813643476, 92.89929546714164132, -29.74027475932555831 ) ) ;
#1915 = CARTESIAN_POINT ( 'NONE',  ( -1.194523821028862898, 147.9389321211428978, -2.232024697765251808 ) ) ;
#1916 = CARTESIAN_POINT ( 'NONE',  ( -3.244415305464405375, 94.65570094369594756, 62.45070623901600726 ) ) ;
#1917 = CARTESIAN_POINT ( 'NONE',  ( 6.096103070920386280, -6.775122874841898124, -58.36397314150871551 ) ) ;
#1918 = CARTESIAN_POINT ( 'NONE',  ( -27.50564697097865263, 94.08070725942815216, 48.49386413059857404 ) ) ;
#1919 = VECTOR ( 'NONE', #942, 1000.000000000000000 ) ;
#1920 = CARTESIAN_POINT ( 'NONE',  ( -22.18579329681693935, 97.70615574701501771, -20.41910684768976481 ) ) ;
#1921 = CARTESIAN_POINT ( 'NONE',  ( 45.43778656024452545, 85.00933975391465935, 2.796145319757071590 ) ) ;
#1922 = CARTESIAN_POINT ( 'NONE',  ( -39.49617584455836550, 48.59899967374263952, -14.53482298257169703 ) ) ;
#1923 = VERTEX_POINT ( 'NONE', #565 ) ;
#1924 = CARTESIAN_POINT ( 'NONE',  ( 7.143783786056674856, 92.86140135418891361, 62.34072939303135996 ) ) ;
#1925 = CARTESIAN_POINT ( 'NONE',  ( -4.360143853732772357, 58.72867751779174483, 72.74505203235915474 ) ) ;
#1926 = CARTESIAN_POINT ( 'NONE',  ( -46.85875174908783691, 94.93515467090649906, 8.470718913630845393 ) ) ;
#1927 = ORIENTED_EDGE ( 'NONE', *, *, #586, .F. ) ;
#1928 = CARTESIAN_POINT ( 'NONE',  ( -48.67384919026939372, 63.23187467496695291, 15.71946799947250284 ) ) ;
#1929 = CARTESIAN_POINT ( 'NONE',  ( 1.697065136013514275, 25.95709007835666782, -50.11597669714316083 ) ) ;
#1930 = CARTESIAN_POINT ( 'NONE',  ( -15.08637722541156201, 93.00540745676163112, -27.42397561456717980 ) ) ;
#1931 = CARTESIAN_POINT ( 'NONE',  ( -14.72988474903211653, 97.23118744415477011, 56.40173342615356944 ) ) ;
#1932 = EDGE_CURVE ( 'NONE', #2131, #417, #2572, .T. ) ;
#1933 = CARTESIAN_POINT ( 'NONE',  ( -47.36652019479965503, -6.775122874841940757, 39.01074961363077875 ) ) ;
#1934 = CARTESIAN_POINT ( 'NONE',  ( -39.95887682514010208, 59.51584355424052575, -11.75712273366745286 ) ) ;
#1935 = CARTESIAN_POINT ( 'NONE',  ( 37.83831557234702814, 94.50865358825555518, 36.74801976673341386 ) ) ;
#1936 = CARTESIAN_POINT ( 'NONE',  ( -41.24287712679844731, 98.24499382399048386, 28.25632527590775211 ) ) ;
#1937 = CARTESIAN_POINT ( 'NONE',  ( 3.104600095643372359, 96.05421587345890089, -31.63147012779359102 ) ) ;
#1938 = CARTESIAN_POINT ( 'NONE',  ( 23.79317067937287433, 93.30213723985369256, 52.25115566723822980 ) ) ;
#1939 = CARTESIAN_POINT ( 'NONE',  ( 29.26977728591074168, -6.775122874841976284, 80.05366659111120953 ) ) ;
#1940 = CARTESIAN_POINT ( 'NONE',  ( 3.358713098752700521, 91.48057771410864802, 63.68214539436920063 ) ) ;
#1941 = VERTEX_POINT ( 'NONE', #2132 ) ;
#1942 = CARTESIAN_POINT ( 'NONE',  ( -18.69952965570687198, -6.775122874841901677, -58.64365844190226085 ) ) ;
#1943 = CARTESIAN_POINT ( 'NONE',  ( -44.77356336297133765, 59.71308617897222604, -2.651630158678397020 ) ) ;
#1944 = CARTESIAN_POINT ( 'NONE',  ( -6.900652327596883850, 93.47908932111606362, -31.28110246883479562 ) ) ;
#1945 = CARTESIAN_POINT ( 'NONE',  ( 36.23002982381628811, 98.00645114638199118, 35.83925666928333698 ) ) ;
#1946 = CARTESIAN_POINT ( 'NONE',  ( -9.040359474511422633, 58.76644778062942720, 71.67696216356290506 ) ) ;
#1947 = CARTESIAN_POINT ( 'NONE',  ( 15.37797759999655511, 93.69733867318693399, 58.22847284823354386 ) ) ;
#1948 = CARTESIAN_POINT ( 'NONE',  ( -12.82686650188413147, 122.6362519761298842, 41.46105784146315187 ) ) ;
#1949 = ADVANCED_FACE ( 'NONE', ( #2088 ), #2168, .T. ) ;
#1950 = CARTESIAN_POINT ( 'NONE',  ( 18.83372028211011795, 95.05593300820451930, -24.15611216373428505 ) ) ;
#1951 = CARTESIAN_POINT ( 'NONE',  ( 2.490976252910236166, 173.2248771251580592, 15.00000103471865920 ) ) ;
#1952 = CARTESIAN_POINT ( 'NONE',  ( 48.65872031445990586, 59.89154379182479460, 17.72356355148309248 ) ) ;
#1953 = CARTESIAN_POINT ( 'NONE',  ( -33.07901565260365828, 92.40079866324492741, 43.78206324226139401 ) ) ;
#1954 = ORIENTED_EDGE ( 'NONE', *, *, #156, .F. ) ;
#1955 = CARTESIAN_POINT ( 'NONE',  ( 48.23681146016159715, 13.34291824856774156, 25.97366249035887265 ) ) ;
#1956 = CARTESIAN_POINT ( 'NONE',  ( -11.10539077410706987, 91.58353671221203740, -30.07329771480543457 ) ) ;
#1957 = CARTESIAN_POINT ( 'NONE',  ( -27.43261527932549981, 92.78717015938686075, -18.07565612485649709 ) ) ;
#1958 = CARTESIAN_POINT ( 'NONE',  ( -7.093826643130277887, 93.52348547710079174, 62.15847377947299890 ) ) ;
#1959 = CARTESIAN_POINT ( 'NONE',  ( -44.10610829276835432, 92.95719070587929878, 0.9110357292168237420 ) ) ;
#1960 = CARTESIAN_POINT ( 'NONE',  ( -11.17564966674273919, 93.59926763949731310, 60.51478023230905734 ) ) ;
#1961 = CARTESIAN_POINT ( 'NONE',  ( -21.18714344857447074, 123.0376747526235448, -3.757827704945458702 ) ) ;
#1962 = CARTESIAN_POINT ( 'NONE',  ( 6.900652328575485051, 93.47908932111609204, -31.28110246928336124 ) ) ;
#1963 = CARTESIAN_POINT ( 'NONE',  ( 1.057715366582426597, 91.46684307307677386, 63.89150633754760378 ) ) ;
#1964 = CARTESIAN_POINT ( 'NONE',  ( 13.96642459263103397, 34.91522171365080141, 76.84572807709670883 ) ) ;
#1965 = AXIS2_PLACEMENT_3D ( 'NONE', #2218, #209, #1071 ) ;
#1966 = EDGE_CURVE ( 'NONE', #564, #843, #836, .T. ) ;
#1967 = CARTESIAN_POINT ( 'NONE',  ( 48.67898561401620583, 93.22487712515804503, 15.00000000000000000 ) ) ;
#1968 = CARTESIAN_POINT ( 'NONE',  ( -11.33396236186388606, 92.28295017646139797, 60.87147962162942605 ) ) ;
#1969 = AXIS2_PLACEMENT_3D ( 'NONE', #748, #2756, #2111 ) ;
#1970 = ORIENTED_EDGE ( 'NONE', *, *, #625, .T. ) ;
#1971 = CARTESIAN_POINT ( 'NONE',  ( -26.33889486444826389, 97.59752084191048027, 47.08463433911057905 ) ) ;
#1972 = CARTESIAN_POINT ( 'NONE',  ( -32.44761308698902980, 26.20129523278644967, -31.37608459344832212 ) ) ;
#1973 = CARTESIAN_POINT ( 'NONE',  ( -15.29393545559433853, 91.69976897321464548, -27.74477061277769252 ) ) ;
#1974 = CARTESIAN_POINT ( 'NONE',  ( -0.6846802067062773833, 173.2248771251580592, 17.19570620129842098 ) ) ;
#1975 = CARTESIAN_POINT ( 'NONE',  ( 46.32509884523075527, 97.30192860395854382, 15.00000000000000000 ) ) ;
#1976 = CARTESIAN_POINT ( 'NONE',  ( -48.62169293671245640, 93.22487712515807345, 17.04300108181447726 ) ) ;
#1977 = CARTESIAN_POINT ( 'NONE',  ( -7.093826643130277887, 93.52348547710079174, 62.15847377947299890 ) ) ;
#1978 = CARTESIAN_POINT ( 'NONE',  ( -36.15273581745884712, 98.11632176135424288, -5.960073616505805028 ) ) ;
#1979 = CARTESIAN_POINT ( 'NONE',  ( 46.20559405131062647, 96.09889261805460592, 8.550069341229496800 ) ) ;
#1980 = CARTESIAN_POINT ( 'NONE',  ( 28.09645145038219738, 92.18104440673478450, 48.92054465602106461 ) ) ;
#1981 = CARTESIAN_POINT ( 'NONE',  ( 2.490976252910236166, 173.2248771251580592, 15.00000103471865920 ) ) ;
#1982 = CARTESIAN_POINT ( 'NONE',  ( 45.05778294128916173, 59.71757167208755135, 32.64474153628303554 ) ) ;
#1983 = CARTESIAN_POINT ( 'NONE',  ( -1.050529232797752455, 92.13208290279550283, 63.70714788712213306 ) ) ;
#1984 = ORIENTED_EDGE ( 'NONE', *, *, #2128, .T. ) ;
#1985 = CARTESIAN_POINT ( 'NONE',  ( 46.99147718176951827, 29.80658684408356862, 31.42742134732463199 ) ) ;
#1986 = CARTESIAN_POINT ( 'NONE',  ( -10.64190985011514812, -6.775122874841930098, 129.9999999999999716 ) ) ;
#1987 = CARTESIAN_POINT ( 'NONE',  ( -41.24287712679844731, 98.24499382399048386, 28.25632527590775211 ) ) ;
#1988 = LINE ( 'NONE', #1271, #91 ) ;
#1989 = CARTESIAN_POINT ( 'NONE',  ( -19.97962490885387155, 91.87201498351736006, 55.87500203282787936 ) ) ;
#1990 = CARTESIAN_POINT ( 'NONE',  ( 37.30205660088614650, 95.67458610763104332, 36.44509849158851011 ) ) ;
#1991 = B_SPLINE_CURVE_WITH_KNOTS ( 'NONE', 3,
 ( #2173, #1057, #2848, #619, #412, #1517, #2423, #2408, #397, #1753, #2158, #2187, #428, #147, #2893, #1070, #1963, #2863, #1319, #1304, #854, #2643, #1532, #1980, #2878, #1043, #2201, #867, #1767, #2217 ),
 .UNSPECIFIED., .F., .F.,
 ( 4, 2, 1, 1, 1, 1, 1, 1, 1, 1, 1, 1, 1, 2, 1, 1, 1, 1, 1, 1, 1, 1, 1, 1, 1, 4 ),
 ( 0.4999999999999822364, 0.5084622290359579466, 0.5391833397212106860, 0.5699044504064634253, 0.6006255610917159427, 0.6313466717769686820, 0.6467072271195950517, 0.6620677824622214214, 0.6774283378048476800, 0.6927888931474739387, 0.7081494484901004194, 0.7235100038327266780, 0.7388705591753531587, 0.7542311145179794174, 0.7695916698606057871, 0.7849522252032319347, 0.8003127805458581934, 0.8156733358884844520, 0.8310338912311109327, 0.8463944465737371914, 0.8617550019163633390, 0.8771155572589897087, 0.9078366679442422260, 0.9385577786294949654, 0.9692788893147475937, 1.000000000000000000 ),
 .UNSPECIFIED. ) ;
#1992 = CARTESIAN_POINT ( 'NONE',  ( 1.503111257801653000, 173.2248771251580592, 16.78967889041988570 ) ) ;
#1993 = CARTESIAN_POINT ( 'NONE',  ( 36.15273581954502902, 98.11632176135412919, -5.960073624376930113 ) ) ;
#1994 = LINE ( 'NONE', #1723, #891 ) ;
#1995 = DIRECTION ( 'NONE',  ( 0.4999999999999948930, -0.8660254037844415942, 0.000000000000000000 ) ) ;
#1996 = CARTESIAN_POINT ( 'NONE',  ( 33.57179776636422019, -6.775122874841966514, 75.24049986054679096 ) ) ;
#1997 = CARTESIAN_POINT ( 'NONE',  ( 7.193744504380223503, 92.19931723127703549, 62.52298500391990643 ) ) ;
#1998 = ORIENTED_EDGE ( 'NONE', *, *, #1486, .F. ) ;
#1999 = CARTESIAN_POINT ( 'NONE',  ( 32.83850491929314330, 54.32025388080558059, 55.32057272850396146 ) ) ;
#2000 = CARTESIAN_POINT ( 'NONE',  ( -42.52271851960257720, 71.92391345760991328, -4.551254593569272977 ) ) ;
#2001 = EDGE_CURVE ( 'NONE', #680, #770, #870, .T. ) ;
#2002 = PLANE ( 'NONE',  #2762 ) ;
#2003 = CARTESIAN_POINT ( 'NONE',  ( 6.368238917686003475, -6.775122874841978060, 90.87063567229397165 ) ) ;
#2004 = CARTESIAN_POINT ( 'NONE',  ( 24.90538415136877504, 123.1525068826220206, 0.5381770734006591228 ) ) ;
#2005 = CARTESIAN_POINT ( 'NONE',  ( -0.07738274499679033414, 173.2248771251580592, 17.28763720221264322 ) ) ;
#2006 = CARTESIAN_POINT ( 'NONE',  ( -31.00713634489876469, 97.77926764389782477, 42.21320524242452876 ) ) ;
#2007 = CARTESIAN_POINT ( 'NONE',  ( 47.87950814936112209, -6.775122874841928322, 2.431365538859644904 ) ) ;
#2008 = DIRECTION ( 'NONE',  ( -0.000000000000000000, -0.000000000000000000, -1.000000000000000000 ) ) ;
#2009 = PLANE ( 'NONE',  #232 ) ;
#2010 = CARTESIAN_POINT ( 'NONE',  ( 27.70255179759891462, 93.44748630853035820, 48.63609100114504713 ) ) ;
#2011 = ORIENTED_EDGE ( 'NONE', *, *, #2342, .T. ) ;
#2012 = CARTESIAN_POINT ( 'NONE',  ( -45.67281840585805952, 98.46081815135043769, 14.47125938776263787 ) ) ;
#2013 = CIRCLE ( 'NONE', #2389, 2.500000000033967940 ) ;
#2014 = CARTESIAN_POINT ( 'NONE',  ( -47.36652020714945621, 29.15699326910158717, 129.9999999999999716 ) ) ;
#2015 = EDGE_CURVE ( 'NONE', #1160, #1061, #693, .T. ) ;
#2016 = DIRECTION ( 'NONE',  ( -0.000000000000000000, -0.000000000000000000, -1.000000000000000000 ) ) ;
#2017 = LINE ( 'NONE', #2502, #2763 ) ;
#2018 = CARTESIAN_POINT ( 'NONE',  ( 21.18555866513906238, 122.9278041376512363, 33.67012820907941517 ) ) ;
#2019 = CARTESIAN_POINT ( 'NONE',  ( 6.797724439752616199, 97.06505950796321258, 60.16281848216087980 ) ) ;
#2020 = CARTESIAN_POINT ( 'NONE',  ( -42.46235935181150012, 95.92052390582237820, 28.63933864564415188 ) ) ;
#2021 = CARTESIAN_POINT ( 'NONE',  ( -29.00421502863210321, 60.96143878237833746, 57.57638867453991338 ) ) ;
#2022 = CARTESIAN_POINT ( 'NONE',  ( -14.36692082808725068, 97.52852479592321799, -26.31264707227688859 ) ) ;
#2023 = B_SPLINE_CURVE_WITH_KNOTS ( 'NONE', 4,
 ( #61, #331, #2559, #2103, #1222 ),
 .UNSPECIFIED., .F., .F.,
 ( 5, 5 ),
 ( 0.9491070045660583432, 1.000000000000000000 ),
 .UNSPECIFIED. ) ;
#2024 = CARTESIAN_POINT ( 'NONE',  ( -47.46561272239484452, 94.96980015003927633, 11.73451463186732724 ) ) ;
#2025 = CARTESIAN_POINT ( 'NONE',  ( 48.68619102850389879, 66.18204954718719080, 13.96875634882463046 ) ) ;
#2026 = ORIENTED_EDGE ( 'NONE', *, *, #912, .F. ) ;
#2027 = CARTESIAN_POINT ( 'NONE',  ( -19.84006658412147672, 92.51909025698191158, 55.71123174267867029 ) ) ;
#2028 = CARTESIAN_POINT ( 'NONE',  ( 47.85006589651627706, 93.16852208952045089, 8.350259686055846231 ) ) ;
#2029 = B_SPLINE_CURVE_WITH_KNOTS ( 'NONE', 3,
 ( #1320, #1738, #1088, #1951 ),
 .UNSPECIFIED., .F., .F.,
 ( 4, 4 ),
 ( 0.5512429834264328532, 1.000000000000000000 ),
 .UNSPECIFIED. ) ;
#2030 = DIRECTION ( 'NONE',  ( -1.000000000000000000, -0.000000000000000000, -0.000000000000000000 ) ) ;
#2031 = CARTESIAN_POINT ( 'NONE',  ( 44.83228196988903136, -6.775122874841963849, 52.25805003800668658 ) ) ;
#2032 = CARTESIAN_POINT ( 'NONE',  ( 11.58729570360703143, 148.1312759388905249, 4.708941611474098288 ) ) ;
#2033 = CARTESIAN_POINT ( 'NONE',  ( -4.011336669318632531, 147.8624094998987459, 30.99266998151518138 ) ) ;
#2034 = CARTESIAN_POINT ( 'NONE',  ( 0.07738274499684898167, 173.2248771251580592, 17.28763720221264322 ) ) ;
#2035 = CARTESIAN_POINT ( 'NONE',  ( -22.95713306997017256, 96.29115237319803100, 51.05514843180908713 ) ) ;
#2036 = CARTESIAN_POINT ( 'NONE',  ( -45.50746004071783801, 32.37697993168844590, 36.63331106203277443 ) ) ;
#2037 = CARTESIAN_POINT ( 'NONE',  ( 10.43346952889170964, 97.45747241548652084, -28.58658493002471346 ) ) ;
#2038 = EDGE_CURVE ( 'NONE', #1456, #1338, #2412, .T. ) ;
#2039 = CARTESIAN_POINT ( 'NONE',  ( 85.00000000000000000, 0.000000000000000000, 0.000000000000000000 ) ) ;
#2040 = LINE ( 'NONE', #24, #1032 ) ;
#2041 = VERTEX_POINT ( 'NONE', #1157 ) ;
#2042 = CARTESIAN_POINT ( 'NONE',  ( -3.312773148380207644, 92.80982587820686547, 63.31393123165515391 ) ) ;
#2043 = CARTESIAN_POINT ( 'NONE',  ( 19.36052306322012129, 92.48397345399233416, -24.76316032755815044 ) ) ;
#2044 = CARTESIAN_POINT ( 'NONE',  ( -47.60867869903135130, 94.97905399500154999, 13.31315029432992958 ) ) ;
#2045 = CARTESIAN_POINT ( 'NONE',  ( 41.20639209024886185, -6.775122874841961185, 62.32661007736138004 ) ) ;
#2046 = CARTESIAN_POINT ( 'NONE',  ( 9.940033132209283195, 122.7606422390014984, -13.37470820141370709 ) ) ;
#2047 = CARTESIAN_POINT ( 'NONE',  ( 13.33501178644683449, 148.1520684655660318, 22.81440069754291855 ) ) ;
#2048 = CARTESIAN_POINT ( 'NONE',  ( 26.33889485702625066, 97.59752084191050869, 47.08463433393676922 ) ) ;
#2049 = CARTESIAN_POINT ( 'NONE',  ( -22.50370372235985172, 96.44105594246227042, -20.70308011642195467 ) ) ;
#2050 = CARTESIAN_POINT ( 'NONE',  ( 39.95887682711793332, 59.51584355424051154, -11.75712274515028710 ) ) ;
#2051 = CARTESIAN_POINT ( 'NONE',  ( -6.900652327596883850, 93.47908932111606362, -31.28110246883479562 ) ) ;
#2052 = DIRECTION ( 'NONE',  ( -0.4999999999999949485, 0.8660254037844415942, -0.000000000000000000 ) ) ;
#2053 = CARTESIAN_POINT ( 'NONE',  ( -85.00000000000000000, 53.58211531516425197, 21.44588994694187178 ) ) ;
#2054 = CARTESIAN_POINT ( 'NONE',  ( -38.57686616736384622, 53.58211531516425197, -14.85008040409040220 ) ) ;
#2055 = ORIENTED_EDGE ( 'NONE', *, *, #242, .T. ) ;
#2056 = CARTESIAN_POINT ( 'NONE',  ( -11.17564966674273919, 93.59926763949731310, 60.51478023230905734 ) ) ;
#2057 = ADVANCED_FACE ( 'NONE', ( #1617 ), #2009, .T. ) ;
#2058 = CARTESIAN_POINT ( 'NONE',  ( 23.29996064821755652, 93.27068743081146351, -21.41472424073517189 ) ) ;
#2059 = VECTOR ( 'NONE', #2016, 1000.000000000000000 ) ;
#2060 = CARTESIAN_POINT ( 'NONE',  ( -1.021848913597882991, 91.42151598475378194, -33.06061320762504607 ) ) ;
#2061 = DIRECTION ( 'NONE',  ( -0.5000000000000048850, -0.8660254037844358210, -0.000000000000000000 ) ) ;
#2062 = CARTESIAN_POINT ( 'NONE',  ( 31.33599103058731927, 123.3821711426196259, 13.62215314097885432 ) ) ;
#2063 = CARTESIAN_POINT ( 'NONE',  ( -48.62116923822274828, 93.21901614279779835, 13.27973236569790672 ) ) ;
#2064 = CARTESIAN_POINT ( 'NONE',  ( 2.000527503756600378, 173.2248771251580024, 16.31050584732449948 ) ) ;
#2065 = CARTESIAN_POINT ( 'NONE',  ( -14.57219210181042079, 96.23842543012717954, -26.62962397988272656 ) ) ;
#2066 = CARTESIAN_POINT ( 'NONE',  ( 48.73825097316426991, 93.22487712515804503, 12.88665500458916213 ) ) ;
#2067 = CARTESIAN_POINT ( 'NONE',  ( 6.618369276856478578, 97.40256830333083826, -30.26915594495192963 ) ) ;
#2068 = CARTESIAN_POINT ( 'NONE',  ( 22.18579329866658156, 97.70615574701487560, -20.41910685104468115 ) ) ;
#2069 = LINE ( 'NONE', #2053, #1592 ) ;
#2070 = CARTESIAN_POINT ( 'NONE',  ( 2.490964078893478817, 173.2248771251580592, 14.99999999984407495 ) ) ;
#2071 = ORIENTED_EDGE ( 'NONE', *, *, #1140, .T. ) ;
#2072 = CARTESIAN_POINT ( 'NONE',  ( -48.62169293671245640, 93.22487712515807345, 17.04300108181447726 ) ) ;
#2073 = CARTESIAN_POINT ( 'NONE',  ( 48.00184135768951421, 94.39772538116930889, 15.00000000000000000 ) ) ;
#2074 = CARTESIAN_POINT ( 'NONE',  ( 48.73825097316426991, 93.22487712515804503, 12.88665500458916213 ) ) ;
#2075 = CARTESIAN_POINT ( 'NONE',  ( -47.36652020714945621, 29.15699326910158717, 129.9999999999999716 ) ) ;
#2076 = CARTESIAN_POINT ( 'NONE',  ( -44.65574284576972985, 98.41538145085362999, 21.13276570928879039 ) ) ;
#2077 = CARTESIAN_POINT ( 'NONE',  ( 31.20161087080079199, 123.3821711426196259, 16.33198443293839119 ) ) ;
#2078 = CARTESIAN_POINT ( 'NONE',  ( 11.17564965538755573, 93.59926763949731310, 60.51478023121757843 ) ) ;
#2079 = CARTESIAN_POINT ( 'NONE',  ( -17.81414511563318115, 58.87480502386248560, -35.64034657914473314 ) ) ;
#2080 = CARTESIAN_POINT ( 'NONE',  ( 14.77741118159485723, 94.94832606433114108, -26.94660101099906413 ) ) ;
#2081 = CARTESIAN_POINT ( 'NONE',  ( 5.489030503834916530, 147.9927596820798783, -0.4375596871972085578 ) ) ;
#2082 =( LENGTH_UNIT ( ) NAMED_UNIT ( * ) SI_UNIT ( .MILLI., .METRE. ) );
#2083 = CARTESIAN_POINT ( 'NONE',  ( -23.27166218613310633, 51.03236600209649509, 66.22457140829784805 ) ) ;
#2084 = ORIENTED_EDGE ( 'NONE', *, *, #1092, .T. ) ;
#2085 = CARTESIAN_POINT ( 'NONE',  ( 1.043343099013207542, 92.79732273251424601, 63.52278943669666234 ) ) ;
#2086 = CARTESIAN_POINT ( 'NONE',  ( 5.363321833107091763, 25.97677732147488072, 81.80790013292093477 ) ) ;
#2087 = FACE_OUTER_BOUND ( 'NONE', #2348, .T. ) ;
#2088 = FACE_OUTER_BOUND ( 'NONE', #755, .T. ) ;
#2089 = DIRECTION ( 'NONE',  ( -0.000000000000000000, 0.06313889274549383535, 0.9980047495993559226 ) ) ;
#2090 = CARTESIAN_POINT ( 'NONE',  ( -14.36692082808725068, 97.52852479592321799, -26.31264707227688859 ) ) ;
#2091 = EDGE_CURVE ( 'NONE', #1047, #1941, #1042, .T. ) ;
#2092 = CARTESIAN_POINT ( 'NONE',  ( -10.43346952722039411, 97.45747241548649242, -28.58658492904184456 ) ) ;
#2093 = CARTESIAN_POINT ( 'NONE',  ( 14.94586523622573360, 96.05323785383215807, 57.01064646955128268 ) ) ;
#2094 = CARTESIAN_POINT ( 'NONE',  ( 10.37648787508504888, 25.98115837482690438, -48.59756903268527140 ) ) ;
#2095 = CARTESIAN_POINT ( 'NONE',  ( -36.76596135564168577, 96.84051862700658830, 36.14217739998764500 ) ) ;
#2096 = CARTESIAN_POINT ( 'NONE',  ( 1.672206234170370731, 173.2248771251578887, 12.92311308768245581 ) ) ;
#2097 = CARTESIAN_POINT ( 'NONE',  ( -47.36652020714945621, 29.15699326910158717, 129.9999999999999716 ) ) ;
#2098 = ORIENTED_EDGE ( 'NONE', *, *, #695, .T. ) ;
#2099 = CARTESIAN_POINT ( 'NONE',  ( 48.62169293647306745, 93.22487712515804503, 17.04300109034998201 ) ) ;
#2100 = CARTESIAN_POINT ( 'NONE',  ( -48.65872031454637892, 59.89154379182473775, 17.72356353986325317 ) ) ;
#2101 = CARTESIAN_POINT ( 'NONE',  ( 1.014990631796134135, 92.08644888469740408, -32.88737908622768202 ) ) ;
#2102 = ORIENTED_EDGE ( 'NONE', *, *, #2776, .T. ) ;
#2103 = CARTESIAN_POINT ( 'NONE',  ( -2.860915827111975229, -6.775122874841970955, 91.11738157801121929 ) ) ;
#2104 = CARTESIAN_POINT ( 'NONE',  ( 85.00000000000000000, 53.58211531516425197, 21.44588994694187178 ) ) ;
#2105 = CARTESIAN_POINT ( 'NONE',  ( -28.47270473976490379, 123.2730806191208757, 5.707523290886054035 ) ) ;
#2106 = AXIS2_PLACEMENT_3D ( 'NONE', #2127, #119, #1012 ) ;
#2107 = CARTESIAN_POINT ( 'NONE',  ( -3.199029185098861916, 95.83695192713589961, 61.77158833194225451 ) ) ;
#2108 = CARTESIAN_POINT ( 'NONE',  ( 22.75779235905754661, -6.775122874841923881, -51.42725565442788849 ) ) ;
#2109 = CARTESIAN_POINT ( 'NONE',  ( -31.60188198074585841, 95.48084247888424159, -12.69895240883039378 ) ) ;
#2110 = CARTESIAN_POINT ( 'NONE',  ( 1.468016079320713763, 173.2248771251579456, 12.75861535141146419 ) ) ;
#2111 = DIRECTION ( 'NONE',  ( 1.000000000000000000, 0.000000000000000000, 0.000000000000000000 ) ) ;
#2112 = CARTESIAN_POINT ( 'NONE',  ( 85.00000000000000000, 53.58211531516425197, 21.44588994694187178 ) ) ;
#2113 = ORIENTED_EDGE ( 'NONE', *, *, #2632, .F. ) ;
#2114 = FACE_OUTER_BOUND ( 'NONE', #387, .T. ) ;
#2115 = CARTESIAN_POINT ( 'NONE',  ( -46.21565099578972280, 26.47122439862278753, 36.23621498856604717 ) ) ;
#2116 = CARTESIAN_POINT ( 'NONE',  ( -19.09558289190628599, 93.77765161681446671, -24.45781923581223083 ) ) ;
#2117 = ORIENTED_EDGE ( 'NONE', *, *, #2652, .F. ) ;
#2118 = CARTESIAN_POINT ( 'NONE',  ( 34.74889453756696156, -6.775122874841921217, -37.95333264425333653 ) ) ;
#2119 = CARTESIAN_POINT ( 'NONE',  ( 48.34041348585286357, 93.81130125316367696, 15.00000000000000000 ) ) ;
#2120 = CARTESIAN_POINT ( 'NONE',  ( -15.32539529929938560, 122.8790628730627645, -9.357403296753622257 ) ) ;
#2121 = CARTESIAN_POINT ( 'NONE',  ( -11.01925166439907322, 94.77866984279157236, 59.87310700560335874 ) ) ;
#2122 = CARTESIAN_POINT ( 'NONE',  ( -22.75779235930477284, -6.775122874841911447, -51.42725565446752256 ) ) ;
#2123 = CARTESIAN_POINT ( 'NONE',  ( -46.85875174908783691, 94.93515467090649906, 8.470718913630845393 ) ) ;
#2124 = CARTESIAN_POINT ( 'NONE',  ( 3.061260934046883708, 97.36704211311247548, -31.28982398530903808 ) ) ;
#2125 = LINE ( 'NONE', #146, #42 ) ;
#2126 = ORIENTED_EDGE ( 'NONE', *, *, #1627, .T. ) ;
#2127 = CARTESIAN_POINT ( 'NONE',  ( 29.00421502863205703, 60.96143878237828062, 129.9999999999999716 ) ) ;
#2128 = EDGE_CURVE ( 'NONE', #1690, #315, #2754, .T. ) ;
#2129 = CARTESIAN_POINT ( 'NONE',  ( -38.65270572357032108, 92.67549148388266644, 37.05712635582894166 ) ) ;
#2130 = CARTESIAN_POINT ( 'NONE',  ( -3.213196177552692046, 92.76424384398887923, -32.48764305242222861 ) ) ;
#2131 = VERTEX_POINT ( 'NONE', #2494 ) ;
#2132 = CARTESIAN_POINT ( 'NONE',  ( -3.018606995664471844E-14, -6.775122874841971843, 91.11738157801121929 ) ) ;
#2133 = CARTESIAN_POINT ( 'NONE',  ( 3.257046978751924282, 91.43560474366320534, -32.83340429617336298 ) ) ;
#2134 = CARTESIAN_POINT ( 'NONE',  ( -0.08624187094307765589, 173.2248771251580592, 12.28763720214470467 ) ) ;
#2135 = CARTESIAN_POINT ( 'NONE',  ( 27.11661244864043141, 95.25297845358895188, 48.02412068780764542 ) ) ;
#2136 = CARTESIAN_POINT ( 'NONE',  ( -15.29393545559433853, 91.69976897321464548, -27.74477061277769252 ) ) ;
#2137 = CARTESIAN_POINT ( 'NONE',  ( -26.68433375316812217, 95.30425672483555388, -17.54375560277447477 ) ) ;
#2138 = CARTESIAN_POINT ( 'NONE',  ( -24.90538414962368563, 123.1525068826222196, 0.5381770786329581613 ) ) ;
#2139 = CARTESIAN_POINT ( 'NONE',  ( 48.40107850897661734, 71.39869800846358316, 10.87305943794372176 ) ) ;
#2140 = CARTESIAN_POINT ( 'NONE',  ( -43.94243556610783230, 13.43384247277466592, -12.31009500429134818 ) ) ;
#2141 = ORIENTED_EDGE ( 'NONE', *, *, #892, .F. ) ;
#2142 = CARTESIAN_POINT ( 'NONE',  ( 28.09645145038219738, 92.18104440673478450, 48.92054465602106461 ) ) ;
#2143 = CARTESIAN_POINT ( 'NONE',  ( -1.057715366582362648, 91.46684307307677386, 63.89150633754760378 ) ) ;
#2144 = CARTESIAN_POINT ( 'NONE',  ( -32.04317063277630950, 94.24922693514828609, -12.93501397930396557 ) ) ;
#2145 = EDGE_CURVE ( 'NONE', #282, #2381, #11, .T. ) ;
#2146 = ORIENTED_EDGE ( 'NONE', *, *, #1192, .T. ) ;
#2147 = DIRECTION ( 'NONE',  ( 1.000000000000000000, -1.448333965938051152E-16, 0.000000000000000000 ) ) ;
#2148 = CARTESIAN_POINT ( 'NONE',  ( 2.419197260367722535, 173.2248771251580592, 15.47472876212168025 ) ) ;
#2149 = CARTESIAN_POINT ( 'NONE',  ( -19.49296426824707495, 91.83713437258138867, -24.91583083205378557 ) ) ;
#2150 = CARTESIAN_POINT ( 'NONE',  ( 3.235121953087245927, 92.09992429382606360, -32.66052367490772212 ) ) ;
#2151 = CARTESIAN_POINT ( 'NONE',  ( -0.3827729363891697600, 147.8188659952559476, 31.95580456706233363 ) ) ;
#2152 = CARTESIAN_POINT ( 'NONE',  ( -37.83831557784640864, 94.50865358825559781, 36.74801977764290939 ) ) ;
#2153 = CARTESIAN_POINT ( 'NONE',  ( -45.05778294526163563, 59.71757167208755135, 32.64474154218133606 ) ) ;
#2154 = CARTESIAN_POINT ( 'NONE',  ( 11.01925165320745847, 94.77866984279157236, 59.87310700452790968 ) ) ;
#2155 =( GEOMETRIC_REPRESENTATION_CONTEXT ( 3 ) GLOBAL_UNCERTAINTY_ASSIGNED_CONTEXT ( ( #1548 ) ) GLOBAL_UNIT_ASSIGNED_CONTEXT ( ( #1260, #2658, #2673 ) ) REPRESENTATION_CONTEXT ( 'NONE', 'WORKASPACE' ) );
#2156 = CARTESIAN_POINT ( 'NONE',  ( -30.81980645057277002, 123.3592047166199848, 10.64100555776985146 ) ) ;
#2157 = DIRECTION ( 'NONE',  ( -1.000000000000000000, -0.000000000000000000, -0.000000000000000000 ) ) ;
#2158 = CARTESIAN_POINT ( 'NONE',  ( -19.97962490885387155, 91.87201498351736006, 55.87500203282787936 ) ) ;
#2159 = CARTESIAN_POINT ( 'NONE',  ( 15.59671306045147965, 92.39118104669996967, 58.57274550624301668 ) ) ;
#2160 = VECTOR ( 'NONE', #1836, 1000.000000000000000 ) ;
#2161 = CARTESIAN_POINT ( 'NONE',  ( 38.57686617524583284, 53.58211531516425197, -14.85008040409040220 ) ) ;
#2162 = CARTESIAN_POINT ( 'NONE',  ( -11.41313036393419544, 91.62479144494345462, 61.04982930121821738 ) ) ;
#2163 = ORIENTED_EDGE ( 'NONE', *, *, #1140, .F. ) ;
#2164 = CARTESIAN_POINT ( 'NONE',  ( 22.18579329866658156, 97.70615574701487560, -20.41910685104468115 ) ) ;
#2165 = CARTESIAN_POINT ( 'NONE',  ( -38.69450793555559898, -6.775122874841930098, -30.92025302852739799 ) ) ;
#2166 = CARTESIAN_POINT ( 'NONE',  ( 6.900652328575485051, 93.47908932111609204, -31.28110246928336124 ) ) ;
#2167 = CARTESIAN_POINT ( 'NONE',  ( -43.07233969595990430, 94.75828894673830405, 28.83084568509105594 ) ) ;
#2168 = B_SPLINE_SURFACE_WITH_KNOTS ( 'NONE', 3, 3, ( 
 ( #1680, #739, #1461, #2530 ),
 ( #2544, #1237, #2746, #2074 ),
 ( #771, #300, #1179, #2337 ),
 ( #519, #959, #74, #94 ),
 ( #1666, #2354, #972, #1399 ),
 ( #1193, #109, #122, #343 ),
 ( #2118, #549, #987, #1002 ),
 ( #316, #1884, #2795, #2308 ),
 ( #1855, #1416, #2764, #1898 ),
 ( #756, #1445, #535, #1652 ),
 ( #2732, #726, #1431, #2324 ),
 ( #2780, #1623, #1206, #2514 ),
 ( #504, #2293, #286, #169 ),
 ( #153, #1929, #2369, #1714 ),
 ( #846, #1492, #2825, #1295 ),
 ( #2399, #403, #1913, #1745 ),
 ( #2635, #626, #1523, #2193 ),
 ( #389, #184, #1252, #1956 ),
 ( #2619, #2854, #1049, #831 ),
 ( #2414, #2603, #138, #2149 ),
 ( #374, #2384, #1509, #1077 ),
 ( #1268, #1972, #2870, #2808 ),
 ( #2165, #802, #358, #1282 ),
 ( #1696, #2589, #1063, #580 ),
 ( #1476, #1034, #1943, #818 ),
 ( #596, #2840, #611, #1729 ),
 ( #2179, #1219, #1636, #1472 ),
 ( #1428, #1895, #2100, #2585 ),
 ( #517, #1028, #985, #134 ),
 ( #2542, #2115, #1458, #2350 ),
 ( #768, #106, #1663, #2129 ),
 ( #2555, #2365, #2791, #999 ),
 ( #340, #298, #1204, #2320 ),
 ( #781, #1867, #1234, #1692 ),
 ( #545, #89, #1442, #797 ),
 ( #2806, #2334, #2760, #328 ),
 ( #2305, #1677, #753, #120 ),
 ( #1013, #1414, #1909, #2569 ),
 ( #577, #1650, #1925, #561 ),
 ( #354, #1882, #1247, #2143 ),
 ( #2820, #2527, #1190, #531 ),
 ( #313, #2086, #72, #970 ),
 ( #2777, #1487, #2175, #814 ),
 ( #195, #621, #2615, #149 ),
 ( #1045, #856, #2836, #2865 ),
 ( #1939, #2189, #2599, #1740 ),
 ( #1996, #430, #841, #2630 ),
 ( #165, #2219, #1725, #605 ),
 ( #636, #1534, #1708, #2850 ),
 ( #1519, #1306, #591, #1504 ),
 ( #1072, #2394, #1982, #2410 ),
 ( #385, #1278, #1059, #368 ),
 ( #180, #827, #1952, #399 ),
 ( #1291, #2379, #2880, #1967 ) ),
 .UNSPECIFIED., .T., .F., .F.,
 ( 4, 1, 1, 1, 1, 1, 1, 1, 1, 1, 1, 1, 2, 1, 1, 1, 1, 1, 1, 1, 1, 1, 1, 1, 2, 1, 1, 1, 1, 1, 1, 1, 1, 1, 1, 1, 2, 1, 1, 1, 1, 1, 1, 1, 1, 1, 1, 1, 4 ),
 ( 4, 4 ),
 ( 0.000000000000000000, 0.03177888931474737860, 0.06355777862949475721, 0.09533666794424214275, 0.1271155572589895144, 0.1430050019163632002, 0.1588944465737368861, 0.1747838912311105719, 0.1906733358884842855, 0.2065627805458579436, 0.2224522252032316294, 0.2383416698606053152, 0.2542311145179790288, 0.2701205591753526591, 0.2860100038327263450, 0.3018994484901000308, 0.3177888931474737166, 0.3336783378048474025, 0.3495677824622210883, 0.3654572271195947741, 0.3813466717769684600, 0.4131255610917158316, 0.4449044504064632033, 0.4766833397212105750, 0.5084622290359579466, 0.5391833397212106860, 0.5699044504064634253, 0.6006255610917159427, 0.6313466717769686820, 0.6467072271195950517, 0.6620677824622214214, 0.6774283378048476800, 0.6927888931474739387, 0.7081494484901004194, 0.7235100038327266780, 0.7388705591753531587, 0.7542311145179794174, 0.7695916698606057871, 0.7849522252032319347, 0.8003127805458581934, 0.8156733358884844520, 0.8310338912311109327, 0.8463944465737371914, 0.8617550019163633390, 0.8771155572589897087, 0.9078366679442422260, 0.9385577786294949654, 0.9692788893147475937, 1.000000000000000000 ),
 ( 0.000000000000000000, 0.5198152452040820659 ),
 .UNSPECIFIED. ) ;
#2169 = CARTESIAN_POINT ( 'NONE',  ( -12.65950178757993960, -6.775122874841973619, 89.61927142863015661 ) ) ;
#2170 = CARTESIAN_POINT ( 'NONE',  ( 14.72988474097500600, 97.23118744415477011, 56.40173342461252304 ) ) ;
#2171 = CARTESIAN_POINT ( 'NONE',  ( -16.82908264511649676, 148.3035241338886863, 15.74512318969521374 ) ) ;
#2172 = CARTESIAN_POINT ( 'NONE',  ( 41.39983471071785459, 98.29718236610220572, 1.557343822281989087 ) ) ;
#2173 = CARTESIAN_POINT ( 'NONE',  ( -48.62116923822274828, 93.21901614279779835, 13.27973236569790672 ) ) ;
#2174 = CARTESIAN_POINT ( 'NONE',  ( 10.64190985011515345, 29.15699326910146993, 79.64467873558071176 ) ) ;
#2175 = CARTESIAN_POINT ( 'NONE',  ( 9.040359465222783442, 58.76644778062944141, 71.67696216299053447 ) ) ;
#2176 = CARTESIAN_POINT ( 'NONE',  ( -28.09645145824127255, 92.18104440673477029, 48.92054466155467196 ) ) ;
#2177 = EDGE_LOOP ( 'NONE', ( #996, #2804, #1308, #108 ) ) ;
#2178 = CARTESIAN_POINT ( 'NONE',  ( 6.797724439752616199, 97.06505950796321258, 60.16281848216087980 ) ) ;
#2179 = CARTESIAN_POINT ( 'NONE',  ( -48.53672262501399359, -6.775122874841925658, 10.77845749532028563 ) ) ;
#2180 = CARTESIAN_POINT ( 'NONE',  ( -19.09558289190628599, 93.77765161681446671, -24.45781923581223083 ) ) ;
#2181 = CARTESIAN_POINT ( 'NONE',  ( 11.17564965538755573, 93.59926763949731310, 60.51478023121757843 ) ) ;
#2182 = ADVANCED_FACE ( 'NONE', ( #689 ), #2898, .T. ) ;
#2183 = CARTESIAN_POINT ( 'NONE',  ( -42.67139862545414530, 26.37508191139957603, 47.19656125995000195 ) ) ;
#2184 = CARTESIAN_POINT ( 'NONE',  ( 26.33889485702625066, 97.59752084191050869, 47.08463433393676922 ) ) ;
#2185 = CARTESIAN_POINT ( 'NONE',  ( -8.372872656484275922, 147.9717415604691553, 28.12063014494036750 ) ) ;
#2186 = CARTESIAN_POINT ( 'NONE',  ( 14.98257806548932436, 93.65822669853510263, -27.26357809557447354 ) ) ;
#2187 = CARTESIAN_POINT ( 'NONE',  ( -15.70610017827522142, 91.73810223345651593, 58.74488181183505020 ) ) ;
#2188 = DIRECTION ( 'NONE',  ( -0.8660254037844415942, -0.4999999999999948930, 0.000000000000000000 ) ) ;
#2189 = CARTESIAN_POINT ( 'NONE',  ( 26.12820836179636430, 26.10725641127778118, 71.99654669374166360 ) ) ;
#2190 = CARTESIAN_POINT ( 'NONE',  ( -38.10973703944354440, 93.89759955346463016, 36.85105534891339829 ) ) ;
#2191 = ORIENTED_EDGE ( 'NONE', *, *, #2614, .T. ) ;
#2192 = CARTESIAN_POINT ( 'NONE',  ( 47.66326922952618617, 94.98414950917492661, 15.00000000000000000 ) ) ;
#2193 = CARTESIAN_POINT ( 'NONE',  ( -7.043444447368319317, 91.49372087416450938, -31.79317014864247426 ) ) ;
#2194 = CARTESIAN_POINT ( 'NONE',  ( 11.03016762145492180, 92.24141608967687489, -29.90678624416982601 ) ) ;
#2195 = CARTESIAN_POINT ( 'NONE',  ( -15.17280540497188923, 148.2315826914355057, 20.02319630775695103 ) ) ;
#2196 = CARTESIAN_POINT ( 'NONE',  ( -19.56100576788936607, 93.81324080391101461, 55.38369109017769887 ) ) ;
#2197 = CARTESIAN_POINT ( 'NONE',  ( -16.25062429975843514, 26.02484856508647582, 78.60796515635273352 ) ) ;
#2198 = CARTESIAN_POINT ( 'NONE',  ( 6.896411234335875662, 95.88453483100909125, 60.82803688786919594 ) ) ;
#2199 = CARTESIAN_POINT ( 'NONE',  ( -41.39983470891381501, 98.29718236610220572, 1.557343830752050629 ) ) ;
#2200 = CARTESIAN_POINT ( 'NONE',  ( 14.57219210331360948, 96.23842543012716533, -26.62962398156228616 ) ) ;
#2201 = CARTESIAN_POINT ( 'NONE',  ( 43.99863575442404340, 92.96391894555219437, 29.04996074432109765 ) ) ;
#2202 = CARTESIAN_POINT ( 'NONE',  ( 26.18183862023427722, 56.07293944494949045, 62.04659110885283724 ) ) ;
#2203 = B_SPLINE_CURVE_WITH_KNOTS ( 'NONE', 3,
 ( #2698, #951, #453, #1345, #2036, #2271, #261, #731, #2477, #21, #467, #34, #440, #2243, #687, #1600, #234, #718, #1847, #2021 ),
 .UNSPECIFIED., .F., .F.,
 ( 4, 2, 2, 2, 2, 2, 2, 2, 2, 4 ),
 ( 0.000000000000000000, 0.005995509294695062184, 0.008993263942042599782, 0.01199101858939013825, 0.01798652788408520650, 0.02398203717878027649, 0.02997754647347534648, 0.03597305576817040607, 0.04196856506286547606, 0.04796407435756055299 ),
 .UNSPECIFIED. ) ;
#2204 = VECTOR ( 'NONE', #2728, 1000.000000000000227 ) ;
#2205 = CARTESIAN_POINT ( 'NONE',  ( 29.00421502863205703, 60.96143878237828062, 129.9999999999999716 ) ) ;
#2206 = CARTESIAN_POINT ( 'NONE',  ( 1.043343099013207542, 92.79732273251424601, 63.52278943669666234 ) ) ;
#2207 = ORIENTED_EDGE ( 'NONE', *, *, #2091, .T. ) ;
#2208 = CARTESIAN_POINT ( 'NONE',  ( 46.54589092145471341, 30.57836488610348979, 33.22230992981823761 ) ) ;
#2209 = CARTESIAN_POINT ( 'NONE',  ( -10.64190985011527069, 29.15699326910159073, 79.64467873917999441 ) ) ;
#2210 = CARTESIAN_POINT ( 'NONE',  ( -27.50564697097865263, 94.08070725942815216, 48.49386413059857404 ) ) ;
#2211 = CARTESIAN_POINT ( 'NONE',  ( -1.204424867458969484, 147.8226523869640232, 31.88433353401713077 ) ) ;
#2212 = CARTESIAN_POINT ( 'NONE',  ( 46.63123492940510317, 94.93659991708297241, 21.39631612333770150 ) ) ;
#2213 = CARTESIAN_POINT ( 'NONE',  ( -35.70004197317850725, 59.34215815054929521, 49.96744487861358408 ) ) ;
#2214 = CARTESIAN_POINT ( 'NONE',  ( -10.70654669476130572, 97.13747424938004826, 58.58976068712014040 ) ) ;
#2215 = CARTESIAN_POINT ( 'NONE',  ( 0.9026482715344311680, 173.2248771251580592, 17.12283464460174187 ) ) ;
#2216 = CARTESIAN_POINT ( 'NONE',  ( 14.36692082957511829, 97.52852479592318957, -26.31264707393056312 ) ) ;
#2217 = CARTESIAN_POINT ( 'NONE',  ( 48.67898561401620583, 93.22487712515804503, 15.00000000000000000 ) ) ;
#2218 = CARTESIAN_POINT ( 'NONE',  ( 1.459276734806831902E-14, 173.2248771251580592, 14.78763720217867217 ) ) ;
#2219 = CARTESIAN_POINT ( 'NONE',  ( 34.09313402369292589, 26.21026621901692977, 62.91980366872766695 ) ) ;
#2220 = CARTESIAN_POINT ( 'NONE',  ( 3.289804231512400978, 93.47444996025598130, 63.12982414895991212 ) ) ;
#2221 = EDGE_LOOP ( 'NONE', ( #92, #2702, #2511, #2055, #2098 ) ) ;
#2222 = EDGE_CURVE ( 'NONE', #2131, #1047, #1626, .T. ) ;
#2223 = CARTESIAN_POINT ( 'NONE',  ( 48.11070429262614567, 33.46244731907519565, 23.70978403473960583 ) ) ;
#2224 = CARTESIAN_POINT ( 'NONE',  ( 1.459276734806831902E-14, 173.2248771251580592, 14.78763720217867217 ) ) ;
#2225 = CARTESIAN_POINT ( 'NONE',  ( 10.64190985011514101, 17.18596074983706856, 83.10562107410258648 ) ) ;
#2226 = CARTESIAN_POINT ( 'NONE',  ( 48.74238861045071047, -6.775122874841959408, 27.32694762875002681 ) ) ;
#2227 = CARTESIAN_POINT ( 'NONE',  ( 2.128566921418030500, 122.6529871171276795, -16.76090223362708542 ) ) ;
#2228 = CARTESIAN_POINT ( 'NONE',  ( -0.4604887011058089730, 173.2248771251580592, 17.24839821581542409 ) ) ;
#2229 = CARTESIAN_POINT ( 'NONE',  ( -0.9877207529149674148, 94.73035302417726200, -32.19856610870694880 ) ) ;
#2230 = CARTESIAN_POINT ( 'NONE',  ( 0.9935533191739948089, 97.00684373545163908, 61.29213929682967432 ) ) ;
#2231 = CARTESIAN_POINT ( 'NONE',  ( 28.80298608988241682, 26.14670129201240556, -35.84664449987923263 ) ) ;
#2232 = DIRECTION ( 'NONE',  ( -0.000000000000000000, -0.000000000000000000, -1.000000000000000000 ) ) ;
#2233 = DIRECTION ( 'NONE',  ( -0.000000000000000000, 0.000000000000000000, -1.000000000000000000 ) ) ;
#2234 = CARTESIAN_POINT ( 'NONE',  ( 23.96205826441052267, 92.66175822229639891, 52.40480606762340443 ) ) ;
#2235 = ORIENTED_EDGE ( 'NONE', *, *, #2793, .T. ) ;
#2236 = CARTESIAN_POINT ( 'NONE',  ( 45.50615306577157781, 32.37924367869936759, 36.63720287613207205 ) ) ;
#2237 = EDGE_CURVE ( 'NONE', #1324, #1675, #416, .T. ) ;
#2238 = CARTESIAN_POINT ( 'NONE',  ( -3.257046976491689616, 91.43560474366319113, -32.83340429607951449 ) ) ;
#2239 = CARTESIAN_POINT ( 'NONE',  ( 26.12820836179636430, 26.10725641127778118, 71.99654669374166360 ) ) ;
#2240 = CARTESIAN_POINT ( 'NONE',  ( 6.969721373890902072, 148.0207500137669854, 0.5624027986725967931 ) ) ;
#2241 = CARTESIAN_POINT ( 'NONE',  ( 22.62368899631593422, 97.46547043109157471, 50.53397029346690061 ) ) ;
#2242 = CARTESIAN_POINT ( 'NONE',  ( -47.05570880206761331, 96.14303905656679206, 12.95783924559657230 ) ) ;
#2243 = CARTESIAN_POINT ( 'NONE',  ( -36.48247882541142673, 48.00870593395372055, 52.08453055421550459 ) ) ;
#2244 = CARTESIAN_POINT ( 'NONE',  ( -6.618369275915041428, 97.40256830333082405, -30.26915594452350433 ) ) ;
#2245 = CARTESIAN_POINT ( 'NONE',  ( -23.13922837537715083, 93.91085633335680427, -21.27102721900197224 ) ) ;
#2246 = CARTESIAN_POINT ( 'NONE',  ( 45.30242929387004125, -6.775122874841904341, -11.03157233584434849 ) ) ;
#2247 = VERTEX_POINT ( 'NONE', #2503 ) ;
#2248 = AXIS2_PLACEMENT_3D ( 'NONE', #152, #2147, #2736 ) ;
#2249 = CARTESIAN_POINT ( 'NONE',  ( 7.043444448365502986, 91.49372087416455201, -31.79317014910121486 ) ) ;
#2250 = FACE_OUTER_BOUND ( 'NONE', #2743, .T. ) ;
#2251 = CARTESIAN_POINT ( 'NONE',  ( 7.243708791314563911, 91.53723310836518579, 62.70524060942725697 ) ) ;
#2252 = CARTESIAN_POINT ( 'NONE',  ( 13.57978543432569118, 148.1886920038900826, 7.033863251938018202 ) ) ;
#2253 = EDGE_CURVE ( 'NONE', #2457, #1118, #377, .T. ) ;
#2254 = CARTESIAN_POINT ( 'NONE',  ( 4.011336665633956855, 147.8624094998987744, 30.99266998116387484 ) ) ;
#2255 = CARTESIAN_POINT ( 'NONE',  ( 0.3827729363892310444, 147.8188659952559476, 31.95580456706233363 ) ) ;
#2256 = CARTESIAN_POINT ( 'NONE',  ( -31.92393030580187840, 95.44035963316321158, 43.00778374492662692 ) ) ;
#2257 = CARTESIAN_POINT ( 'NONE',  ( 48.67898561401619872, 59.89154379182479460, 15.00000000000000000 ) ) ;
#2258 = CARTESIAN_POINT ( 'NONE',  ( 41.39983471071785459, 98.29718236610220572, 1.557343822281989087 ) ) ;
#2259 = CARTESIAN_POINT ( 'NONE',  ( 46.85875175005912752, 94.93515467090651327, 8.470718900839090182 ) ) ;
#2260 = CARTESIAN_POINT ( 'NONE',  ( 48.67898561401620583, 93.22487712515804503, 15.00000000000000000 ) ) ;
#2261 = ORIENTED_EDGE ( 'NONE', *, *, #1486, .T. ) ;
#2262 = CARTESIAN_POINT ( 'NONE',  ( -15.59671306897829623, 92.39118104669998388, 58.57274550787891343 ) ) ;
#2263 = CARTESIAN_POINT ( 'NONE',  ( 46.85875175005912752, 94.93515467090651327, 8.470718900839090182 ) ) ;
#2264 = CARTESIAN_POINT ( 'NONE',  ( 47.85006589651627706, 93.16852208952045089, 8.350259686055846231 ) ) ;
#2265 = CARTESIAN_POINT ( 'NONE',  ( 33.57179776636422019, -6.775122874841966514, 75.24049986054679096 ) ) ;
#2266 = CARTESIAN_POINT ( 'NONE',  ( 41.39983471071785459, 98.29718236610220572, 1.557343822281989087 ) ) ;
#2267 = CARTESIAN_POINT ( 'NONE',  ( 1.739604566348040393, 173.2248771251580308, 16.59464172921943259 ) ) ;
#2268 = CARTESIAN_POINT ( 'NONE',  ( 2.566486135437286986, 147.8382712527597960, 31.55272069127209988 ) ) ;
#2269 = ADVANCED_FACE ( 'NONE', ( #2282 ), #1166, .F. ) ;
#2270 = CARTESIAN_POINT ( 'NONE',  ( -41.85253849433375706, 97.08275886490643813, 28.44783177468042723 ) ) ;
#2271 = CARTESIAN_POINT ( 'NONE',  ( -44.92974779252604378, 33.37760689771146616, 38.27402020113780878 ) ) ;
#2272 = CARTESIAN_POINT ( 'NONE',  ( 14.36692082957511829, 97.52852479592318957, -26.31264707393056312 ) ) ;
#2273 = CARTESIAN_POINT ( 'NONE',  ( 6.900652328575485051, 93.47908932111609204, -31.28110246928336124 ) ) ;
#2274 = CARTESIAN_POINT ( 'NONE',  ( 23.79317067937287433, 93.30213723985369256, 52.25115566723822980 ) ) ;
#2275 = CARTESIAN_POINT ( 'NONE',  ( -46.40945740564014699, 82.22682317393291385, 4.447364113790376550 ) ) ;
#2276 = EDGE_LOOP ( 'NONE', ( #2497, #2597, #2882, #444 ) ) ;
#2277 = CARTESIAN_POINT ( 'NONE',  ( -43.68982956800608264, 93.56204227928095918, 28.97692244694979635 ) ) ;
#2278 = CARTESIAN_POINT ( 'NONE',  ( 6.948253393360412034, 92.81729983879891677, -31.45179169987039103 ) ) ;
#2279 = CARTESIAN_POINT ( 'NONE',  ( -47.51774646988916828, 93.14976399140955721, 7.689942756653906919 ) ) ;
#2280 = CARTESIAN_POINT ( 'NONE',  ( 3.358713098752700521, 91.48057771410864802, 63.68214539436920063 ) ) ;
#2281 = CARTESIAN_POINT ( 'NONE',  ( 9.817256461193354156, 148.0853430868911005, 2.947939358299467738 ) ) ;
#2282 = FACE_OUTER_BOUND ( 'NONE', #1489, .T. ) ;
#2283 = CARTESIAN_POINT ( 'NONE',  ( -47.60462548313660847, 94.98414950917495503, 17.00151470153360478 ) ) ;
#2284 = CARTESIAN_POINT ( 'NONE',  ( 30.07167495756772624, 59.17771334041467668, -24.79401238586745393 ) ) ;
#2285 = CARTESIAN_POINT ( 'NONE',  ( 6.712478044957219225, 96.09474197592592759, -30.60647142555523814 ) ) ;
#2286 = CARTESIAN_POINT ( 'NONE',  ( -47.36652020714945621, 29.15699326910158717, 29.54949257258181206 ) ) ;
#2287 = CARTESIAN_POINT ( 'NONE',  ( 38.10973703391569956, 93.89759955346457332, 36.85105533792252430 ) ) ;
#2288 = CARTESIAN_POINT ( 'NONE',  ( 10.64190985011515345, 29.15699326910146993, 79.64467873558071176 ) ) ;
#2289 = ORIENTED_EDGE ( 'NONE', *, *, #1106, .F. ) ;
#2290 = CARTESIAN_POINT ( 'NONE',  ( -1.036156965228532068, 93.46256256223300340, 63.33843098627119161 ) ) ;
#2291 = CARTESIAN_POINT ( 'NONE',  ( 32.26641641330020605, 93.62600182029650853, -13.05446643886194735 ) ) ;
#2292 = AXIS2_PLACEMENT_3D ( 'NONE', #542, #1259, #811 ) ;
#2293 = CARTESIAN_POINT ( 'NONE',  ( 5.151552822558016054, 25.96178633132647917, -49.85388122152324542 ) ) ;
#2294 = CARTESIAN_POINT ( 'NONE',  ( 48.73825097316426991, 93.22487712515804503, 12.88665500458916213 ) ) ;
#2295 = CARTESIAN_POINT ( 'NONE',  ( -16.68672116485745605, 148.2920409208888373, 12.57147276670117364 ) ) ;
#2296 = CARTESIAN_POINT ( 'NONE',  ( -41.39983470891381501, 98.29718236610220572, 1.557343830752050629 ) ) ;
#2297 = CARTESIAN_POINT ( 'NONE',  ( -3.289804248602881120, 93.47444996025598130, 63.12982414907178708 ) ) ;
#2298 = CARTESIAN_POINT ( 'NONE',  ( 15.29393545714955316, 91.69976897321463127, -27.74477061454831173 ) ) ;
#2299 = CARTESIAN_POINT ( 'NONE',  ( 19.09558289375586781, 93.77765161681439565, -24.45781923846086769 ) ) ;
#2300 = CARTESIAN_POINT ( 'NONE',  ( 30.71886230095512715, 97.94407356635592521, -12.22682992909052402 ) ) ;
#2301 = CARTESIAN_POINT ( 'NONE',  ( 48.67898560539045150, 64.44427145530393375, 14.99999974403767133 ) ) ;
#2302 = FACE_OUTER_BOUND ( 'NONE', #858, .T. ) ;
#2303 = EDGE_LOOP ( 'NONE', ( #1026, #1232, #2758, #1620, #638 ) ) ;
#2304 = CARTESIAN_POINT ( 'NONE',  ( 1.057715366582426597, 91.46684307307677386, 63.89150633754760378 ) ) ;
#2305 = CARTESIAN_POINT ( 'NONE',  ( -18.69745785147870265, -6.775122874841970066, 87.38550834739329787 ) ) ;
#2306 = CARTESIAN_POINT ( 'NONE',  ( 10.95493642988162541, 92.89929546714166975, -29.74027476036237871 ) ) ;
#2307 = EDGE_CURVE ( 'NONE', #2457, #2336, #1253, .T. ) ;
#2308 = CARTESIAN_POINT ( 'NONE',  ( 23.62134935037664007, 91.99034962572105201, -21.70211819538835840 ) ) ;
#2309 = CARTESIAN_POINT ( 'NONE',  ( 27.24447119481653701, 93.42020887073050517, -17.94188497741387067 ) ) ;
#2310 = CARTESIAN_POINT ( 'NONE',  ( -7.226563275729147584, 122.7132739853770573, -14.92220835870921825 ) ) ;
#2311 = CARTESIAN_POINT ( 'NONE',  ( 36.15273581954502902, 98.11632176135412919, -5.960073624376930113 ) ) ;
#2312 = CARTESIAN_POINT ( 'NONE',  ( 15.16189618957786145, 94.87528826350954603, 57.61955963224074395 ) ) ;
#2313 = CARTESIAN_POINT ( 'NONE',  ( -6.096103069027110521, -6.775122874841893683, -58.36397314150198667 ) ) ;
#2314 = CARTESIAN_POINT ( 'NONE',  ( -41.24287712679844731, 98.24499382399048386, 28.25632527590775211 ) ) ;
#2315 = CARTESIAN_POINT ( 'NONE',  ( -7.226563275729147584, 122.7132739853770573, -14.92220835870921825 ) ) ;
#2316 = CARTESIAN_POINT ( 'NONE',  ( -48.08270432102013814, -6.775122874841938980, 33.67811562501500333 ) ) ;
#2317 = CARTESIAN_POINT ( 'NONE',  ( 48.67147343485048339, 62.63251311976421221, 16.07514496883604593 ) ) ;
#2318 = ORIENTED_EDGE ( 'NONE', *, *, #1825, .F. ) ;
#2319 = CARTESIAN_POINT ( 'NONE',  ( 48.34041348585286357, 93.81130125316367696, 15.00000000000000000 ) ) ;
#2320 = CARTESIAN_POINT ( 'NONE',  ( -28.09645145824127255, 92.18104440673477029, 48.92054466155467196 ) ) ;
#2321 = CARTESIAN_POINT ( 'NONE',  ( -37.97904073571741890, 93.88324300725425076, -6.650814616687058312 ) ) ;
#2322 = ORIENTED_EDGE ( 'NONE', *, *, #2145, .T. ) ;
#2323 = EDGE_CURVE ( 'NONE', #956, #651, #873, .T. ) ;
#2324 = CARTESIAN_POINT ( 'NONE',  ( 11.10539077587326418, 91.58353671221205161, -30.07329771585782296 ) ) ;
#2325 = CARTESIAN_POINT ( 'NONE',  ( 48.67898561401620583, 93.22487712515804503, 15.00000000000000000 ) ) ;
#2326 = CARTESIAN_POINT ( 'NONE',  ( 0.9606141223600594969, 97.35842970336256030, -31.51387663925495630 ) ) ;
#2327 = CARTESIAN_POINT ( 'NONE',  ( -6.995111973280655704, 94.70401015405494149, 61.49325532650944126 ) ) ;
#2328 = CARTESIAN_POINT ( 'NONE',  ( 11.10539077587326418, 91.58353671221205161, -30.07329771585782296 ) ) ;
#2329 = CARTESIAN_POINT ( 'NONE',  ( -44.89892825455559944, 98.42636851235081963, 8.708769714886987146 ) ) ;
#2330 = CARTESIAN_POINT ( 'NONE',  ( -6.969721373133642039, 148.0207500137670138, 0.5624027995071354535 ) ) ;
#2331 = CARTESIAN_POINT ( 'NONE',  ( 47.72393217730769521, 94.98414950917492661, 12.92956982972349955 ) ) ;
#2332 = VERTEX_POINT ( 'NONE', #2749 ) ;
#2333 = CARTESIAN_POINT ( 'NONE',  ( 38.38120041600905097, 93.28654551867360567, 36.95409087290496331 ) ) ;
#2334 = CARTESIAN_POINT ( 'NONE',  ( -21.39548390713926906, 26.06261882792416884, 75.69071885156739654 ) ) ;
#2335 = CARTESIAN_POINT ( 'NONE',  ( -15.08637722541156201, 93.00540745676163112, -27.42397561456717980 ) ) ;
#2336 = VERTEX_POINT ( 'NONE', #859 ) ;
#2337 = CARTESIAN_POINT ( 'NONE',  ( 47.85006589651627706, 93.16852208952045089, 8.350259686055846231 ) ) ;
#2338 = CARTESIAN_POINT ( 'NONE',  ( 48.06205040499227721, 94.39772538116930889, 12.91526487511134036 ) ) ;
#2339 = CARTESIAN_POINT ( 'NONE',  ( -4.591117716168958474, 122.6766712439398788, -16.06667121330665182 ) ) ;
#2340 = VECTOR ( 'NONE', #294, 1000.000000000000000 ) ;
#2341 = CARTESIAN_POINT ( 'NONE',  ( -1.021955749876997555, 94.64398961997255810, 62.65633375645735015 ) ) ;
#2342 = EDGE_CURVE ( 'NONE', #1160, #39, #903, .T. ) ;
#2343 = CARTESIAN_POINT ( 'NONE',  ( -22.14762660660967697, 58.96638195677365957, -32.43094529469455978 ) ) ;
#2344 = CARTESIAN_POINT ( 'NONE',  ( -46.93470715990871156, 96.14303905656679206, 16.97418625779324586 ) ) ;
#2345 = CARTESIAN_POINT ( 'NONE',  ( 8.419381296952707316, 148.0519699991102982, 1.702805204688546459 ) ) ;
#2346 = CARTESIAN_POINT ( 'NONE',  ( 85.00000000000000000, -6.775122874841904341, 28.23737352016560465 ) ) ;
#2347 = CARTESIAN_POINT ( 'NONE',  ( -48.16817689306819261, 53.58211531516425197, 21.44588994694187178 ) ) ;
#2348 = EDGE_LOOP ( 'NONE', ( #2363, #783, #486, #2191 ) ) ;
#2349 = CARTESIAN_POINT ( 'NONE',  ( 47.94363640319529196, 94.39772538116930889, 17.01534351584203364 ) ) ;
#2350 = CARTESIAN_POINT ( 'NONE',  ( -43.99863575796405968, 92.96391894555230806, 29.04996074866668465 ) ) ;
#2351 = CARTESIAN_POINT ( 'NONE',  ( -6.948253392375598914, 92.81729983879887413, -31.45179169941843966 ) ) ;
#2352 = ORIENTED_EDGE ( 'NONE', *, *, #2253, .T. ) ;
#2353 = B_SPLINE_SURFACE_WITH_KNOTS ( 'NONE', 3, 3, ( 
 ( #1162, #1591, #2073, #1824 ),
 ( #1799, #2528, #503, #15 ),
 ( #2028, #2513, #958, #2263 ),
 ( #473, #710, #1854, #2691 ),
 ( #2484, #43, #254, #1607 ),
 ( #2499, #917, #2291, #299 ),
 ( #1578, #1398, #2731, #1148 ),
 ( #1812, #2469, #2058, #2705 ),
 ( #1177, #2043, #488, #518 ),
 ( #945, #1637, #458, #2745 ),
 ( #1415, #285, #2306, #1350 ),
 ( #2249, #240, #2278, #694 ),
 ( #1381, #725, #1693, #121 ),
 ( #2556, #2101, #1205, #314 ),
 ( #1473, #532, #546, #2586 ),
 ( #1709, #2792, #2130, #2821 ),
 ( #578, #2807, #2351, #2366 ),
 ( #562, #341, #135, #1443 ),
 ( #90, #986, #2335, #355 ),
 ( #329, #1248, #782, #2116 ),
 ( #369, #815, #1883, #1220 ),
 ( #1235, #1263, #1459, #1014 ),
 ( #754, #107, #73, #2144 ),
 ( #1678, #2778, #2321, #1000 ),
 ( #1910, #769, #798, #1664 ),
 ( #1029, #1868, #1896, #1926 ),
 ( #2600, #2570, #592, #1488 ),
 ( #2380, #971, #2761, #1651 ),
 ( #2543, #1429, #1292, #1756 ),
 ( #2661, #150, #166, #400 ),
 ( #2851, #431, #2190, #2631 ),
 ( #1953, #2411, #1726, #650 ),
 ( #2176, #842, #1520, #886 ),
 ( #443, #1323, #1279, #181 ),
 ( #1307, #1073, #2881, #1550 ),
 ( #2646, #1103, #1060, #1783 ),
 ( #2162, #1968, #666, #1741 ),
 ( #196, #1090, #622, #606 ),
 ( #1046, #2866, #386, #857 ),
 ( #637, #1983, #211, #1535 ),
 ( #2426, #415, #2206, #871 ),
 ( #1940, #1770, #2442, #2220 ),
 ( #2837, #1997, #2896, #2677 ),
 ( #1564, #2456, #828, #2616 ),
 ( #1505, #2395, #708, #1575 ),
 ( #1393, #1809, #470, #914 ),
 ( #499, #2234, #2274, #12 ),
 ( #2701, #1364, #2010, #1145 ),
 ( #2727, #734, #941, #1117 ),
 ( #265, #1588, #2287, #1348 ),
 ( #2495, #2467, #1618, #2509 ),
 ( #237, #456, #690, #1603 ),
 ( #1158, #280, #2480, #2910 ),
 ( #2260, #1173, #1632, #54 ) ),
 .UNSPECIFIED., .T., .F., .F.,
 ( 4, 1, 1, 1, 1, 1, 1, 1, 1, 1, 1, 1, 2, 1, 1, 1, 1, 1, 1, 1, 1, 1, 1, 1, 2, 1, 1, 1, 1, 1, 1, 1, 1, 1, 1, 1, 2, 1, 1, 1, 1, 1, 1, 1, 1, 1, 1, 1, 4 ),
 ( 4, 4 ),
 ( 0.000000000000000000, 0.03177888931474737860, 0.06355777862949475721, 0.09533666794424214275, 0.1271155572589895144, 0.1430050019163632002, 0.1588944465737368861, 0.1747838912311105719, 0.1906733358884842855, 0.2065627805458579436, 0.2224522252032316294, 0.2383416698606053152, 0.2542311145179790288, 0.2701205591753526591, 0.2860100038327263450, 0.3018994484901000308, 0.3177888931474737166, 0.3336783378048474025, 0.3495677824622210883, 0.3654572271195947741, 0.3813466717769684600, 0.4131255610917158316, 0.4449044504064632033, 0.4766833397212105750, 0.5084622290359579466, 0.5391833397212106860, 0.5699044504064634253, 0.6006255610917159427, 0.6313466717769686820, 0.6467072271195950517, 0.6620677824622214214, 0.6774283378048476800, 0.6927888931474739387, 0.7081494484901004194, 0.7235100038327266780, 0.7388705591753531587, 0.7542311145179794174, 0.7695916698606057871, 0.7849522252032319347, 0.8003127805458581934, 0.8156733358884844520, 0.8310338912311109327, 0.8463944465737371914, 0.8617550019163633390, 0.8771155572589897087, 0.9078366679442422260, 0.9385577786294949654, 0.9692788893147475937, 1.000000000000000000 ),
 ( 0.5198152452040820659, 0.5303749424333118467 ),
 .UNSPECIFIED. ) ;
#2354 = CARTESIAN_POINT ( 'NONE',  ( 41.30708963337634998, 26.37036033969926407, -16.66053013598753907 ) ) ;
#2355 = CARTESIAN_POINT ( 'NONE',  ( 1.452218962913409212E-19, -6.775122874841904341, -58.64365844190224664 ) ) ;
#2356 = CARTESIAN_POINT ( 'NONE',  ( -0.6691567052210184441, 122.6472455106277124, -16.91337202544373852 ) ) ;
#2357 = CARTESIAN_POINT ( 'NONE',  ( 19.00974556830847106, 96.16570653571420735, 54.24734052449883137 ) ) ;
#2358 = CARTESIAN_POINT ( 'NONE',  ( -15.47722876265204128, 26.01109698750941490, -46.46590038866199279 ) ) ;
#2359 = CARTESIAN_POINT ( 'NONE',  ( -43.07233969595990430, 94.75828894673830405, 28.83084568509105594 ) ) ;
#2360 = EDGE_CURVE ( 'NONE', #1249, #432, #2397, .T. ) ;
#2361 = CARTESIAN_POINT ( 'NONE',  ( 11.58729570360703143, 148.1312759388905249, 4.708941611474098288 ) ) ;
#2362 = CARTESIAN_POINT ( 'NONE',  ( 46.38743870788913171, 97.30192860395854382, 12.98610859510114324 ) ) ;
#2363 = ORIENTED_EDGE ( 'NONE', *, *, #2342, .F. ) ;
#2364 = CARTESIAN_POINT ( 'NONE',  ( 19.97962489939598996, 91.87201498351737428, 55.87500202990258913 ) ) ;
#2365 = CARTESIAN_POINT ( 'NONE',  ( -38.40930552549035326, 26.28351763785363815, 56.14987039053991680 ) ) ;
#2366 = CARTESIAN_POINT ( 'NONE',  ( -6.900652327596883850, 93.47908932111606362, -31.28110246883479562 ) ) ;
#2367 = EDGE_LOOP ( 'NONE', ( #1001, #1245, #1074, #1648 ) ) ;
#2368 = CARTESIAN_POINT ( 'NONE',  ( -48.50674735451287489, 58.40338339156098613, 18.58482219406928948 ) ) ;
#2369 = CARTESIAN_POINT ( 'NONE',  ( 1.359457024805728942, 58.68930303155525507, -41.58829495238411056 ) ) ;
#2370 = CARTESIAN_POINT ( 'NONE',  ( -37.71557961680703386, 94.49420112649046644, -6.551120208711997073 ) ) ;
#2371 = CARTESIAN_POINT ( 'NONE',  ( -4.678885592825879236, 122.4516653803614759, 45.85766406248622218 ) ) ;
#2372 = CARTESIAN_POINT ( 'NONE',  ( 45.97262465570909029, 96.09619376167316318, 21.30846581045176080 ) ) ;
#2373 = CARTESIAN_POINT ( 'NONE',  ( -15.70610017827522142, 91.73810223345651593, 58.74488181183505020 ) ) ;
#2374 = CARTESIAN_POINT ( 'NONE',  ( -26.31225024917184641, 96.55526586759660290, -17.27939753990394678 ) ) ;
#2375 = CARTESIAN_POINT ( 'NONE',  ( -1.503111257801609479, 173.2248771251580024, 16.78967889041989281 ) ) ;
#2376 = PLANE ( 'NONE',  #1030 ) ;
#2377 = ORIENTED_EDGE ( 'NONE', *, *, #2485, .T. ) ;
#2378 = CARTESIAN_POINT ( 'NONE',  ( 43.38106421028346915, 94.16016561300953924, 28.90388407937297188 ) ) ;
#2379 = CARTESIAN_POINT ( 'NONE',  ( 48.67898561401620583, 26.55821045849139139, 14.99999999999999467 ) ) ;
#2380 = CARTESIAN_POINT ( 'NONE',  ( -48.62169293671245640, 93.22487712515807345, 17.04300108181447726 ) ) ;
#2381 = VERTEX_POINT ( 'NONE', #168 ) ;
#2382 = CARTESIAN_POINT ( 'NONE',  ( -0.9606141223599955481, 97.35842970336256030, -31.51387663925495630 ) ) ;
#2383 = CARTESIAN_POINT ( 'NONE',  ( 2.477300201347229169, 173.2248771251580592, 15.16027396729338150 ) ) ;
#2384 = CARTESIAN_POINT ( 'NONE',  ( -28.80298608791811787, 26.14670129201246240, -35.84664449368467842 ) ) ;
#2385 = CARTESIAN_POINT ( 'NONE',  ( 15.08637722695211103, 93.00540745676161691, -27.42397561631160485 ) ) ;
#2386 = CARTESIAN_POINT ( 'NONE',  ( -47.67942283863759201, 94.98414950917495503, 14.44867631913433037 ) ) ;
#2387 = CARTESIAN_POINT ( 'NONE',  ( -33.07901565260365828, 92.40079866324492741, 43.78206324226139401 ) ) ;
#2388 = CARTESIAN_POINT ( 'NONE',  ( -1.036156965228532068, 93.46256256223300340, 63.33843098627119161 ) ) ;
#2389 = AXIS2_PLACEMENT_3D ( 'NONE', #904, #1579, #1382 ) ;
#2390 = CARTESIAN_POINT ( 'NONE',  ( -1.739604566348001757, 173.2248771251580024, 16.59464172921944325 ) ) ;
#2391 = CARTESIAN_POINT ( 'NONE',  ( -10.58224347463913517, 96.15737322519314034, -28.91564431566691340 ) ) ;
#2392 = DIRECTION ( 'NONE',  ( 0.5000000000000048850, 0.8660254037844358210, 0.000000000000000000 ) ) ;
#2393 = CARTESIAN_POINT ( 'NONE',  ( 44.89892825553491207, 98.42636851235080542, 8.708769702665250634 ) ) ;
#2394 = CARTESIAN_POINT ( 'NONE',  ( 46.21565099183227687, 26.47122439862278043, 36.23621498110081518 ) ) ;
#2395 = CARTESIAN_POINT ( 'NONE',  ( 15.59671306045147965, 92.39118104669996967, 58.57274550624301668 ) ) ;
#2396 = ORIENTED_EDGE ( 'NONE', *, *, #226, .T. ) ;
#2397 = LINE ( 'NONE', #1758, #2717 ) ;
#2398 = EDGE_CURVE ( 'NONE', #770, #829, #1119, .T. ) ;
#2399 = CARTESIAN_POINT ( 'NONE',  ( -6.096103069027110521, -6.775122874841893683, -58.36397314150198667 ) ) ;
#2400 = CARTESIAN_POINT ( 'NONE',  ( -11.03016761969918491, 92.24141608967684647, -29.90678624312521450 ) ) ;
#2401 = CARTESIAN_POINT ( 'NONE',  ( -18.00628150540769923, 122.8066396029930445, 36.98339371426772715 ) ) ;
#2402 = CARTESIAN_POINT ( 'NONE',  ( -32.38254111276521741, 94.27090562779588367, 43.40507331310202233 ) ) ;
#2403 = CARTESIAN_POINT ( 'NONE',  ( -3.358713116226800466, 91.48057771410864802, 63.68214539448355538 ) ) ;
#2404 = CARTESIAN_POINT ( 'NONE',  ( 23.29067257505358413, 95.11683431530451571, 51.57632678685389749 ) ) ;
#2405 = CARTESIAN_POINT ( 'NONE',  ( -44.65574284576972985, 98.41538145085362999, 21.13276570928879039 ) ) ;
#2406 = APPLICATION_PROTOCOL_DEFINITION ( 'draft international standard', 'automotive_design', 1998, #88 ) ;
#2407 = CARTESIAN_POINT ( 'NONE',  ( 31.16044587255391107, 96.71245802261995550, -12.46289099975373205 ) ) ;
#2408 = CARTESIAN_POINT ( 'NONE',  ( -33.07901565260365828, 92.40079866324492741, 43.78206324226139401 ) ) ;
#2409 = CARTESIAN_POINT ( 'NONE',  ( 46.20559405131062647, 96.09889261805460592, 8.550069341229496800 ) ) ;
#2410 = CARTESIAN_POINT ( 'NONE',  ( 43.99863575442404340, 92.96391894555219437, 29.04996074432109765 ) ) ;
#2411 = CARTESIAN_POINT ( 'NONE',  ( -32.84682097326268035, 93.02416765142857003, 43.65639997974196262 ) ) ;
#2412 = B_SPLINE_CURVE_WITH_KNOTS ( 'NONE', 3,
 ( #1102, #455, #940, #1808, #1782, #2286 ),
 .UNSPECIFIED., .F., .F.,
 ( 4, 2, 4 ),
 ( 0.000000000000000000, 0.01857834295588656551, 0.03715668591177313101 ),
 .UNSPECIFIED. ) ;
#2413 = CARTESIAN_POINT ( 'NONE',  ( 48.67898561401620583, 93.22487712515804503, 15.00000000000000000 ) ) ;
#2414 = CARTESIAN_POINT ( 'NONE',  ( -27.31754535149208607, -6.775122874841887466, -47.45506221986270390 ) ) ;
#2415 = CARTESIAN_POINT ( 'NONE',  ( 1.021848913597943831, 91.42151598475378194, -33.06061320762504607 ) ) ;
#2416 = CARTESIAN_POINT ( 'NONE',  ( -0.9026482715343794316, 173.2248771251580592, 17.12283464460174898 ) ) ;
#2417 = B_SPLINE_CURVE_WITH_KNOTS ( 'NONE', 3,
 ( #2054, #653, #2445, #2000, #1410, #1554, #967, #2742 ),
 .UNSPECIFIED., .F., .F.,
 ( 4, 2, 2, 4 ),
 ( 1.636534854170084423E-17, 0.01834479557854926113, 0.02751719336782390210, 0.03668959115709853613 ),
 .UNSPECIFIED. ) ;
#2418 = CARTESIAN_POINT ( 'NONE',  ( 46.63123492940510317, 94.93659991708297241, 21.39631612333770150 ) ) ;
#2419 = CARTESIAN_POINT ( 'NONE',  ( -10.84563730591161246, 25.99566245289371835, 80.64839469026016161 ) ) ;
#2420 = CARTESIAN_POINT ( 'NONE',  ( -3.289804248602881120, 93.47444996025598130, 63.12982414907178708 ) ) ;
#2421 = CARTESIAN_POINT ( 'NONE',  ( -11.42984218055892676, 148.0763406314045483, 25.12920975833413451 ) ) ;
#2422 = CARTESIAN_POINT ( 'NONE',  ( 26.31225025118548544, 96.55526586759641816, -17.27939754448409815 ) ) ;
#2423 = CARTESIAN_POINT ( 'NONE',  ( -38.65270572357032108, 92.67549148388266644, 37.05712635582894166 ) ) ;
#2424 = CARTESIAN_POINT ( 'NONE',  ( -85.00000000000000000, -6.775122874841904341, -11.03157233584434849 ) ) ;
#2425 = CARTESIAN_POINT ( 'NONE',  ( 42.52274066081992032, 71.92401247986499868, -4.551198993079705879 ) ) ;
#2426 = CARTESIAN_POINT ( 'NONE',  ( 1.057715366582426597, 91.46684307307677386, 63.89150633754760378 ) ) ;
#2427 = EDGE_LOOP ( 'NONE', ( #839, #1998, #326, #1880 ) ) ;
#2428 = CARTESIAN_POINT ( 'NONE',  ( 45.77847688271223348, 31.90756499164706383, 35.79806381103595214 ) ) ;
#2429 = CARTESIAN_POINT ( 'NONE',  ( -18.73453639069792587, 43.17383360407134063, 71.91954160031225740 ) ) ;
#2430 = CARTESIAN_POINT ( 'NONE',  ( 7.043444448365502986, 91.49372087416455201, -31.79317014910121486 ) ) ;
#2431 = CARTESIAN_POINT ( 'NONE',  ( -8.372872656484275922, 147.9717415604691553, 28.12063014494036750 ) ) ;
#2432 = CARTESIAN_POINT ( 'NONE',  ( 44.65574284338737243, 98.41538145085354472, 21.13276568673824229 ) ) ;
#2433 = CARTESIAN_POINT ( 'NONE',  ( -37.19990261160833711, -6.775122874841948750, 69.91354635509073034 ) ) ;
#2434 = CARTESIAN_POINT ( 'NONE',  ( -14.72988474903211653, 97.23118744415477011, 56.40173342615356944 ) ) ;
#2435 = CARTESIAN_POINT ( 'NONE',  ( -11.58729570260079278, 148.1312759388907523, 4.708941613301619533 ) ) ;
#2436 = EDGE_CURVE ( 'NONE', #1893, #1690, #1395, .T. ) ;
#2437 = CARTESIAN_POINT ( 'NONE',  ( 25.94004556611493229, 97.80627501035748139, -17.01503976433525622 ) ) ;
#2438 = DIRECTION ( 'NONE',  ( 0.8660254037844358210, -0.5000000000000048850, 0.000000000000000000 ) ) ;
#2439 = CARTESIAN_POINT ( 'NONE',  ( -45.30242657017134889, -6.775122874841904341, -11.03157233584434849 ) ) ;
#2440 = VECTOR ( 'NONE', #28, 1000.000000000000000 ) ;
#2441 = CARTESIAN_POINT ( 'NONE',  ( 48.08270367081252772, -6.775122874841954967, 33.67812220915430999 ) ) ;
#2442 = CARTESIAN_POINT ( 'NONE',  ( 3.312773131161851126, 92.80982587820686547, 63.31393123154245473 ) ) ;
#2443 = ORIENTED_EDGE ( 'NONE', *, *, #1665, .T. ) ;
#2444 = CARTESIAN_POINT ( 'NONE',  ( -48.60932970201827885, 68.04072924701931413, 12.86576674778114970 ) ) ;
#2445 = CARTESIAN_POINT ( 'NONE',  ( -40.78604188617302384, 64.07056608299131994, -8.960868962486637557 ) ) ;
#2446 = DIRECTION ( 'NONE',  ( 0.000000000000000000, -0.4895953362162933087, 0.8719497730690999315 ) ) ;
#2447 = CARTESIAN_POINT ( 'NONE',  ( 34.09313402369292589, 26.21026621901692977, 62.91980366872766695 ) ) ;
#2448 = CARTESIAN_POINT ( 'NONE',  ( 45.97262465570909029, 96.09619376167316318, 21.30846581045176080 ) ) ;
#2449 = CARTESIAN_POINT ( 'NONE',  ( 0.6846802067063305630, 173.2248771251580592, 17.19570620129841387 ) ) ;
#2450 = CARTESIAN_POINT ( 'NONE',  ( 6.953091171554335759, 147.9305645506440214, 29.24405088870465974 ) ) ;
#2451 = CARTESIAN_POINT ( 'NONE',  ( 45.71912189304502760, 98.46081815135038084, 13.01437784408422615 ) ) ;
#2452 = CARTESIAN_POINT ( 'NONE',  ( 27.62072834077754990, 92.15413144804288947, -18.20942723509735117 ) ) ;
#2453 = CARTESIAN_POINT ( 'NONE',  ( -10.64190985011526180, 29.15699326910158717, 129.9999999999999716 ) ) ;
#2454 = ADVANCED_FACE ( 'NONE', ( #2869 ), #1785, .F. ) ;
#2455 = CARTESIAN_POINT ( 'NONE',  ( 41.39983471071785459, 98.29718236610220572, 1.557343822281989087 ) ) ;
#2456 = CARTESIAN_POINT ( 'NONE',  ( 11.33396235034321897, 92.28295017646139797, 60.87147962052171835 ) ) ;
#2457 = VERTEX_POINT ( 'NONE', #2444 ) ;
#2458 = CARTESIAN_POINT ( 'NONE',  ( 29.00421502863205703, 60.96143878237828062, 57.57638865863343369 ) ) ;
#2459 = LINE ( 'NONE', #241, #2908 ) ;
#2460 = CARTESIAN_POINT ( 'NONE',  ( -47.36652020714926437, -6.775122874841992271, 129.9999999999999716 ) ) ;
#2461 = CARTESIAN_POINT ( 'NONE',  ( 16.93127477533877823, 148.3035241338888568, 14.22922098428997728 ) ) ;
#2462 = CARTESIAN_POINT ( 'NONE',  ( 0.2317630597421262983, 173.2248771251580592, 17.28041220835990188 ) ) ;
#2463 = CARTESIAN_POINT ( 'NONE',  ( -23.13922837537715083, 93.91085633335680427, -21.27102721900197224 ) ) ;
#2464 = CARTESIAN_POINT ( 'NONE',  ( 48.67898525219249706, -6.775122874841945197, 14.99998926316560066 ) ) ;
#2465 = CARTESIAN_POINT ( 'NONE',  ( -1.001274068192453237, 93.41631468458460574, -32.54091084343294682 ) ) ;
#2466 = CARTESIAN_POINT ( 'NONE',  ( -3.191269656608285210, 93.42856339415172329, -32.31476242938415311 ) ) ;
#2467 = CARTESIAN_POINT ( 'NONE',  ( 43.68982956447935351, 93.56204227928085970, 28.97692244263570061 ) ) ;
#2468 = EDGE_LOOP ( 'NONE', ( #1954, #1365, #239, #351 ) ) ;
#2469 = CARTESIAN_POINT ( 'NONE',  ( 23.46066763912509501, 92.63051852826626487, -21.55842123712170633 ) ) ;
#2470 = EDGE_CURVE ( 'NONE', #1280, #224, #59, .T. ) ;
#2471 = CARTESIAN_POINT ( 'NONE',  ( 85.00000000000000000, 85.00933975391465935, 2.796145319757071590 ) ) ;
#2472 = LINE ( 'NONE', #2104, #465 ) ;
#2473 = CARTESIAN_POINT ( 'NONE',  ( 2.505098426332973194, 173.2248771251580592, 14.83420753472816322 ) ) ;
#2474 = CARTESIAN_POINT ( 'NONE',  ( 0.6881631277816128156, 122.4128548653537649, 46.62397193194600220 ) ) ;
#2475 = CARTESIAN_POINT ( 'NONE',  ( 0.6846802067063305630, 173.2248771251580592, 17.19570620129841387 ) ) ;
#2476 = CARTESIAN_POINT ( 'NONE',  ( -37.30205660632901754, 95.67458610763108595, 36.44509850233718140 ) ) ;
#2477 = CARTESIAN_POINT ( 'NONE',  ( -42.97435308984761804, 36.76444987160161304, 42.85057356121589578 ) ) ;
#2478 = CARTESIAN_POINT ( 'NONE',  ( 0.9877207529150299203, 94.73035302417726200, -32.19856610870694880 ) ) ;
#2479 = CARTESIAN_POINT ( 'NONE',  ( 31.26766379500405080, 123.3821711426196259, 14.99999999999999822 ) ) ;
#2480 = CARTESIAN_POINT ( 'NONE',  ( 47.94363640319529196, 94.39772538116930889, 17.01534351584203364 ) ) ;
#2481 = ORIENTED_EDGE ( 'NONE', *, *, #1228, .T. ) ;
#2482 = CARTESIAN_POINT ( 'NONE',  ( -46.85875174908783691, 94.93515467090649906, 8.470718913630845393 ) ) ;
#2483 = VECTOR ( 'NONE', #2008, 1000.000000000000000 ) ;
#2484 = CARTESIAN_POINT ( 'NONE',  ( 38.50583288456159181, 92.66132676878164887, -6.850203300767947923 ) ) ;
#2485 = EDGE_CURVE ( 'NONE', #1675, #1324, #548, .T. ) ;
#2486 = CARTESIAN_POINT ( 'NONE',  ( -27.62072833872238675, 92.15413144804307422, -18.20942723026922394 ) ) ;
#2487 = CARTESIAN_POINT ( 'NONE',  ( 35.70004196487703041, 59.34215815054933074, 49.96744487253212696 ) ) ;
#2488 = CARTESIAN_POINT ( 'NONE',  ( 12.65711492767017887, 122.8166229023758120, -11.49457849591296110 ) ) ;
#2489 = CARTESIAN_POINT ( 'NONE',  ( 15.47623199960416152, 122.7186059957803934, 39.32657757627941919 ) ) ;
#2490 = CARTESIAN_POINT ( 'NONE',  ( 18.73422450424751773, 97.34193940161580372, 53.67916545111032178 ) ) ;
#2491 = CARTESIAN_POINT ( 'NONE',  ( -46.63123493184647117, 94.93659991708305768, 21.39631614693526274 ) ) ;
#2492 = CARTESIAN_POINT ( 'NONE',  ( 47.93206435653240760, 59.85397376806638903, 6.374132363533123069 ) ) ;
#2493 = CARTESIAN_POINT ( 'NONE',  ( -10.73098603178297772, 94.85727403489980247, -29.24470377554536782 ) ) ;
#2494 = CARTESIAN_POINT ( 'NONE',  ( 10.64190985011514812, -6.775122874841930098, 129.9999999999999716 ) ) ;
#2495 = CARTESIAN_POINT ( 'NONE',  ( 43.99863575442404340, 92.96391894555219437, 29.04996074432109765 ) ) ;
#2496 = CARTESIAN_POINT ( 'NONE',  ( -12.32362662021570543, 32.06981215885621594, 78.30996953836941543 ) ) ;
#2497 = ORIENTED_EDGE ( 'NONE', *, *, #1966, .F. ) ;
#2498 = CARTESIAN_POINT ( 'NONE',  ( -47.94363640343822652, 94.39772538116935152, 17.01534350743186508 ) ) ;
#2499 = CARTESIAN_POINT ( 'NONE',  ( 32.71279470113376675, 92.37955159059339394, -13.29337122423701878 ) ) ;
#2500 = CARTESIAN_POINT ( 'NONE',  ( -11.10539077410706987, 91.58353671221203740, -30.07329771480543457 ) ) ;
#2501 = CARTESIAN_POINT ( 'NONE',  ( 27.21892558758134228, 59.08921184487876843, 60.12172594211734378 ) ) ;
#2502 = CARTESIAN_POINT ( 'NONE',  ( 85.00000000000000000, 53.58211531516425197, 21.44588994694187178 ) ) ;
#2503 = CARTESIAN_POINT ( 'NONE',  ( 48.67898560539045150, 64.44427145530393375, 14.99999974403767133 ) ) ;
#2504 = CARTESIAN_POINT ( 'NONE',  ( 0.2317630597421262983, 173.2248771251580592, 17.28041220835990188 ) ) ;
#2505 = CARTESIAN_POINT ( 'NONE',  ( -37.71557961680703386, 94.49420112649046644, -6.551120208711997073 ) ) ;
#2506 = CARTESIAN_POINT ( 'NONE',  ( 34.74889453756696156, -6.775122874841921217, -37.95333264425333653 ) ) ;
#2507 = CARTESIAN_POINT ( 'NONE',  ( 37.71557961891255673, 94.49420112649039538, -6.551120216951587416 ) ) ;
#2508 = CARTESIAN_POINT ( 'NONE',  ( 5.584822623684011944, -6.775122874841973619, 90.91753089164248536 ) ) ;
#2509 = CARTESIAN_POINT ( 'NONE',  ( 43.07233969246074423, 94.75828894673820457, 28.83084568083995336 ) ) ;
#2510 = CARTESIAN_POINT ( 'NONE',  ( 85.00000000000000000, 85.00933975391465935, 2.796145319757071590 ) ) ;
#2511 = ORIENTED_EDGE ( 'NONE', *, *, #608, .T. ) ;
#2512 = CARTESIAN_POINT ( 'NONE',  ( -7.143783792837843372, 92.86140135418891361, 62.34072939344684983 ) ) ;
#2513 = CARTESIAN_POINT ( 'NONE',  ( 47.51965775354248223, 93.75739961664913835, 8.390412718976564932 ) ) ;
#2514 = CARTESIAN_POINT ( 'NONE',  ( 7.043444448365502986, 91.49372087416455201, -31.79317014910121486 ) ) ;
#2515 = CARTESIAN_POINT ( 'NONE',  ( 47.72393217730769521, 94.98414950917492661, 12.92956982972349955 ) ) ;
#2516 = CARTESIAN_POINT ( 'NONE',  ( 3.061260934046883708, 97.36704211311247548, -31.28982398530903808 ) ) ;
#2517 = DIRECTION ( 'NONE',  ( -0.000000000000000000, -0.000000000000000000, -1.000000000000000000 ) ) ;
#2518 = CARTESIAN_POINT ( 'NONE',  ( -32.38254111276521741, 94.27090562779588367, 43.40507331310202233 ) ) ;
#2519 = CARTESIAN_POINT ( 'NONE',  ( 8.714428262893129329, 58.73743962449575662, -40.19551908024134690 ) ) ;
#2520 = CARTESIAN_POINT ( 'NONE',  ( 0.9606141223600594969, 97.35842970336256030, -31.51387663925495630 ) ) ;
#2521 = ADVANCED_FACE ( 'NONE', ( #2087 ), #930, .F. ) ;
#2522 = CARTESIAN_POINT ( 'NONE',  ( -0.3776992880820406739, 147.9360613178929498, -2.312867411632543391 ) ) ;
#2523 = CARTESIAN_POINT ( 'NONE',  ( 85.00000000000000000, 53.58211531516425197, -14.85008040409040220 ) ) ;
#2524 = DIRECTION ( 'NONE',  ( -1.000000000000000000, -0.000000000000000000, -0.000000000000000000 ) ) ;
#2525 = ORIENTED_EDGE ( 'NONE', *, *, #2398, .F. ) ;
#2526 = CARTESIAN_POINT ( 'NONE',  ( -38.10973703944354440, 93.89759955346463016, 36.85105534891339829 ) ) ;
#2527 = CARTESIAN_POINT ( 'NONE',  ( 1.765209495292142883, 25.97219910779759644, 82.04208983119009702 ) ) ;
#2528 = CARTESIAN_POINT ( 'NONE',  ( 48.40015667021684465, 93.81130125316367696, 12.90095993083113157 ) ) ;
#2529 = VECTOR ( 'NONE', #1326, 1000.000000000000000 ) ;
#2530 = CARTESIAN_POINT ( 'NONE',  ( 48.67898561401620583, 93.22487712515804503, 15.00000000000000000 ) ) ;
#2531 = CARTESIAN_POINT ( 'NONE',  ( 31.78128814566937876, -6.775122874841914111, -48.17838400525032228 ) ) ;
#2532 = CARTESIAN_POINT ( 'NONE',  ( -18.30976948812633509, 97.61249579098479501, -23.55269834607959467 ) ) ;
#2533 = CARTESIAN_POINT ( 'NONE',  ( 16.82908264493762118, 148.3035241338888568, 15.74512319234859525 ) ) ;
#2534 = CARTESIAN_POINT ( 'NONE',  ( 3.199029168513829013, 95.83695192713589961, 61.77158833183366227 ) ) ;
#2535 = CARTESIAN_POINT ( 'NONE',  ( -19.56100576788936607, 93.81324080391101461, 55.38369109017769887 ) ) ;
#2536 = CARTESIAN_POINT ( 'NONE',  ( 7.226563276909043765, 122.7132739853770715, -14.92220835936165990 ) ) ;
#2537 = CARTESIAN_POINT ( 'NONE',  ( -10.64190985012933055, 5.207808415673793156, 86.54176548100521416 ) ) ;
#2538 = CARTESIAN_POINT ( 'NONE',  ( -48.49681654182924717, -6.775122874841932763, 28.23736965130479248 ) ) ;
#2539 = ORIENTED_EDGE ( 'NONE', *, *, #785, .F. ) ;
#2540 = CARTESIAN_POINT ( 'NONE',  ( 47.63126548218860279, 93.16993856103049154, 21.51460390208470841 ) ) ;
#2541 = ADVANCED_FACE ( 'NONE', ( #1840 ), #2353, .T. ) ;
#2542 = CARTESIAN_POINT ( 'NONE',  ( -47.47177638664423682, -6.775122874841948750, 39.82132429471825930 ) ) ;
#2543 = CARTESIAN_POINT ( 'NONE',  ( -47.63126548465808696, 93.16993856103057681, 21.51460392621208229 ) ) ;
#2544 = CARTESIAN_POINT ( 'NONE',  ( 48.53672262520770175, -6.775122874841942533, 10.77845750106885703 ) ) ;
#2545 = CARTESIAN_POINT ( 'NONE',  ( 47.51965775354248223, 93.75739961664913835, 8.390412718976564932 ) ) ;
#2546 = CARTESIAN_POINT ( 'NONE',  ( -8.419381296129822445, 148.0519699991104119, 1.702805205795337340 ) ) ;
#2547 = CARTESIAN_POINT ( 'NONE',  ( 10.86288399583662390, 95.95807204608580321, 59.23143380989477436 ) ) ;
#2548 = CARTESIAN_POINT ( 'NONE',  ( -10.37648787356150493, 25.98115837482690438, -48.59756903189396127 ) ) ;
#2549 = CARTESIAN_POINT ( 'NONE',  ( -41.85253849433375706, 97.08275886490643813, 28.44783177468042723 ) ) ;
#2550 = CARTESIAN_POINT ( 'NONE',  ( -12.65711492631263901, 122.8166229023759399, -11.49457849423306577 ) ) ;
#2551 = DIRECTION ( 'NONE',  ( 0.000000000000000000, 0.000000000000000000, -1.000000000000000000 ) ) ;
#2552 = DIRECTION ( 'NONE',  ( -1.000000000000000000, -3.138056926199100246E-15, 0.000000000000000000 ) ) ;
#2553 = VERTEX_POINT ( 'NONE', #2246 ) ;
#2554 = CARTESIAN_POINT ( 'NONE',  ( 85.00000000000000000, 53.58211531516425197, 21.44588994694187178 ) ) ;
#2555 = CARTESIAN_POINT ( 'NONE',  ( -41.20639209001349457, -6.775122874841962961, 62.32661007387737584 ) ) ;
#2556 = CARTESIAN_POINT ( 'NONE',  ( 1.021848913597943831, 91.42151598475378194, -33.06061320762504607 ) ) ;
#2557 = ORIENTED_EDGE ( 'NONE', *, *, #319, .F. ) ;
#2558 = EDGE_CURVE ( 'NONE', #1460, #843, #484, .T. ) ;
#2559 = CARTESIAN_POINT ( 'NONE',  ( -5.584825182158961177, -6.775122874841970066, 90.91753070392945801 ) ) ;
#2560 = CARTESIAN_POINT ( 'NONE',  ( 32.26641641330020605, 93.62600182029650853, -13.05446643886194735 ) ) ;
#2561 = CARTESIAN_POINT ( 'NONE',  ( -44.89892825455559944, 98.42636851235081963, 8.708769714886987146 ) ) ;
#2562 = CARTESIAN_POINT ( 'NONE',  ( -19.56100576788936607, 93.81324080391101461, 55.38369109017769887 ) ) ;
#2563 = CARTESIAN_POINT ( 'NONE',  ( -7.043444447368319317, 91.49372087416450938, -31.79317014864247426 ) ) ;
#2564 = CARTESIAN_POINT ( 'NONE',  ( -15.37797760840519423, 93.69733867318696241, 58.22847284984550242 ) ) ;
#2565 = CARTESIAN_POINT ( 'NONE',  ( 2.557205039490498599, 147.9507741845490898, -1.864404797984355211 ) ) ;
#2566 = CARTESIAN_POINT ( 'NONE',  ( 48.30550747389685284, 55.39153395610181718, 20.37213315868586960 ) ) ;
#2567 = EDGE_LOOP ( 'NONE', ( #1727, #2289 ) ) ;
#2568 = CARTESIAN_POINT ( 'NONE',  ( 3.289804231512400978, 93.47444996025598130, 63.12982414895991212 ) ) ;
#2569 = CARTESIAN_POINT ( 'NONE',  ( -7.243708798194428589, 91.53723310836518579, 62.70524060984886461 ) ) ;
#2570 = CARTESIAN_POINT ( 'NONE',  ( -48.40015666996737309, 93.81130125316369117, 12.90095993959572596 ) ) ;
#2571 = ORIENTED_EDGE ( 'NONE', *, *, #533, .T. ) ;
#2572 = LINE ( 'NONE', #1638, #845 ) ;
#2573 = CARTESIAN_POINT ( 'NONE',  ( 19.22806260453005578, 93.13081253540336490, -24.61048979132349857 ) ) ;
#2574 = CARTESIAN_POINT ( 'NONE',  ( -16.93127477515374224, 148.3035241338886863, 14.22922098703472926 ) ) ;
#2575 = VECTOR ( 'NONE', #696, 1000.000000000000000 ) ;
#2576 = EDGE_CURVE ( 'NONE', #104, #2690, #2069, .T. ) ;
#2577 = CARTESIAN_POINT ( 'NONE',  ( 27.50564696326523517, 94.08070725942815216, 48.49386412518586553 ) ) ;
#2578 = CARTESIAN_POINT ( 'NONE',  ( 1.021848913597943831, 91.42151598475378194, -33.06061320762504607 ) ) ;
#2579 = CARTESIAN_POINT ( 'NONE',  ( -43.19717799970960215, 94.75142402739982117, 1.128194936768156742 ) ) ;
#2580 = CARTESIAN_POINT ( 'NONE',  ( 1.194523821739749136, 147.9389321211429262, -2.232024697794128265 ) ) ;
#2581 = CARTESIAN_POINT ( 'NONE',  ( 45.30242929387004125, -6.775122874841904341, -11.03157233584434849 ) ) ;
#2582 = CARTESIAN_POINT ( 'NONE',  ( 85.00000000000000000, -6.775122874841904341, -11.03157233584434849 ) ) ;
#2583 = ORIENTED_EDGE ( 'NONE', *, *, #2470, .F. ) ;
#2584 = CARTESIAN_POINT ( 'NONE',  ( 7.093826636398479657, 93.52348547710079174, 62.15847377906057147 ) ) ;
#2585 = CARTESIAN_POINT ( 'NONE',  ( -48.62169293671245640, 93.22487712515807345, 17.04300108181447726 ) ) ;
#2586 = CARTESIAN_POINT ( 'NONE',  ( -1.001274068192453237, 93.41631468458460574, -32.54091084343294682 ) ) ;
#2587 = ORIENTED_EDGE ( 'NONE', *, *, #1210, .F. ) ;
#2588 = CARTESIAN_POINT ( 'NONE',  ( 3.061260934046883708, 97.36704211311247548, -31.28982398530903808 ) ) ;
#2589 = CARTESIAN_POINT ( 'NONE',  ( -41.30708963200860495, 26.37036033969930671, -16.66053012146299039 ) ) ;
#2590 = CARTESIAN_POINT ( 'NONE',  ( -37.97904073571741890, 93.88324300725425076, -6.650814616687058312 ) ) ;
#2591 = CARTESIAN_POINT ( 'NONE',  ( -12.82686650188413147, 122.6362519761298842, 41.46105784146315187 ) ) ;
#2592 = CARTESIAN_POINT ( 'NONE',  ( 22.95713306220075012, 96.29115237319803100, 51.05514842879128423 ) ) ;
#2593 = CARTESIAN_POINT ( 'NONE',  ( -13.82248574530005314, 58.82482000501495634, 69.82921186579116579 ) ) ;
#2594 = CARTESIAN_POINT ( 'NONE',  ( -30.71886229886086639, 97.94407356635615258, -12.22682992355637488 ) ) ;
#2595 = CARTESIAN_POINT ( 'NONE',  ( -21.18555866964640444, 122.9278041376512789, 33.67012821188458105 ) ) ;
#2596 = CARTESIAN_POINT ( 'NONE',  ( -47.36652020714945621, 29.15699326910158717, 29.54949257258181206 ) ) ;
#2597 = ORIENTED_EDGE ( 'NONE', *, *, #1321, .F. ) ;
#2598 = CARTESIAN_POINT ( 'NONE',  ( 43.68982956447935351, 93.56204227928085970, 28.97692244263570061 ) ) ;
#2599 = CARTESIAN_POINT ( 'NONE',  ( 23.03142050458105317, 58.98963569739758128, 63.93652802721113915 ) ) ;
#2600 = CARTESIAN_POINT ( 'NONE',  ( -48.73825097291668840, 93.22487712515807345, 12.88665501341858999 ) ) ;
#2601 = ORIENTED_EDGE ( 'NONE', *, *, #1353, .T. ) ;
#2602 = CARTESIAN_POINT ( 'NONE',  ( 2.419197260367722535, 173.2248771251580592, 15.47472876212168025 ) ) ;
#2603 = CARTESIAN_POINT ( 'NONE',  ( -24.75574753553373952, 26.09562954096587717, -39.94450052667330198 ) ) ;
#2604 = CARTESIAN_POINT ( 'NONE',  ( -23.62134934846716661, 91.99034962572119412, -21.70211819179634105 ) ) ;
#2605 = CARTESIAN_POINT ( 'NONE',  ( -1.739604566348001757, 173.2248771251580024, 16.59464172921944325 ) ) ;
#2606 = CARTESIAN_POINT ( 'NONE',  ( 41.24287712338487921, 98.24499382399038439, 28.25632527184334819 ) ) ;
#2607 = CARTESIAN_POINT ( 'NONE',  ( -31.05853685469924130, 59.19565531287585003, 55.92138881508353876 ) ) ;
#2608 = CARTESIAN_POINT ( 'NONE',  ( -10.86288400686442479, 95.95807204608580321, 59.23143381095419358 ) ) ;
#2609 = CARTESIAN_POINT ( 'NONE',  ( -15.32539529929938560, 122.8790628730627645, -9.357403296753622257 ) ) ;
#2610 = CARTESIAN_POINT ( 'NONE',  ( 32.04317063490033490, 94.24922693514805871, -12.93501398509759248 ) ) ;
#2611 = PRESENTATION_STYLE_ASSIGNMENT (( #366 ) ) ;
#2612 = CARTESIAN_POINT ( 'NONE',  ( 85.00000000000000000, 85.00933975391465935, 2.796145319757071590 ) ) ;
#2613 = B_SPLINE_SURFACE_WITH_KNOTS ( 'NONE', 3, 3, ( 
 ( #2464, #1361, #2257, #220 ),
 ( #923, #1389, #9, #2066 ),
 ( #2007, #2906, #2492, #897 ),
 ( #481, #910, #1155, #248 ),
 ( #51, #1142, #2050, #1374 ),
 ( #1818, #938, #2724, #1615 ),
 ( #2506, #496, #2284, #2452 ),
 ( #1333, #2231, #1113, #1794 ),
 ( #1435, #2784, #2752, #991 ),
 ( #2108, #1670, #524, #2298 ),
 ( #1629, #1226, #1006, #2328 ),
 ( #760, #2094, #2519, #1902 ),
 ( #1917, #1211, #509, #1465 ),
 ( #1421, #1888, #80, #2578 ),
 ( #1405, #1021, #977, #127 ),
 ( #2313, #98, #775, #291 ),
 ( #790, #2548, #2799, #2563 ),
 ( #1656, #2358, #553, #1450 ),
 ( #2122, #1684, #2079, #2136 ),
 ( #66, #113, #2343, #1643 ),
 ( #1875, #347, #1860, #2813 ),
 ( #570, #539, #744, #321 ),
 ( #964, #1241, #305, #1198 ),
 ( #2769, #584, #1934, #850 ),
 ( #1066, #822, #204, #1959 ),
 ( #1097, #1038, #143, #1749 ),
 ( #2639, #630, #1543, #807 ),
 ( #1763, #1083, #189, #1976 ),
 ( #615, #2654, #1256, #1718 ),
 ( #393, #1480, #2153, #2874 ),
 ( #863, #2183, #2830, #2843 ),
 ( #1496, #644, #2213, #2387 ),
 ( #2433, #407, #2607, #173 ),
 ( #1528, #424, #1272, #834 ),
 ( #1732, #1315, #1701, #1989 ),
 ( #599, #2624, #1513, #2373 ),
 ( #379, #2197, #2593, #1299 ),
 ( #2169, #2419, #1946, #2858 ),
 ( #362, #158, #1053, #2403 ),
 ( #1285, #919, #1609, #1814 ),
 ( #713, #2889, #256, #932 ),
 ( #2003, #449, #1150, #2280 ),
 ( #29, #228, #2707, #2251 ),
 ( #2693, #461, #243, #1828 ),
 ( #2902, #1109, #216, #1341 ),
 ( #436, #2239, #1595, #683 ),
 ( #2265, #272, #2501, #893 ),
 ( #1164, #2447, #1136, #1801 ),
 ( #2045, #697, #2487, #2668 ),
 ( #2031, #1789, #2720, #879 ),
 ( #1123, #1775, #490, #475 ),
 ( #2226, #1356, #656, #905 ),
 ( #1556, #1383, #3, #1580 ),
 ( #1328, #17, #1369, #2682 ) ),
 .UNSPECIFIED., .T., .F., .F.,
 ( 4, 1, 1, 1, 1, 1, 1, 1, 1, 1, 1, 1, 2, 1, 1, 1, 1, 1, 1, 1, 1, 1, 1, 1, 2, 1, 1, 1, 1, 1, 1, 1, 1, 1, 1, 1, 2, 1, 1, 1, 1, 1, 1, 1, 1, 1, 1, 1, 4 ),
 ( 4, 4 ),
 ( 0.000000000000000000, 0.03177888931474737860, 0.06355777862949475721, 0.09533666794424214275, 0.1271155572589895144, 0.1430050019163632002, 0.1588944465737368861, 0.1747838912311105719, 0.1906733358884842855, 0.2065627805458579436, 0.2224522252032316294, 0.2383416698606053152, 0.2542311145179790288, 0.2701205591753526591, 0.2860100038327263450, 0.3018994484901000308, 0.3177888931474737166, 0.3336783378048474025, 0.3495677824622210883, 0.3654572271195947741, 0.3813466717769684600, 0.4131255610917158316, 0.4449044504064632033, 0.4766833397212105750, 0.5084622290359579466, 0.5391833397212106860, 0.5699044504064634253, 0.6006255610917159427, 0.6313466717769686820, 0.6467072271195950517, 0.6620677824622214214, 0.6774283378048476800, 0.6927888931474739387, 0.7081494484901004194, 0.7235100038327266780, 0.7388705591753531587, 0.7542311145179794174, 0.7695916698606057871, 0.7849522252032319347, 0.8003127805458581934, 0.8156733358884844520, 0.8310338912311109327, 0.8463944465737371914, 0.8617550019163633390, 0.8771155572589897087, 0.9078366679442422260, 0.9385577786294949654, 0.9692788893147475937, 1.000000000000000000 ),
 ( 0.000000000000000000, 0.5198152452040820659 ),
 .UNSPECIFIED. ) ;
#2614 = EDGE_CURVE ( 'NONE', #1396, #39, #37, .T. ) ;
#2615 = CARTESIAN_POINT ( 'NONE',  ( 13.82248572967046840, 58.82482000501494923, 69.82921186427563498 ) ) ;
#2616 = CARTESIAN_POINT ( 'NONE',  ( 11.17564965538755573, 93.59926763949731310, 60.51478023121757843 ) ) ;
#2617 = ORIENTED_EDGE ( 'NONE', *, *, #1092, .F. ) ;
#2618 = CARTESIAN_POINT ( 'NONE',  ( -31.00713634489876469, 97.77926764389782477, 42.21320524242452876 ) ) ;
#2619 = CARTESIAN_POINT ( 'NONE',  ( -22.75779235930477284, -6.775122874841911447, -51.42725565446752256 ) ) ;
#2620 = CARTESIAN_POINT ( 'NONE',  ( 10.87969720103049553, 93.55717484460647881, -29.57376326961314916 ) ) ;
#2621 = B_SPLINE_CURVE_WITH_KNOTS ( 'NONE', 3,
 ( #1187, #640, #55, #2083, #955, #2429, #419, #1311, #2496, #2209 ),
 .UNSPECIFIED., .F., .F.,
 ( 4, 2, 2, 2, 4 ),
 ( 1.040834085586084257E-17, 0.01071128619801641271, 0.02142257239603281502, 0.03213385859404921385, 0.04284514479206562310 ),
 .UNSPECIFIED. ) ;
#2622 = CARTESIAN_POINT ( 'NONE',  ( 15.37797759999655511, 93.69733867318693399, 58.22847284823354386 ) ) ;
#2623 = VECTOR ( 'NONE', #1377, 1000.000000000000000 ) ;
#2624 = CARTESIAN_POINT ( 'NONE',  ( -21.39548390713926906, 26.06261882792416884, 75.69071885156739654 ) ) ;
#2625 = CARTESIAN_POINT ( 'NONE',  ( -1.021955749876997555, 94.64398961997255810, 62.65633375645735015 ) ) ;
#2626 = CARTESIAN_POINT ( 'NONE',  ( -2.505098426332944328, 173.2248771251580592, 14.83420753472816322 ) ) ;
#2627 = CARTESIAN_POINT ( 'NONE',  ( 37.19480104495809769, 95.70157467144498753, -6.354104435076588508 ) ) ;
#2628 = ORIENTED_EDGE ( 'NONE', *, *, #494, .F. ) ;
#2629 = DIRECTION ( 'NONE',  ( -0.000000000000000000, 0.8719497730690998205, 0.4895953362162933087 ) ) ;
#2630 = CARTESIAN_POINT ( 'NONE',  ( 24.13097028765624685, 92.02137920473913368, 52.55845643115754484 ) ) ;
#2631 = CARTESIAN_POINT ( 'NONE',  ( -37.83831557784640864, 94.50865358825559781, 36.74801977764290939 ) ) ;
#2632 = EDGE_CURVE ( 'NONE', #224, #1061, #1498, .T. ) ;
#2633 = ORIENTED_EDGE ( 'NONE', *, *, #2667, .F. ) ;
#2634 = CARTESIAN_POINT ( 'NONE',  ( 18.73422450424751773, 97.34193940161580372, 53.67916545111032178 ) ) ;
#2635 = CARTESIAN_POINT ( 'NONE',  ( -12.02966514366543116, -6.775122874841914999, -56.99904493568756436 ) ) ;
#2636 = CARTESIAN_POINT ( 'NONE',  ( -43.80317377042154448, 93.55526847971945870, 0.9834220771073350909 ) ) ;
#2637 = CARTESIAN_POINT ( 'NONE',  ( -22.62368900398071503, 97.46547043109154629, 50.53397029643908667 ) ) ;
#2638 = CARTESIAN_POINT ( 'NONE',  ( 27.50564696326523517, 94.08070725942815216, 48.49386412518586553 ) ) ;
#2639 = CARTESIAN_POINT ( 'NONE',  ( -48.53672262501399359, -6.775122874841925658, 10.77845749532028563 ) ) ;
#2640 = CARTESIAN_POINT ( 'NONE',  ( 3.244415288626637750, 94.65570094369594756, 62.45070623890578076 ) ) ;
#2641 = CARTESIAN_POINT ( 'NONE',  ( -2.247871226044716675, 173.2248771251581729, 15.91494427472909123 ) ) ;
#2642 = CARTESIAN_POINT ( 'NONE',  ( -3.061260931932646479, 97.36704211311246127, -31.28982398522139263 ) ) ;
#2643 = CARTESIAN_POINT ( 'NONE',  ( 19.97962489939598996, 91.87201498351737428, 55.87500202990258913 ) ) ;
#2644 = CARTESIAN_POINT ( 'NONE',  ( 85.00000000000000000, -6.775122874841904341, 28.23737352016560465 ) ) ;
#2645 = CARTESIAN_POINT ( 'NONE',  ( 43.10885528770482722, 74.54056248839182786, -3.082019550963008392 ) ) ;
#2646 = CARTESIAN_POINT ( 'NONE',  ( -15.70610017827522142, 91.73810223345651593, 58.74488181183505020 ) ) ;
#2647 = ORIENTED_EDGE ( 'NONE', *, *, #2576, .F. ) ;
#2648 = CARTESIAN_POINT ( 'NONE',  ( 48.00184135768951421, 94.39772538116930889, 15.00000000000000000 ) ) ;
#2649 = PLANE ( 'NONE',  #1452 ) ;
#2650 = CARTESIAN_POINT ( 'NONE',  ( 1.014990631796134135, 92.08644888469740408, -32.88737908622768202 ) ) ;
#2651 = CARTESIAN_POINT ( 'NONE',  ( -13.33501178856451475, 148.1520684655659750, 22.81440070103764839 ) ) ;
#2652 = EDGE_CURVE ( 'NONE', #417, #2332, #900, .T. ) ;
#2653 = CARTESIAN_POINT ( 'NONE',  ( 46.93470715966084583, 96.14303905656674942, 16.97418626601688629 ) ) ;
#2654 = CARTESIAN_POINT ( 'NONE',  ( -48.30234221897359959, 26.53989760378222940, 25.39328658949306217 ) ) ;
#2655 = CARTESIAN_POINT ( 'NONE',  ( -6.896411240872386550, 95.88453483100909125, 60.82803688826953703 ) ) ;
#2656 = CARTESIAN_POINT ( 'NONE',  ( -44.89892825455559944, 98.42636851235081963, 8.708769714886987146 ) ) ;
#2657 = CARTESIAN_POINT ( 'NONE',  ( 22.50370372422352361, 96.44105594246211410, -20.70308011982934815 ) ) ;
#2658 =( NAMED_UNIT ( * ) PLANE_ANGLE_UNIT ( ) SI_UNIT ( $, .RADIAN. ) );
#2659 = LINE ( 'NONE', #2453, #1120 ) ;
#2660 = CARTESIAN_POINT ( 'NONE',  ( 48.49681384617937852, -6.775122874841904341, 28.23737352016560465 ) ) ;
#2661 = CARTESIAN_POINT ( 'NONE',  ( -43.99863575796405968, 92.96391894555230806, 29.04996074866668465 ) ) ;
#2662 = ORIENTED_EDGE ( 'NONE', *, *, #2884, .T. ) ;
#2663 = B_SPLINE_SURFACE_WITH_KNOTS ( 'NONE', 3, 3, ( 
 ( #2325, #2119, #1639, #960 ),
 ( #2294, #520, #2338, #2515 ),
 ( #1667, #2545, #536, #332 ),
 ( #2796, #1856, #301, #947 ),
 ( #1843, #317, #988, #2747 ),
 ( #1417, #1624, #2560, #1223 ),
 ( #740, #1400, #2309, #1885 ),
 ( #110, #1003, #1899, #787 ),
 ( #505, #1681, #2573, #566 ),
 ( #1462, #1269, #2385, #404 ),
 ( #1730, #2194, #139, #2620 ),
 ( #2430, #375, #832, #2166 ),
 ( #2133, #2150, #154, #1510 ),
 ( #2415, #2650, #2826, #641 ),
 ( #847, #359, #612, #1477 ),
 ( #1296, #1715, #1050, #819 ),
 ( #185, #123, #1079, #1944 ),
 ( #2841, #2400, #1914, #390 ),
 ( #1973, #1035, #1930, #803 ),
 ( #1283, #1697, #581, #2180 ),
 ( #2604, #170, #2871, #1539 ),
 ( #1064, #1957, #860, #1238 ),
 ( #1760, #1524, #627, #1018 ),
 ( #2855, #2809, #2590, #2370 ),
 ( #1746, #2636, #1254, #597 ),
 ( #1493, #515, #26, #2482 ),
 ( #692, #928, #1853, #916 ),
 ( #2072, #268, #2498, #2744 ),
 ( #1189, #1590, #1606, #751 ),
 ( #2730, #2277, #1635, #737 ),
 ( #283, #200, #2526, #724 ),
 ( #1649, #487, #1823, #1312 ),
 ( #1176, #420, #41, #2210 ),
 ( #1133, #253, #1621, #2716 ),
 ( #1161, #2027, #2759, #709 ),
 ( #1366, #2262, #944, #57 ),
 ( #14, #1380, #1839, #2056 ),
 ( #1811, #1147, #2512, #502 ),
 ( #1412, #1866, #2042, #2703 ),
 ( #957, #472, #1397, #2290 ),
 ( #2304, #297, #2085, #71 ),
 ( #969, #1662, #826, #2568 ),
 ( #2835, #352, #1924, #2584 ),
 ( #1485, #544, #1261, #1676 ),
 ( #2819, #2159, #1471, #576 ),
 ( #2364, #590, #1894, #1203 ),
 ( #105, #813, #1938, #1246 ),
 ( #2142, #559, #1441, #148 ),
 ( #133, #1027, #796, #997 ),
 ( #1707, #2333, #367, #780 ),
 ( #1691, #2598, #2378, #2790 ),
 ( #2540, #1044, #2775, #1457 ),
 ( #2099, #1908, #2349, #530 ),
 ( #1427, #2319, #312, #86 ) ),
 .UNSPECIFIED., .T., .F., .F.,
 ( 4, 1, 1, 1, 1, 1, 1, 1, 1, 1, 1, 1, 2, 1, 1, 1, 1, 1, 1, 1, 1, 1, 1, 1, 2, 1, 1, 1, 1, 1, 1, 1, 1, 1, 1, 1, 2, 1, 1, 1, 1, 1, 1, 1, 1, 1, 1, 1, 4 ),
 ( 4, 4 ),
 ( 0.000000000000000000, 0.03177888931474737860, 0.06355777862949475721, 0.09533666794424214275, 0.1271155572589895144, 0.1430050019163632002, 0.1588944465737368861, 0.1747838912311105719, 0.1906733358884842855, 0.2065627805458579436, 0.2224522252032316294, 0.2383416698606053152, 0.2542311145179790288, 0.2701205591753526591, 0.2860100038327263450, 0.3018994484901000308, 0.3177888931474737166, 0.3336783378048474025, 0.3495677824622210883, 0.3654572271195947741, 0.3813466717769684600, 0.4131255610917158316, 0.4449044504064632033, 0.4766833397212105750, 0.5084622290359579466, 0.5391833397212106860, 0.5699044504064634253, 0.6006255610917159427, 0.6313466717769686820, 0.6467072271195950517, 0.6620677824622214214, 0.6774283378048476800, 0.6927888931474739387, 0.7081494484901004194, 0.7235100038327266780, 0.7388705591753531587, 0.7542311145179794174, 0.7695916698606057871, 0.7849522252032319347, 0.8003127805458581934, 0.8156733358884844520, 0.8310338912311109327, 0.8463944465737371914, 0.8617550019163633390, 0.8771155572589897087, 0.9078366679442422260, 0.9385577786294949654, 0.9692788893147475937, 1.000000000000000000 ),
 ( 0.5198152452040820659, 0.5303749424333118467 ),
 .UNSPECIFIED. ) ;
#2664 = CARTESIAN_POINT ( 'NONE',  ( -10.70654669476130572, 97.13747424938004826, 58.58976068712014040 ) ) ;
#2665 = LINE ( 'NONE', #1986, #1919 ) ;
#2666 = CARTESIAN_POINT ( 'NONE',  ( -85.00000000000000000, 53.58211531516425197, -14.85008040409040220 ) ) ;
#2667 = EDGE_CURVE ( 'NONE', #2041, #104, #2040, .T. ) ;
#2668 = CARTESIAN_POINT ( 'NONE',  ( 33.07901564594847343, 92.40079866324494162, 43.78206323778242393 ) ) ;
#2669 = CARTESIAN_POINT ( 'NONE',  ( 41.85253849089092881, 97.08275886490631024, 28.44783177055378687 ) ) ;
#2670 = CARTESIAN_POINT ( 'NONE',  ( 7.351931696998527777, 122.4999418746393616, 44.79098558408832531 ) ) ;
#2671 = CARTESIAN_POINT ( 'NONE',  ( 41.24287712338487921, 98.24499382399038439, 28.25632527184334819 ) ) ;
#2672 = CARTESIAN_POINT ( 'NONE',  ( 27.05629608062715263, 94.05324758207430591, -17.80811379838028685 ) ) ;
#2673 =( NAMED_UNIT ( * ) SI_UNIT ( $, .STERADIAN. ) SOLID_ANGLE_UNIT ( ) );
#2674 = CARTESIAN_POINT ( 'NONE',  ( 29.00421502863205703, 60.96143878237828062, 57.57638865863343369 ) ) ;
#2675 = AXIS2_PLACEMENT_3D ( 'NONE', #1879, #2552, #1215 ) ;
#2676 = CARTESIAN_POINT ( 'NONE',  ( -37.71557961680703386, 94.49420112649046644, -6.551120208711997073 ) ) ;
#2677 = CARTESIAN_POINT ( 'NONE',  ( 7.093826636398479657, 93.52348547710079174, 62.15847377906057147 ) ) ;
#2678 = ORIENTED_EDGE ( 'NONE', *, *, #2485, .F. ) ;
#2679 = CARTESIAN_POINT ( 'NONE',  ( 35.57375754960899883, 49.58265735356216908, 52.96425786570538463 ) ) ;
#2680 = CARTESIAN_POINT ( 'NONE',  ( 85.00000000000000000, -6.775122874841904341, 28.23737352016560465 ) ) ;
#2681 = CARTESIAN_POINT ( 'NONE',  ( -19.49296426824707495, 91.83713437258138867, -24.91583083205378557 ) ) ;
#2682 = CARTESIAN_POINT ( 'NONE',  ( 48.67898561401620583, 93.22487712515804503, 15.00000000000000000 ) ) ;
#2683 = CARTESIAN_POINT ( 'NONE',  ( 8.419381296952707316, 148.0519699991102982, 1.702805204688546459 ) ) ;
#2684 = CARTESIAN_POINT ( 'NONE',  ( -2.178383286559435916, 122.4204276487699019, 46.48838061068710914 ) ) ;
#2685 = CARTESIAN_POINT ( 'NONE',  ( -26.33889486444826389, 97.59752084191048027, 47.08463433911057905 ) ) ;
#2686 = DIRECTION ( 'NONE',  ( -0.000000000000000000, -0.000000000000000000, -1.000000000000000000 ) ) ;
#2687 = CARTESIAN_POINT ( 'NONE',  ( 22.50370372422352361, 96.44105594246211410, -20.70308011982934815 ) ) ;
#2688 = CARTESIAN_POINT ( 'NONE',  ( 1.001274068192515188, 93.41631468458460574, -32.54091084343294682 ) ) ;
#2689 = DIRECTION ( 'NONE',  ( -0.000000000000000000, 0.8719497730690998205, 0.4895953362162933087 ) ) ;
#2690 = VERTEX_POINT ( 'NONE', #679 ) ;
#2691 = CARTESIAN_POINT ( 'NONE',  ( 43.19717800152188403, 94.75142402739982117, 1.128194927901841504 ) ) ;
#2692 = CARTESIAN_POINT ( 'NONE',  ( 38.50583288456159181, 92.66132676878164887, -6.850203300767947923 ) ) ;
#2693 = CARTESIAN_POINT ( 'NONE',  ( 18.69745784792829113, -6.775122874841988718, 87.38550834723584160 ) ) ;
#2694 = CARTESIAN_POINT ( 'NONE',  ( 45.65601365308305049, 98.46081815135038084, 15.00000000000000000 ) ) ;
#2695 = CARTESIAN_POINT ( 'NONE',  ( 0.07738274499684898167, 173.2248771251580592, 17.28763720221264322 ) ) ;
#2696 = CARTESIAN_POINT ( 'NONE',  ( 1.112703590581070046, 173.2248771251580592, 17.03028202551825032 ) ) ;
#2697 = CARTESIAN_POINT ( 'NONE',  ( -47.72393217705471358, 94.98414950917495503, 12.92956983835843943 ) ) ;
#2698 = CARTESIAN_POINT ( 'NONE',  ( -47.36652020714945621, 29.15699326910158717, 29.54949257258181206 ) ) ;
#2699 = CARTESIAN_POINT ( 'NONE',  ( 36.15273581954502902, 98.11632176135412919, -5.960073624376930113 ) ) ;
#2700 = CARTESIAN_POINT ( 'NONE',  ( 3.191269658819495092, 93.42856339415173750, -32.31476242947591970 ) ) ;
#2701 = CARTESIAN_POINT ( 'NONE',  ( 28.09645145038219738, 92.18104440673478450, 48.92054465602106461 ) ) ;
#2702 = ORIENTED_EDGE ( 'NONE', *, *, #1125, .T. ) ;
#2703 = CARTESIAN_POINT ( 'NONE',  ( -3.289804248602881120, 93.47444996025598130, 63.12982414907178708 ) ) ;
#2704 = EDGE_CURVE ( 'NONE', #2247, #564, #1385, .T. ) ;
#2705 = CARTESIAN_POINT ( 'NONE',  ( 23.13922837726753201, 93.91085633335666216, -21.27102722251431643 ) ) ;
#2706 = CARTESIAN_POINT ( 'NONE',  ( 7.043444448365502986, 91.49372087416455201, -31.79317014910121486 ) ) ;
#2707 = CARTESIAN_POINT ( 'NONE',  ( 9.040359465222783442, 58.76644778062944141, 71.67696216299053447 ) ) ;
#2708 = CARTESIAN_POINT ( 'NONE',  ( 45.59500600722665808, 98.46081815135038084, 16.91952957911180633 ) ) ;
#2709 = CARTESIAN_POINT ( 'NONE',  ( 6.797724439752616199, 97.06505950796321258, 60.16281848216087980 ) ) ;
#2710 = CARTESIAN_POINT ( 'NONE',  ( -44.65574284576972985, 98.41538145085362999, 21.13276570928879039 ) ) ;
#2711 = CARTESIAN_POINT ( 'NONE',  ( -47.60867869903135130, 94.97905399500154999, 13.31315029432992958 ) ) ;
#2712 = CARTESIAN_POINT ( 'NONE',  ( 22.82151541641554360, 95.17595613790939524, -20.98705361902148070 ) ) ;
#2713 = CARTESIAN_POINT ( 'NONE',  ( -10.87969719929585999, 93.55717484460645039, -29.57376326858411630 ) ) ;
#2714 = CARTESIAN_POINT ( 'NONE',  ( 47.36652020714927147, -0.9166116852264505344, 36.97083442236531425 ) ) ;
#2715 = EDGE_LOOP ( 'NONE', ( #471, #2084, #1031, #667 ) ) ;
#2716 = CARTESIAN_POINT ( 'NONE',  ( -23.62430754089438523, 93.94251625741095779, 52.09750524885453871 ) ) ;
#2717 = VECTOR ( 'NONE', #2853, 1000.000000000000000 ) ;
#2718 = CARTESIAN_POINT ( 'NONE',  ( 85.00000000000000000, -6.775122874841904341, 28.23737352016560465 ) ) ;
#2719 = LINE ( 'NONE', #1121, #376 ) ;
#2720 = CARTESIAN_POINT ( 'NONE',  ( 40.61138128222842170, 59.52528669764114966, 42.12854136912982739 ) ) ;
#2721 = CARTESIAN_POINT ( 'NONE',  ( 46.26483400079698072, 97.30192860395854382, 16.94685786986473275 ) ) ;
#2722 = CARTESIAN_POINT ( 'NONE',  ( 2.000527503756600378, 173.2248771251580024, 16.31050584732449948 ) ) ;
#2723 = CARTESIAN_POINT ( 'NONE',  ( -45.59500600748017973, 98.46081815135043769, 16.91952957113586109 ) ) ;
#2724 = CARTESIAN_POINT ( 'NONE',  ( 34.79783180373471652, 59.32799343544834159, -19.17299375914606685 ) ) ;
#2725 = CARTESIAN_POINT ( 'NONE',  ( -14.77741118007648957, 94.94832606433115529, -26.94660100929361590 ) ) ;
#2726 = CARTESIAN_POINT ( 'NONE',  ( -32.04317063277630950, 94.24922693514828609, -12.93501397930396557 ) ) ;
#2727 = CARTESIAN_POINT ( 'NONE',  ( 33.07901564594847343, 92.40079866324494162, 43.78206323778242393 ) ) ;
#2728 = DIRECTION ( 'NONE',  ( -0.000000000000000000, 0.9980047495993558115, -0.06313889274549382147 ) ) ;
#2729 = ORIENTED_EDGE ( 'NONE', *, *, #1720, .T. ) ;
#2730 = CARTESIAN_POINT ( 'NONE',  ( -43.99863575796405968, 92.96391894555230806, 29.04996074866668465 ) ) ;
#2731 = CARTESIAN_POINT ( 'NONE',  ( 27.24447119481653701, 93.42020887073050517, -17.94188497741387067 ) ) ;
#2732 = CARTESIAN_POINT ( 'NONE',  ( 17.63409403080434856, -6.775122874841899012, -54.66062645678587018 ) ) ;
#2733 = FACE_OUTER_BOUND ( 'NONE', #2715, .T. ) ;
#2734 = CARTESIAN_POINT ( 'NONE',  ( 2.557205039490498599, 147.9507741845490898, -1.864404797984355211 ) ) ;
#2735 = EDGE_CURVE ( 'NONE', #2247, #1893, #164, .T. ) ;
#2736 = DIRECTION ( 'NONE',  ( 1.448333965938051152E-16, 1.000000000000000000, 0.000000000000000000 ) ) ;
#2737 = CARTESIAN_POINT ( 'NONE',  ( -36.67385311089999789, 96.90894821639965073, -6.157088824119010262 ) ) ;
#2738 = CARTESIAN_POINT ( 'NONE',  ( -2.498696058276141052, 173.2248771251580592, 14.86802996273756428 ) ) ;
#2739 = CARTESIAN_POINT ( 'NONE',  ( -3.104600093496797442, 96.05421587345888668, -31.63147012770457778 ) ) ;
#2740 = CARTESIAN_POINT ( 'NONE',  ( 0.6691567052210798394, 122.6472455106277124, -16.91337202544373852 ) ) ;
#2741 = CARTESIAN_POINT ( 'NONE',  ( 47.36652020714923594, 17.02040163951143370, 32.06891734674167793 ) ) ;
#2742 = CARTESIAN_POINT ( 'NONE',  ( -45.43778655319020743, 85.00933975391465935, 2.796145319757071590 ) ) ;
#2743 = EDGE_LOOP ( 'NONE', ( #2026, #2443, #1293, #800 ) ) ;
#2744 = CARTESIAN_POINT ( 'NONE',  ( -47.60462548313660847, 94.98414950917495503, 17.00151470153360478 ) ) ;
#2745 = CARTESIAN_POINT ( 'NONE',  ( 14.98257806548932436, 93.65822669853510263, -27.26357809557447354 ) ) ;
#2746 = CARTESIAN_POINT ( 'NONE',  ( 48.69994868133911581, 59.89154379182479460, 12.18265965280315299 ) ) ;
#2747 = CARTESIAN_POINT ( 'NONE',  ( 37.71557961891255673, 94.49420112649039538, -6.551120216951587416 ) ) ;
#2748 = CARTESIAN_POINT ( 'NONE',  ( -2.477300201347200304, 173.2248771251580592, 15.16027396729338506 ) ) ;
#2749 = CARTESIAN_POINT ( 'NONE',  ( 47.36652020714926437, 29.15699326910146993, 129.9999999999999716 ) ) ;
#2750 = ADVANCED_FACE ( 'NONE', ( #102 ), #2802, .F. ) ;
#2751 = CARTESIAN_POINT ( 'NONE',  ( 0.9935533191739948089, 97.00684373545163908, 61.29213929682967432 ) ) ;
#2752 = CARTESIAN_POINT ( 'NONE',  ( 22.14762660876062483, 58.96638195677360983, -32.43094529838794671 ) ) ;
#2753 = CARTESIAN_POINT ( 'NONE',  ( -31.46546204887162190, 96.60981363853052528, 42.61049432734240838 ) ) ;
#2754 = B_SPLINE_CURVE_WITH_KNOTS ( 'NONE', 3,
 ( #1144, #2909, #2259, #1172, #469, #925, #1796, #665, #1347, #2895, #1602, #2273, #2700, #2688, #222, #2466, #899, #2713, #1574, #707, #2245, #885, #2726, #2676, #1131, #250, #2024, #1835 ),
 .UNSPECIFIED., .F., .F.,
 ( 4, 1, 1, 1, 1, 1, 1, 1, 1, 1, 1, 1, 2, 1, 1, 1, 1, 1, 1, 1, 1, 1, 1, 1, 4 ),
 ( 0.000000000000000000, 0.03177888931474737860, 0.06355777862949475721, 0.09533666794424214275, 0.1271155572589895144, 0.1430050019163632002, 0.1588944465737368861, 0.1747838912311105719, 0.1906733358884842855, 0.2065627805458579436, 0.2224522252032316294, 0.2383416698606053152, 0.2542311145179790288, 0.2701205591753526591, 0.2860100038327263450, 0.3018994484901000308, 0.3177888931474737166, 0.3336783378048474025, 0.3495677824622210883, 0.3654572271195947741, 0.3813466717769684600, 0.4131255610917158316, 0.4449044504064632033, 0.4766833397212105750, 0.4999999999999696354 ),
 .UNSPECIFIED. ) ;
#2755 = CARTESIAN_POINT ( 'NONE',  ( -0.2591394661990031878, 173.2248771251580592, 12.29672275720911401 ) ) ;
#2756 = DIRECTION ( 'NONE',  ( 0.000000000000000000, 0.000000000000000000, 1.000000000000000000 ) ) ;
#2757 = CARTESIAN_POINT ( 'NONE',  ( 48.60959590035353983, 60.82173460169202173, 17.14970874408302137 ) ) ;
#2758 = ORIENTED_EDGE ( 'NONE', *, *, #1932, .T. ) ;
#2759 = CARTESIAN_POINT ( 'NONE',  ( -19.70052687037172134, 93.16616553044644888, 55.54746142446543189 ) ) ;
#2760 = CARTESIAN_POINT ( 'NONE',  ( -18.53517579996171705, 58.90036053069032818, 67.21832350718744920 ) ) ;
#2761 = CARTESIAN_POINT ( 'NONE',  ( -47.94363640343822652, 94.39772538116935152, 17.01534350743186508 ) ) ;
#2762 = AXIS2_PLACEMENT_3D ( 'NONE', #2901, #1788, #1017 ) ;
#2763 = VECTOR ( 'NONE', #1802, 1000.000000000000000 ) ;
#2764 = CARTESIAN_POINT ( 'NONE',  ( 22.14762660876062483, 58.96638195677360983, -32.43094529838794671 ) ) ;
#2765 = DIRECTION ( 'NONE',  ( -0.000000000000000000, 0.000000000000000000, -1.000000000000000000 ) ) ;
#2766 = CARTESIAN_POINT ( 'NONE',  ( -0.7693269008602224845, 173.2248771251581161, 12.40419577262239770 ) ) ;
#2767 = CARTESIAN_POINT ( 'NONE',  ( -25.94004556411432816, 97.80627501035766613, -17.01503975982558714 ) ) ;
#2768 = CARTESIAN_POINT ( 'NONE',  ( -19.28533932940432294, 94.98947366981261098, 54.81551577033365419 ) ) ;
#2769 = CARTESIAN_POINT ( 'NONE',  ( -42.55096293693276266, -6.775122874841908782, -21.55719659310706859 ) ) ;
#2770 = CARTESIAN_POINT ( 'NONE',  ( -42.59822854863286778, 95.93334347363395409, 1.271244812621079578 ) ) ;
#2771 = CARTESIAN_POINT ( 'NONE',  ( -14.36692082808725068, 97.52852479592321799, -26.31264707227688859 ) ) ;
#2772 = CARTESIAN_POINT ( 'NONE',  ( -47.36652019479965503, -6.775122874841940757, 39.01074961363077875 ) ) ;
#2773 = CARTESIAN_POINT ( 'NONE',  ( 45.65601365308305049, 98.46081815135038084, 15.00000000000000000 ) ) ;
#2774 = ORIENTED_EDGE ( 'NONE', *, *, #998, .T. ) ;
#2775 = CARTESIAN_POINT ( 'NONE',  ( 46.96454953644026631, 94.34771279839881686, 21.43574541409830658 ) ) ;
#2776 = EDGE_CURVE ( 'NONE', #1605, #1456, #269, .T. ) ;
#2777 = CARTESIAN_POINT ( 'NONE',  ( 12.65950179451072444, -6.775122874841963849, 89.61927142871756757 ) ) ;
#2778 = CARTESIAN_POINT ( 'NONE',  ( -38.24245849071022008, 93.27228488801797823, -6.750508987208798217 ) ) ;
#2779 = EDGE_LOOP ( 'NONE', ( #2113, #2141, #2117, #167 ) ) ;
#2780 = CARTESIAN_POINT ( 'NONE',  ( 12.02966514276449495, -6.775122874841924769, -56.99904493567571961 ) ) ;
#2781 = DIRECTION ( 'NONE',  ( -0.000000000000000000, -0.8599768852722459167, 0.5103329861937656586 ) ) ;
#2782 = CARTESIAN_POINT ( 'NONE',  ( -2.390217009709783014, 173.2248771251580024, 13.99553625521992473 ) ) ;
#2783 = CARTESIAN_POINT ( 'NONE',  ( -7.093826643130277887, 93.52348547710079174, 62.15847377947299890 ) ) ;
#2784 = CARTESIAN_POINT ( 'NONE',  ( 24.75574753775132564, 26.09562954096584164, -39.94450053134466572 ) ) ;
#2785 = CARTESIAN_POINT ( 'NONE',  ( -45.71912189278281602, 98.46081815135043769, 13.01437785233482458 ) ) ;
#2786 = CARTESIAN_POINT ( 'NONE',  ( 15.32539530073903933, 122.8790628730625230, -9.357403298981420647 ) ) ;
#2787 = CARTESIAN_POINT ( 'NONE',  ( -10.64190985011514812, -6.775122874841930098, 89.96126503704024913 ) ) ;
#2788 = LINE ( 'NONE', #2582, #423 ) ;
#2789 = ORIENTED_EDGE ( 'NONE', *, *, #1413, .T. ) ;
#2790 = CARTESIAN_POINT ( 'NONE',  ( 43.07233969246074423, 94.75828894673820457, 28.83084568083995336 ) ) ;
#2791 = CARTESIAN_POINT ( 'NONE',  ( -35.70004197317850725, 59.34215815054929521, 49.96744487861358408 ) ) ;
#2792 = CARTESIAN_POINT ( 'NONE',  ( -3.235121950843347083, 92.09992429382604939, -32.66052367481456287 ) ) ;
#2793 = EDGE_CURVE ( 'NONE', #816, #267, #446, .T. ) ;
#2794 = B_SPLINE_CURVE_WITH_KNOTS ( 'NONE', 3,
 ( #833, #878, #2386, #361, #1255, #2167, #2152, #2402, #392, #142, #2196, #1037, #1527, #1958, #2828, #157, #821, #1051, #1731, #2181, #2622, #172, #1065, #2638, #849, #1748, #629, #2418, #406, #187 ),
 .UNSPECIFIED., .F., .F.,
 ( 4, 2, 1, 1, 1, 1, 1, 1, 1, 1, 1, 1, 1, 2, 1, 1, 1, 1, 1, 1, 1, 1, 1, 1, 1, 4 ),
 ( 0.4999999999999696354, 0.5084622290359579466, 0.5391833397212106860, 0.5699044504064634253, 0.6006255610917159427, 0.6313466717769686820, 0.6467072271195950517, 0.6620677824622214214, 0.6774283378048476800, 0.6927888931474739387, 0.7081494484901004194, 0.7235100038327266780, 0.7388705591753531587, 0.7542311145179794174, 0.7695916698606057871, 0.7849522252032319347, 0.8003127805458581934, 0.8156733358884844520, 0.8310338912311109327, 0.8463944465737371914, 0.8617550019163633390, 0.8771155572589897087, 0.9078366679442422260, 0.9385577786294949654, 0.9692788893147475937, 1.000000000000000000 ),
 .UNSPECIFIED. ) ;
#2795 = CARTESIAN_POINT ( 'NONE',  ( 26.24272464078533673, 59.06852545886678740, -28.77540506582770874 ) ) ;
#2796 = CARTESIAN_POINT ( 'NONE',  ( 44.10610829458226334, 92.95719070587931299, 0.9110357201499929003 ) ) ;
#2797 = CARTESIAN_POINT ( 'NONE',  ( 0.08624187094310728496, 173.2248771251580592, 12.28763720214470467 ) ) ;
#2798 = CARTESIAN_POINT ( 'NONE',  ( -6.896411240872386550, 95.88453483100909125, 60.82803688826953703 ) ) ;
#2799 = CARTESIAN_POINT ( 'NONE',  ( -8.714428261612539472, 58.73743962449572820, -40.19551907961567849 ) ) ;
#2800 = CARTESIAN_POINT ( 'NONE',  ( -25.94004556411432816, 97.80627501035766613, -17.01503975982558714 ) ) ;
#2801 = CARTESIAN_POINT ( 'NONE',  ( 0.5166699113335890825, 173.2248771251581161, 12.33721934365905248 ) ) ;
#2802 = PLANE ( 'NONE',  #848 ) ;
#2803 = CARTESIAN_POINT ( 'NONE',  ( -42.33076416382126439, 28.53611136986937069, -13.26554189619247381 ) ) ;
#2804 = ORIENTED_EDGE ( 'NONE', *, *, #100, .T. ) ;
#2805 = FACE_OUTER_BOUND ( 'NONE', #2818, .T. ) ;
#2806 = CARTESIAN_POINT ( 'NONE',  ( -24.28687788734203323, -6.775122874841950527, 84.16110200093245908 ) ) ;
#2807 = CARTESIAN_POINT ( 'NONE',  ( -6.995850765613917943, 92.15551035648169886, -31.62248092681369727 ) ) ;
#2808 = CARTESIAN_POINT ( 'NONE',  ( -27.62072833872238675, 92.15413144804307422, -18.20942723026922394 ) ) ;
#2809 = CARTESIAN_POINT ( 'NONE',  ( -38.24245849071022008, 93.27228488801797823, -6.750508987208798217 ) ) ;
#2810 = CARTESIAN_POINT ( 'NONE',  ( -1.247790481655654427, 173.2248771251581445, 12.61603451272965870 ) ) ;
#2811 = PRESENTATION_LAYER_ASSIGNMENT (  '', '', ( #699 ) ) ;
#2812 = CARTESIAN_POINT ( 'NONE',  ( 11.01925165320745847, 94.77866984279157236, 59.87310700452790968 ) ) ;
#2813 = CARTESIAN_POINT ( 'NONE',  ( -23.62134934846716661, 91.99034962572119412, -21.70211819179634105 ) ) ;
#2814 = CARTESIAN_POINT ( 'NONE',  ( -31.92393030580187840, 95.44035963316321158, 43.00778374492662692 ) ) ;
#2815 = CARTESIAN_POINT ( 'NONE',  ( -30.52482798139767439, 123.3518800089552485, 19.24393687124504027 ) ) ;
#2816 = CARTESIAN_POINT ( 'NONE',  ( 43.40389953952827540, 18.48150256975906203, -12.62943583869835784 ) ) ;
#2817 = DIRECTION ( 'NONE',  ( -0.000000000000000000, -0.9937289486199696320, 0.1118158158520063949 ) ) ;
#2818 = EDGE_LOOP ( 'NONE', ( #1221, #927, #1484, #2261 ) ) ;
#2819 = CARTESIAN_POINT ( 'NONE',  ( 15.70610016968947420, 91.73810223345648751, 58.74488181018718080 ) ) ;
#2820 = CARTESIAN_POINT ( 'NONE',  ( 2.118956570526231431, -6.775122874841970955, 91.11738157801119087 ) ) ;
#2821 = CARTESIAN_POINT ( 'NONE',  ( -3.191269656608285210, 93.42856339415172329, -32.31476242938415311 ) ) ;
#2822 = ORIENTED_EDGE ( 'NONE', *, *, #1267, .F. ) ;
#2823 = B_SPLINE_SURFACE_WITH_KNOTS ( 'NONE', 3, 3, ( 
 ( #2694, #30, #1137, #462 ),
 ( #1625, #2062, #2461, #2473 ),
 ( #1790, #698, #244, #491 ),
 ( #2266, #450, #476, #1342 ),
 ( #1596, #2004, #2252, #1384 ),
 ( #948, #1357, #2032, #18 ),
 ( #1370, #1815, #2281, #229 ),
 ( #920, #2903, #2683, #273 ),
 ( #1165, #2488, #2240, #257 ),
 ( #1151, #2046, #1329, #933 ),
 ( #1844, #1829, #4, #714 ),
 ( #906, #1610, #2734, #728 ),
 ( #2516, #2227, #672, #1698 ),
 ( #2326, #804, #1224, #2797 ),
 ( #989, #2356, #1418, #2134 ),
 ( #506, #318, #1915, #521 ),
 ( #1447, #2339, #974, #1857 ),
 ( #1401, #2310, #1640, #2766 ),
 ( #2090, #333, #1463, #758 ),
 ( #2532, #1871, #788, #2810 ),
 ( #76, #2120, #2546, #302 ),
 ( #1208, #1886, #773, #567 ),
 ( #1195, #1654, #741, #537 ),
 ( #1668, #111, #1900, #1433 ),
 ( #1019, #2105, #96, #2782 ),
 ( #2561, #551, #2295, #1004 ),
 ( #1682, #1181, #2574, #288 ),
 ( #345, #1239, #124, #2748 ),
 ( #2076, #63, #961, #1095 ),
 ( #1987, #1540, #2195, #1716 ),
 ( #2827, #405, #2651, #155 ),
 ( #820, #876, #1761, #2605 ),
 ( #613, #2401, #2886, #1297 ),
 ( #2637, #171, #2431, #1494 ),
 ( #1270, #2591, #1747, #582 ),
 ( #1931, #628, #1525, #2416 ),
 ( #186, #1478, #1080, #1974 ),
 ( #421, #2371, #2872, #642 ),
 ( #861, #1313, #2211, #201 ),
 ( #140, #360, #2151, #1036 ),
 ( #2230, #1583, #2255, #2034 ),
 ( #231, #1372, #1127, #2504 ),
 ( #2019, #701, #2268, #259 ),
 ( #246, #275, #6, #2475 ),
 ( #1598, #908, #1139, #49 ),
 ( #2490, #1804, #2450, #2696 ),
 ( #479, #1153, #464, #1359 ),
 ( #2048, #32, #935, #1831 ),
 ( #716, #1613, #493, #660 ),
 ( #1387, #1778, #1167, #2064 ),
 ( #2671, #1559, #1331, #1016 ),
 ( #1912, #1475, #1251, #2148 ),
 ( #1491, #1713, #595, #2383 ),
 ( #373, #38, #1394, #2070 ) ),
 .UNSPECIFIED., .T., .F., .F.,
 ( 4, 1, 1, 1, 1, 1, 1, 1, 1, 1, 1, 1, 2, 1, 1, 1, 1, 1, 1, 1, 1, 1, 1, 1, 2, 1, 1, 1, 1, 1, 1, 1, 1, 1, 1, 1, 2, 1, 1, 1, 1, 1, 1, 1, 1, 1, 1, 1, 4 ),
 ( 4, 4 ),
 ( 0.000000000000000000, 0.03177888931474737860, 0.06355777862949475721, 0.09533666794424214275, 0.1271155572589895144, 0.1430050019163632002, 0.1588944465737368861, 0.1747838912311105719, 0.1906733358884842855, 0.2065627805458579436, 0.2224522252032316294, 0.2383416698606053152, 0.2542311145179790288, 0.2701205591753526591, 0.2860100038327263450, 0.3018994484901000308, 0.3177888931474737166, 0.3336783378048474025, 0.3495677824622210883, 0.3654572271195947741, 0.3813466717769684600, 0.4131255610917158316, 0.4449044504064632033, 0.4766833397212105750, 0.5084622290359579466, 0.5391833397212106860, 0.5699044504064634253, 0.6006255610917159427, 0.6313466717769686820, 0.6467072271195950517, 0.6620677824622214214, 0.6774283378048476800, 0.6927888931474739387, 0.7081494484901004194, 0.7235100038327266780, 0.7388705591753531587, 0.7542311145179794174, 0.7695916698606057871, 0.7849522252032319347, 0.8003127805458581934, 0.8156733358884844520, 0.8310338912311109327, 0.8463944465737371914, 0.8617550019163633390, 0.8771155572589897087, 0.9078366679442422260, 0.9385577786294949654, 0.9692788893147475937, 1.000000000000000000 ),
 ( 0.5512429834264328532, 1.000000000000000000 ),
 .UNSPECIFIED. ) ;
#2824 = CARTESIAN_POINT ( 'NONE',  ( -40.63396799153050409, -6.775122874841910559, -30.97169441108666987 ) ) ;
#2825 = CARTESIAN_POINT ( 'NONE',  ( -1.359457024805684533, 58.68930303155525507, -41.58829495238411056 ) ) ;
#2826 = CARTESIAN_POINT ( 'NONE',  ( 1.008132349994324661, 92.75138178464099781, -32.71414496483031087 ) ) ;
#2827 = CARTESIAN_POINT ( 'NONE',  ( -36.23002982914305647, 98.00645114638204802, 35.83925667971033135 ) ) ;
#2828 = CARTESIAN_POINT ( 'NONE',  ( -3.289804248602881120, 93.47444996025598130, 63.12982414907178708 ) ) ;
#2829 = EDGE_CURVE ( 'NONE', #843, #2553, #238, .T. ) ;
#2830 = CARTESIAN_POINT ( 'NONE',  ( -40.61138128896030253, 59.52528669764112124, 42.12854138429245410 ) ) ;
#2831 = CARTESIAN_POINT ( 'NONE',  ( 43.07233969246074423, 94.75828894673820457, 28.83084568083995336 ) ) ;
#2832 = CARTESIAN_POINT ( 'NONE',  ( -24.74469953363039210, 123.0792598059741323, 29.32558911150873371 ) ) ;
#2833 = CARTESIAN_POINT ( 'NONE',  ( -1.001274068192453237, 93.41631468458460574, -32.54091084343294682 ) ) ;
#2834 = CARTESIAN_POINT ( 'NONE',  ( 29.00421502863205703, 60.96143878237828062, 129.9999999999999716 ) ) ;
#2835 = CARTESIAN_POINT ( 'NONE',  ( 7.243708791314563911, 91.53723310836518579, 62.70524060942725697 ) ) ;
#2836 = CARTESIAN_POINT ( 'NONE',  ( 18.53517578854512138, 58.90036053069032818, 67.21832350494980801 ) ) ;
#2837 = CARTESIAN_POINT ( 'NONE',  ( 7.243708791314563911, 91.53723310836518579, 62.70524060942725697 ) ) ;
#2838 = ORIENTED_EDGE ( 'NONE', *, *, #60, .F. ) ;
#2839 = CARTESIAN_POINT ( 'NONE',  ( -48.66205611071290349, 66.84228074382943419, 13.57695772733722350 ) ) ;
#2840 = CARTESIAN_POINT ( 'NONE',  ( -47.94176548107376590, 26.53942544661218506, 4.400427169435678465 ) ) ;
#2841 = CARTESIAN_POINT ( 'NONE',  ( -11.10539077410706987, 91.58353671221203740, -30.07329771480543457 ) ) ;
#2842 = CARTESIAN_POINT ( 'NONE',  ( 85.00000000000000000, 53.58211531516425197, -14.85008040409040220 ) ) ;
#2843 = CARTESIAN_POINT ( 'NONE',  ( -38.65270572357032108, 92.67549148388266644, 37.05712635582894166 ) ) ;
#2844 = CARTESIAN_POINT ( 'NONE',  ( 19.00974556830847106, 96.16570653571420735, 54.24734052449883137 ) ) ;
#2845 = EDGE_CURVE ( 'NONE', #770, #2131, #1454, .T. ) ;
#2846 = CARTESIAN_POINT ( 'NONE',  ( -6.953091174668470487, 147.9305645506439078, 29.24405088962485877 ) ) ;
#2847 = CARTESIAN_POINT ( 'NONE',  ( 41.99911412130327903, 97.11526291986805859, 1.414294505587525341 ) ) ;
#2848 = CARTESIAN_POINT ( 'NONE',  ( -48.69476706678972988, 93.22487712515807345, 14.43724876186331052 ) ) ;
#2849 = CARTESIAN_POINT ( 'NONE',  ( 85.00000000000000000, -6.775122874841904341, -11.03157233584434849 ) ) ;
#2850 = CARTESIAN_POINT ( 'NONE',  ( 33.07901564594847343, 92.40079866324494162, 43.78206323778242393 ) ) ;
#2851 = CARTESIAN_POINT ( 'NONE',  ( -38.65270572357032108, 92.67549148388266644, 37.05712635582894166 ) ) ;
#2852 = ORIENTED_EDGE ( 'NONE', *, *, #2829, .T. ) ;
#2853 = DIRECTION ( 'NONE',  ( 5.407113472835363884E-15, -1.000000000000000000, -0.000000000000000000 ) ) ;
#2854 = CARTESIAN_POINT ( 'NONE',  ( -20.30204690407148149, 26.04984107451028308, -43.53484016694540060 ) ) ;
#2855 = CARTESIAN_POINT ( 'NONE',  ( -38.50583288244887825, 92.66132676878173413, -6.850203292341904060 ) ) ;
#2856 = CARTESIAN_POINT ( 'NONE',  ( 85.00000000000000000, 85.00933975391465935, 2.796145319757071590 ) ) ;
#2857 = AXIS2_PLACEMENT_3D ( 'NONE', #2718, #902, #1622 ) ;
#2858 = CARTESIAN_POINT ( 'NONE',  ( -7.243708798194428589, 91.53723310836518579, 62.70524060984886461 ) ) ;
#2859 = CARTESIAN_POINT ( 'NONE',  ( -6.797724446191386605, 97.06505950796321258, 60.16281848255517417 ) ) ;
#2860 = AXIS2_PLACEMENT_3D ( 'NONE', #1878, #2551, #83 ) ;
#2861 = CARTESIAN_POINT ( 'NONE',  ( -1.468016079320681788, 173.2248771251581445, 12.75861535141146419 ) ) ;
#2862 = CARTESIAN_POINT ( 'NONE',  ( 0.9877207529150299203, 94.73035302417726200, -32.19856610870694880 ) ) ;
#2863 = CARTESIAN_POINT ( 'NONE',  ( 3.358713098752700521, 91.48057771410864802, 63.68214539436920063 ) ) ;
#2864 = CARTESIAN_POINT ( 'NONE',  ( 29.00421502863205703, 60.96143878237828062, 129.9999999999999716 ) ) ;
#2865 = CARTESIAN_POINT ( 'NONE',  ( 15.70610016968947420, 91.73810223345648751, 58.74488181018718080 ) ) ;
#2866 = CARTESIAN_POINT ( 'NONE',  ( -3.335742770925200329, 92.14520179615776385, 63.49803831361428053 ) ) ;
#2867 = ORIENTED_EDGE ( 'NONE', *, *, #2015, .F. ) ;
#2868 = ADVANCED_FACE ( 'NONE', ( #1659 ), #573, .F. ) ;
#2869 = FACE_OUTER_BOUND ( 'NONE', #812, .T. ) ;
#2870 = CARTESIAN_POINT ( 'NONE',  ( -30.07167495541297697, 59.17771334041477616, -24.79401237928546209 ) ) ;
#2871 = CARTESIAN_POINT ( 'NONE',  ( -23.29996064632069874, 93.27068743081160562, -21.41472423719626406 ) ) ;
#2872 = CARTESIAN_POINT ( 'NONE',  ( -2.566486137612631779, 147.8382712527597960, 31.55272069140512770 ) ) ;
#2873 = CARTESIAN_POINT ( 'NONE',  ( -29.00421502863210321, 60.96143878237833746, 57.57638867453991338 ) ) ;
#2874 = CARTESIAN_POINT ( 'NONE',  ( -43.99863575796405968, 92.96391894555230806, 29.04996074866668465 ) ) ;
#2875 = CARTESIAN_POINT ( 'NONE',  ( 31.46546204248122791, 96.60981363853051107, 42.61049432308944773 ) ) ;
#2876 = CARTESIAN_POINT ( 'NONE',  ( -2.477300201347200304, 173.2248771251580592, 15.16027396729338506 ) ) ;
#2877 = CARTESIAN_POINT ( 'NONE',  ( 45.55231955393436749, 97.26263056520268435, 8.629419658232755808 ) ) ;
#2878 = CARTESIAN_POINT ( 'NONE',  ( 33.07901564594847343, 92.40079866324494162, 43.78206323778242393 ) ) ;
#2879 = PLANE ( 'NONE',  #1965 ) ;
#2880 = CARTESIAN_POINT ( 'NONE',  ( 48.67898561401619872, 59.89154379182479460, 15.00000000000000000 ) ) ;
#2881 = CARTESIAN_POINT ( 'NONE',  ( -19.70052687037172134, 93.16616553044644888, 55.54746142446543189 ) ) ;
#2882 = ORIENTED_EDGE ( 'NONE', *, *, #608, .F. ) ;
#2883 = CARTESIAN_POINT ( 'NONE',  ( -41.24287712679844731, 98.24499382399048386, 28.25632527590775211 ) ) ;
#2884 = EDGE_CURVE ( 'NONE', #1551, #1160, #1673, .T. ) ;
#2885 = CARTESIAN_POINT ( 'NONE',  ( 38.57686617524583284, 53.58211531516425197, -14.85008040409040220 ) ) ;
#2886 = CARTESIAN_POINT ( 'NONE',  ( -9.727791695393717575, 148.0157583640754524, 26.88392696952518790 ) ) ;
#2887 = APPLICATION_CONTEXT ( 'automotive_design' ) ;
#2888 = CARTESIAN_POINT ( 'NONE',  ( -38.57686616736384622, 53.58211531516425197, -14.85008040409040220 ) ) ;
#2889 = CARTESIAN_POINT ( 'NONE',  ( 1.765209495292142883, 25.97219910779759644, 82.04208983119009702 ) ) ;
#2890 = CARTESIAN_POINT ( 'NONE',  ( 36.76596135025664580, 96.84051862700651725, 36.14217738939980507 ) ) ;
#2891 = CARTESIAN_POINT ( 'NONE',  ( 28.17099812448057961, 123.2382882577129379, 24.13855326831737713 ) ) ;
#2892 = CARTESIAN_POINT ( 'NONE',  ( 0.9741674376375446531, 96.04439136376990405, -31.85622137398095433 ) ) ;
#2893 = CARTESIAN_POINT ( 'NONE',  ( -3.358713116226800466, 91.48057771410864802, 63.68214539448355538 ) ) ;
#2894 = DIRECTION ( 'NONE',  ( -3.138056926199100246E-15, 1.000000000000000000, -0.000000000000000000 ) ) ;
#2895 = CARTESIAN_POINT ( 'NONE',  ( 14.98257806548932436, 93.65822669853510263, -27.26357809557447354 ) ) ;
#2896 = CARTESIAN_POINT ( 'NONE',  ( 7.143783786056674856, 92.86140135418891361, 62.34072939303135996 ) ) ;
#2897 = ORIENTED_EDGE ( 'NONE', *, *, #2307, .F. ) ;
#2898 = B_SPLINE_SURFACE_WITH_KNOTS ( 'NONE', 3, 3, ( 
 ( #1587, #2479, #1363, #1376 ),
 ( #483, #264, #36, #720 ),
 ( #279, #498, #1392, #1563 ),
 ( #2455, #442, #1336, #336 ),
 ( #101, #1890, #1849, #1229 ),
 ( #2300, #1904, #2361, #1200 ),
 ( #53, #1453, #349, #2096 ),
 ( #2068, #2786, #2345, #2110 ),
 ( #1008, #68, #792, #1862 ),
 ( #1877, #572, #2081, #1408 ),
 ( #993, #2536, #511, #1672 ),
 ( #1687, #777, #2565, #2801 ),
 ( #2124, #115, #2580, #1467 ),
 ( #953, #2740, #733, #555 ),
 ( #1631, #966, #2522, #82 ),
 ( #293, #323, #526, #2755 ),
 ( #747, #1185, #307, #1423 ),
 ( #1645, #2315, #980, #541 ),
 ( #2771, #762, #1658, #1214 ),
 ( #1437, #2550, #2330, #1287 ),
 ( #1920, #2609, #1243, #2861 ),
 ( #1086, #1545, #381, #1721 ),
 ( #632, #1961, #2435, #837 ),
 ( #1978, #2138, #1040, #1515 ),
 ( #2199, #160, #129, #646 ),
 ( #2656, #2156, #145, #1734 ),
 ( #852, #1023, #1274, #2626 ),
 ( #617, #1482, #2171, #2876 ),
 ( #2405, #2815, #1751, #809 ),
 ( #1936, #1499, #1703, #2641 ),
 ( #1258, #2832, #601, #865 ),
 ( #409, #2595, #2421, #2390 ),
 ( #1530, #587, #824, #2375 ),
 ( #395, #1055, #2185, #191 ),
 ( #364, #1948, #2846, #1301 ),
 ( #1765, #175, #1068, #921 ),
 ( #31, #451, #2033, #463 ),
 ( #1791, #1330, #19, #2228 ),
 ( #1570, #2684, #1582, #1816 ),
 ( #673, #1803, #934, #2005 ),
 ( #230, #2474, #1558, #2695 ),
 ( #1358, #218, #1099, #2462 ),
 ( #2709, #700, #1126, #1111 ),
 ( #2904, #2670, #2254, #2449 ),
 ( #438, #659, #685, #2215 ),
 ( #1597, #1612, #1830, #1343 ),
 ( #2241, #2489, #245, #907 ),
 ( #895, #1138, #5, #1992 ),
 ( #478, #2018, #1371, #2267 ),
 ( #258, #1152, #2047, #2722 ),
 ( #715, #2891, #426, #1317 ),
 ( #206, #881, #1777, #2602 ),
 ( #1641, #2077, #2533, #1712 ),
 ( #817, #522, #729, #1419 ) ),
 .UNSPECIFIED., .T., .F., .F.,
 ( 4, 1, 1, 1, 1, 1, 1, 1, 1, 1, 1, 1, 2, 1, 1, 1, 1, 1, 1, 1, 1, 1, 1, 1, 2, 1, 1, 1, 1, 1, 1, 1, 1, 1, 1, 1, 2, 1, 1, 1, 1, 1, 1, 1, 1, 1, 1, 1, 4 ),
 ( 4, 4 ),
 ( 0.000000000000000000, 0.03177888931474737860, 0.06355777862949475721, 0.09533666794424214275, 0.1271155572589895144, 0.1430050019163632002, 0.1588944465737368861, 0.1747838912311105719, 0.1906733358884842855, 0.2065627805458579436, 0.2224522252032316294, 0.2383416698606053152, 0.2542311145179790288, 0.2701205591753526591, 0.2860100038327263450, 0.3018994484901000308, 0.3177888931474737166, 0.3336783378048474025, 0.3495677824622210883, 0.3654572271195947741, 0.3813466717769684600, 0.4131255610917158316, 0.4449044504064632033, 0.4766833397212105750, 0.5084622290359579466, 0.5391833397212106860, 0.5699044504064634253, 0.6006255610917159427, 0.6313466717769686820, 0.6467072271195950517, 0.6620677824622214214, 0.6774283378048476800, 0.6927888931474739387, 0.7081494484901004194, 0.7235100038327266780, 0.7388705591753531587, 0.7542311145179794174, 0.7695916698606057871, 0.7849522252032319347, 0.8003127805458581934, 0.8156733358884844520, 0.8310338912311109327, 0.8463944465737371914, 0.8617550019163633390, 0.8771155572589897087, 0.9078366679442422260, 0.9385577786294949654, 0.9692788893147475937, 1.000000000000000000 ),
 ( 0.5512429834264328532, 1.000000000000000000 ),
 .UNSPECIFIED. ) ;
#2899 = CARTESIAN_POINT ( 'NONE',  ( 48.34041348585286357, 93.81130125316367696, 15.00000000000000000 ) ) ;
#2900 = DIRECTION ( 'NONE',  ( 0.000000000000000000, 0.000000000000000000, -1.000000000000000000 ) ) ;
#2901 = CARTESIAN_POINT ( 'NONE',  ( 0.000000000000000000, 0.000000000000000000, 129.9999999999999716 ) ) ;
#2902 = CARTESIAN_POINT ( 'NONE',  ( 24.28687788921451585, -6.775122874841958520, 84.16110200122116680 ) ) ;
#2903 = CARTESIAN_POINT ( 'NONE',  ( 15.32539530073903933, 122.8790628730625230, -9.357403298981420647 ) ) ;
#2904 = CARTESIAN_POINT ( 'NONE',  ( 10.70654668389740038, 97.13747424938004826, 58.58976068607675813 ) ) ;
#2905 = CARTESIAN_POINT ( 'NONE',  ( -27.11661245625745309, 95.25297845358893767, 48.02412069314073051 ) ) ;
#2906 = CARTESIAN_POINT ( 'NONE',  ( 47.94176548117066972, 26.53942544661218861, 4.400427146903562736 ) ) ;
#2907 = FACE_OUTER_BOUND ( 'NONE', #2779, .T. ) ;
#2908 = VECTOR ( 'NONE', #2030, 1000.000000000000000 ) ;
#2909 = CARTESIAN_POINT ( 'NONE',  ( 47.72393217730769521, 94.98414950917492661, 12.92956982972349955 ) ) ;
#2910 = CARTESIAN_POINT ( 'NONE',  ( 47.60462548289201834, 94.98414950917492661, 17.00151470988109992 ) ) ;
#2911 = ORIENTED_EDGE ( 'NONE', *, *, #2360, .F. ) ;
ENDSEC;
END-ISO-10303-21;
